Attrition_Flag,Gender,Education_Level,Marital_Status,Card_Category
Existing Customer,M,High School,Married,Blue
Existing Customer,F,Graduate,Single,Blue
Existing Customer,M,Graduate,Married,Blue
Existing Customer,F,High School,Unknown,Blue
Existing Customer,M,Uneducated,Married,Blue
Existing Customer,M,Graduate,Married,Blue
Existing Customer,M,Unknown,Married,Gold
Existing Customer,M,High School,Unknown,Silver
Existing Customer,M,Uneducated,Single,Blue
Existing Customer,M,Graduate,Single,Blue
Existing Customer,M,Uneducated,Unknown,Blue
Existing Customer,M,Unknown,Married,Blue
Existing Customer,M,College,Single,Blue
Existing Customer,M,Graduate,Unknown,Blue
Existing Customer,F,Graduate,Married,Blue
Existing Customer,M,Unknown,Unknown,Blue
Existing Customer,M,Post-Graduate,Single,Blue
Existing Customer,M,Unknown,Married,Blue
Existing Customer,M,High School,Married,Blue
Existing Customer,F,Graduate,Married,Blue
Existing Customer,M,Doctorate,Divorced,Blue
Attrited Customer,F,Graduate,Married,Blue
Existing Customer,M,High School,Married,Blue
Existing Customer,F,Unknown,Single,Blue
Existing Customer,M,Unknown,Married,Blue
Existing Customer,F,Graduate,Single,Blue
Existing Customer,M,High School,Unknown,Blue
Existing Customer,M,Unknown,Married,Blue
Existing Customer,F,Uneducated,Single,Blue
Existing Customer,M,High School,Married,Blue
Existing Customer,M,Unknown,Married,Blue
Existing Customer,M,Uneducated,Married,Blue
Existing Customer,M,Graduate,Married,Blue
Existing Customer,F,College,Married,Blue
Existing Customer,M,Graduate,Married,Blue
Existing Customer,F,College,Single,Blue
Existing Customer,F,Graduate,Married,Blue
Existing Customer,F,High School,Married,Gold
Existing Customer,F,Graduate,Unknown,Blue
Attrited Customer,F,Doctorate,Married,Blue
Existing Customer,M,Graduate,Single,Blue
Existing Customer,M,Unknown,Married,Blue
Existing Customer,F,College,Single,Silver
Existing Customer,M,High School,Married,Blue
Existing Customer,F,Graduate,Single,Blue
Existing Customer,M,Uneducated,Single,Blue
Existing Customer,M,Doctorate,Married,Blue
Existing Customer,M,Doctorate,Married,Blue
Existing Customer,M,High School,Married,Blue
Existing Customer,M,College,Single,Blue
Existing Customer,F,Unknown,Married,Blue
Attrited Customer,F,Graduate,Married,Blue
Existing Customer,F,High School,Married,Blue
Existing Customer,M,Unknown,Married,Blue
Attrited Customer,M,Graduate,Married,Blue
Existing Customer,F,Graduate,Unknown,Blue
Existing Customer,F,Graduate,Single,Blue
Existing Customer,M,Uneducated,Married,Blue
Existing Customer,F,Graduate,Married,Blue
Existing Customer,M,High School,Single,Blue
Existing Customer,M,Unknown,Married,Blue
Attrited Customer,M,Graduate,Married,Silver
Existing Customer,M,High School,Divorced,Blue
Existing Customer,M,Post-Graduate,Single,Blue
Existing Customer,M,High School,Single,Blue
Existing Customer,M,Uneducated,Single,Silver
Existing Customer,M,College,Married,Blue
Existing Customer,F,Uneducated,Single,Blue
Existing Customer,M,Graduate,Married,Blue
Existing Customer,M,Doctorate,Married,Blue
Existing Customer,M,Graduate,Single,Blue
Existing Customer,F,Graduate,Married,Blue
Existing Customer,M,Graduate,Unknown,Blue
Existing Customer,M,Uneducated,Married,Blue
Existing Customer,M,College,Single,Blue
Existing Customer,M,Graduate,Single,Blue
Existing Customer,F,Graduate,Single,Blue
Existing Customer,F,Uneducated,Single,Blue
Existing Customer,M,Graduate,Divorced,Blue
Existing Customer,M,Graduate,Married,Blue
Existing Customer,M,Graduate,Married,Blue
Existing Customer,M,Unknown,Unknown,Blue
Attrited Customer,F,Unknown,Married,Blue
Existing Customer,F,Graduate,Married,Blue
Existing Customer,M,Graduate,Divorced,Blue
Existing Customer,M,Graduate,Married,Blue
Existing Customer,M,High School,Single,Blue
Existing Customer,F,Uneducated,Single,Blue
Existing Customer,M,High School,Single,Blue
Existing Customer,M,Unknown,Married,Blue
Existing Customer,F,High School,Single,Blue
Existing Customer,M,High School,Single,Blue
Existing Customer,M,Graduate,Single,Blue
Existing Customer,M,Graduate,Single,Blue
Existing Customer,F,Unknown,Married,Blue
Existing Customer,M,Graduate,Married,Blue
Existing Customer,M,Graduate,Married,Blue
Existing Customer,M,Doctorate,Married,Blue
Existing Customer,M,College,Married,Blue
Attrited Customer,M,Unknown,Married,Blue
Existing Customer,F,College,Single,Blue
Existing Customer,F,Unknown,Married,Silver
Existing Customer,M,Graduate,Married,Blue
Existing Customer,F,Graduate,Single,Blue
Existing Customer,M,High School,Unknown,Blue
Existing Customer,F,Post-Graduate,Married,Blue
Existing Customer,M,Post-Graduate,Single,Blue
Existing Customer,M,Uneducated,Married,Blue
Existing Customer,F,Unknown,Married,Blue
Existing Customer,M,Unknown,Divorced,Blue
Existing Customer,M,Graduate,Married,Blue
Existing Customer,M,Unknown,Married,Blue
Existing Customer,M,High School,Divorced,Blue
Existing Customer,F,Uneducated,Married,Blue
Existing Customer,M,Graduate,Single,Blue
Existing Customer,M,Graduate,Single,Blue
Existing Customer,M,High School,Unknown,Blue
Existing Customer,M,High School,Single,Blue
Existing Customer,M,Doctorate,Married,Blue
Existing Customer,F,High School,Married,Blue
Existing Customer,M,Graduate,Single,Blue
Existing Customer,F,Doctorate,Married,Blue
Existing Customer,M,High School,Married,Blue
Existing Customer,F,High School,Single,Blue
Existing Customer,M,College,Single,Silver
Existing Customer,M,Graduate,Single,Blue
Existing Customer,M,Graduate,Single,Blue
Attrited Customer,M,Graduate,Married,Blue
Existing Customer,M,High School,Single,Blue
Existing Customer,F,Uneducated,Unknown,Silver
Existing Customer,F,Graduate,Married,Blue
Existing Customer,M,Unknown,Married,Blue
Existing Customer,M,Graduate,Married,Blue
Existing Customer,M,Graduate,Married,Blue
Existing Customer,M,Doctorate,Single,Blue
Existing Customer,F,Graduate,Single,Blue
Existing Customer,M,High School,Divorced,Blue
Existing Customer,M,College,Divorced,Blue
Existing Customer,F,College,Married,Blue
Existing Customer,F,Post-Graduate,Single,Blue
Attrited Customer,F,High School,Married,Blue
Existing Customer,M,Unknown,Single,Blue
Existing Customer,M,Graduate,Married,Blue
Existing Customer,F,Graduate,Single,Blue
Attrited Customer,M,College,Single,Blue
Attrited Customer,F,Uneducated,Married,Blue
Existing Customer,F,Graduate,Single,Blue
Existing Customer,M,Graduate,Married,Blue
Existing Customer,F,Graduate,Married,Blue
Existing Customer,M,High School,Married,Blue
Existing Customer,M,High School,Single,Blue
Existing Customer,M,Graduate,Married,Blue
Existing Customer,F,Graduate,Single,Silver
Existing Customer,M,Uneducated,Single,Blue
Existing Customer,F,College,Married,Blue
Existing Customer,F,Unknown,Married,Blue
Existing Customer,F,High School,Single,Blue
Existing Customer,M,Doctorate,Married,Blue
Existing Customer,F,Uneducated,Married,Silver
Existing Customer,F,Graduate,Divorced,Blue
Existing Customer,M,High School,Married,Blue
Existing Customer,F,College,Single,Blue
Existing Customer,M,Uneducated,Married,Blue
Existing Customer,F,Unknown,Divorced,Blue
Existing Customer,F,Uneducated,Married,Blue
Existing Customer,F,Uneducated,Married,Blue
Existing Customer,F,Uneducated,Married,Blue
Existing Customer,F,Uneducated,Married,Blue
Attrited Customer,M,Graduate,Single,Blue
Existing Customer,M,High School,Married,Blue
Existing Customer,F,Uneducated,Divorced,Blue
Existing Customer,F,High School,Married,Blue
Attrited Customer,M,Unknown,Married,Blue
Existing Customer,M,High School,Married,Silver
Existing Customer,F,High School,Married,Blue
Existing Customer,F,Graduate,Divorced,Blue
Existing Customer,M,Uneducated,Married,Blue
Existing Customer,F,Graduate,Married,Blue
Existing Customer,F,Uneducated,Single,Silver
Existing Customer,F,Uneducated,Married,Blue
Existing Customer,M,Uneducated,Married,Blue
Existing Customer,M,Graduate,Married,Blue
Existing Customer,F,Uneducated,Married,Blue
Existing Customer,M,Graduate,Married,Blue
Existing Customer,M,Graduate,Married,Blue
Existing Customer,F,Uneducated,Single,Blue
Existing Customer,M,Post-Graduate,Single,Blue
Existing Customer,F,College,Single,Blue
Existing Customer,F,High School,Married,Blue
Existing Customer,F,Post-Graduate,Married,Blue
Existing Customer,M,Graduate,Married,Blue
Existing Customer,M,Graduate,Unknown,Blue
Existing Customer,F,Graduate,Married,Blue
Existing Customer,M,Doctorate,Married,Blue
Existing Customer,F,Post-Graduate,Married,Blue
Existing Customer,F,High School,Married,Blue
Existing Customer,M,High School,Unknown,Blue
Existing Customer,M,Uneducated,Married,Blue
Attrited Customer,M,High School,Married,Blue
Existing Customer,M,College,Married,Blue
Existing Customer,M,Unknown,Married,Blue
Existing Customer,M,Graduate,Married,Blue
Existing Customer,M,College,Married,Blue
Existing Customer,M,Graduate,Married,Silver
Existing Customer,M,Graduate,Married,Silver
Existing Customer,F,High School,Divorced,Silver
Attrited Customer,F,Graduate,Married,Blue
Attrited Customer,M,Post-Graduate,Married,Blue
Existing Customer,M,Graduate,Married,Blue
Existing Customer,M,College,Married,Blue
Existing Customer,F,High School,Married,Blue
Existing Customer,M,Unknown,Unknown,Silver
Existing Customer,M,Graduate,Married,Blue
Existing Customer,M,High School,Single,Blue
Existing Customer,M,High School,Married,Blue
Existing Customer,M,College,Single,Blue
Existing Customer,F,Graduate,Single,Blue
Existing Customer,M,Unknown,Married,Blue
Existing Customer,M,High School,Married,Blue
Existing Customer,F,Uneducated,Divorced,Silver
Existing Customer,M,Unknown,Single,Blue
Existing Customer,F,Uneducated,Married,Blue
Existing Customer,M,Graduate,Single,Blue
Existing Customer,F,Graduate,Divorced,Blue
Existing Customer,F,Graduate,Divorced,Blue
Existing Customer,M,High School,Single,Blue
Existing Customer,M,College,Single,Blue
Existing Customer,F,Uneducated,Divorced,Silver
Existing Customer,F,Graduate,Married,Blue
Existing Customer,M,Graduate,Married,Blue
Attrited Customer,F,Uneducated,Married,Blue
Existing Customer,M,Unknown,Married,Blue
Existing Customer,M,Graduate,Single,Blue
Existing Customer,M,Post-Graduate,Divorced,Blue
Existing Customer,M,College,Single,Blue
Existing Customer,M,College,Married,Blue
Attrited Customer,M,Uneducated,Married,Blue
Existing Customer,M,Graduate,Unknown,Blue
Existing Customer,M,Uneducated,Married,Blue
Existing Customer,M,Unknown,Single,Blue
Attrited Customer,F,Unknown,Married,Blue
Existing Customer,M,High School,Single,Blue
Attrited Customer,M,College,Married,Blue
Attrited Customer,F,College,Married,Blue
Existing Customer,M,Graduate,Married,Blue
Existing Customer,M,Uneducated,Single,Blue
Existing Customer,F,Doctorate,Single,Blue
Attrited Customer,M,High School,Married,Blue
Existing Customer,M,Graduate,Married,Blue
Existing Customer,M,Doctorate,Single,Blue
Existing Customer,M,Post-Graduate,Single,Blue
Existing Customer,M,High School,Married,Blue
Existing Customer,M,Unknown,Unknown,Blue
Attrited Customer,M,High School,Single,Blue
Existing Customer,M,High School,Married,Blue
Existing Customer,F,High School,Married,Blue
Existing Customer,M,Unknown,Single,Blue
Existing Customer,M,Uneducated,Single,Blue
Existing Customer,F,Uneducated,Single,Blue
Existing Customer,M,Graduate,Married,Blue
Existing Customer,M,College,Unknown,Blue
Attrited Customer,F,Post-Graduate,Married,Blue
Existing Customer,M,Unknown,Married,Blue
Existing Customer,F,Unknown,Married,Blue
Existing Customer,M,Uneducated,Married,Blue
Existing Customer,F,Graduate,Married,Blue
Existing Customer,F,Unknown,Unknown,Blue
Existing Customer,F,Graduate,Divorced,Blue
Attrited Customer,F,High School,Married,Blue
Existing Customer,M,Graduate,Married,Blue
Existing Customer,M,Unknown,Single,Blue
Existing Customer,M,Uneducated,Divorced,Blue
Existing Customer,M,Uneducated,Married,Blue
Existing Customer,M,Graduate,Single,Blue
Existing Customer,M,High School,Single,Blue
Existing Customer,F,Uneducated,Married,Blue
Attrited Customer,M,Graduate,Single,Blue
Existing Customer,F,Uneducated,Married,Blue
Existing Customer,M,Uneducated,Divorced,Blue
Existing Customer,F,High School,Married,Blue
Existing Customer,M,Graduate,Single,Silver
Existing Customer,M,High School,Unknown,Blue
Existing Customer,F,Uneducated,Married,Blue
Attrited Customer,F,High School,Married,Blue
Existing Customer,M,Graduate,Married,Blue
Existing Customer,M,Uneducated,Married,Blue
Attrited Customer,M,High School,Married,Blue
Existing Customer,F,Graduate,Single,Blue
Attrited Customer,F,Graduate,Married,Blue
Existing Customer,F,Doctorate,Married,Blue
Existing Customer,M,Graduate,Single,Blue
Existing Customer,F,Doctorate,Single,Blue
Existing Customer,M,Doctorate,Married,Blue
Existing Customer,M,Graduate,Unknown,Blue
Existing Customer,M,College,Single,Blue
Existing Customer,M,High School,Married,Blue
Existing Customer,M,High School,Married,Blue
Existing Customer,F,High School,Married,Blue
Existing Customer,F,High School,Unknown,Blue
Existing Customer,M,High School,Single,Blue
Existing Customer,M,High School,Single,Silver
Existing Customer,M,Uneducated,Married,Blue
Existing Customer,M,Post-Graduate,Divorced,Blue
Existing Customer,M,College,Married,Gold
Existing Customer,M,Uneducated,Married,Blue
Existing Customer,M,Graduate,Married,Blue
Existing Customer,F,High School,Married,Blue
Existing Customer,M,Graduate,Single,Blue
Existing Customer,M,Graduate,Single,Blue
Existing Customer,F,Uneducated,Married,Blue
Existing Customer,M,High School,Married,Blue
Existing Customer,M,Graduate,Married,Blue
Existing Customer,M,Uneducated,Single,Blue
Existing Customer,F,Graduate,Married,Blue
Attrited Customer,M,Graduate,Married,Blue
Existing Customer,F,Graduate,Single,Blue
Existing Customer,M,High School,Married,Blue
Existing Customer,F,Unknown,Married,Blue
Existing Customer,F,High School,Married,Blue
Existing Customer,M,High School,Married,Blue
Existing Customer,M,Graduate,Married,Blue
Existing Customer,M,Graduate,Single,Silver
Existing Customer,F,Uneducated,Divorced,Blue
Existing Customer,M,High School,Single,Silver
Existing Customer,F,Uneducated,Married,Blue
Existing Customer,M,High School,Married,Blue
Existing Customer,M,Uneducated,Married,Blue
Existing Customer,F,Post-Graduate,Married,Blue
Existing Customer,M,Post-Graduate,Unknown,Blue
Existing Customer,F,Unknown,Married,Blue
Existing Customer,F,Graduate,Single,Blue
Existing Customer,F,Graduate,Single,Blue
Existing Customer,F,Uneducated,Single,Blue
Existing Customer,F,Graduate,Single,Blue
Existing Customer,M,Graduate,Divorced,Silver
Existing Customer,M,High School,Married,Blue
Existing Customer,F,Graduate,Married,Blue
Attrited Customer,M,Unknown,Married,Blue
Existing Customer,F,High School,Married,Blue
Existing Customer,M,High School,Married,Blue
Existing Customer,F,Graduate,Single,Blue
Existing Customer,M,Uneducated,Married,Blue
Existing Customer,M,Graduate,Single,Blue
Attrited Customer,M,Uneducated,Married,Blue
Existing Customer,M,High School,Married,Blue
Existing Customer,M,Graduate,Married,Blue
Existing Customer,F,High School,Married,Blue
Existing Customer,M,High School,Single,Blue
Existing Customer,M,High School,Married,Blue
Existing Customer,F,Uneducated,Married,Blue
Existing Customer,M,Graduate,Married,Blue
Existing Customer,F,High School,Divorced,Blue
Existing Customer,M,Graduate,Married,Blue
Existing Customer,F,Graduate,Single,Blue
Existing Customer,M,Uneducated,Single,Blue
Existing Customer,M,Graduate,Single,Blue
Existing Customer,M,Uneducated,Married,Blue
Existing Customer,M,Uneducated,Single,Blue
Existing Customer,F,Graduate,Married,Blue
Existing Customer,M,Uneducated,Married,Blue
Existing Customer,F,Uneducated,Married,Blue
Existing Customer,M,Graduate,Single,Blue
Existing Customer,M,High School,Single,Blue
Existing Customer,F,Graduate,Married,Blue
Existing Customer,F,Graduate,Married,Blue
Existing Customer,M,Unknown,Married,Blue
Existing Customer,F,Graduate,Married,Blue
Existing Customer,F,Graduate,Married,Blue
Existing Customer,F,Graduate,Single,Blue
Existing Customer,M,High School,Married,Blue
Existing Customer,M,Uneducated,Married,Blue
Existing Customer,M,Unknown,Married,Blue
Existing Customer,F,Graduate,Single,Blue
Existing Customer,F,High School,Married,Blue
Existing Customer,F,High School,Single,Blue
Existing Customer,F,Post-Graduate,Single,Blue
Existing Customer,M,High School,Married,Blue
Existing Customer,M,Graduate,Married,Blue
Existing Customer,M,Uneducated,Married,Blue
Existing Customer,F,High School,Single,Gold
Existing Customer,F,Graduate,Married,Silver
Existing Customer,M,Graduate,Married,Blue
Existing Customer,M,Uneducated,Unknown,Blue
Existing Customer,M,High School,Married,Blue
Existing Customer,F,High School,Married,Blue
Existing Customer,M,Graduate,Married,Blue
Attrited Customer,M,Post-Graduate,Unknown,Blue
Existing Customer,M,Graduate,Married,Blue
Existing Customer,M,Unknown,Married,Blue
Existing Customer,F,Graduate,Married,Blue
Existing Customer,M,Graduate,Married,Blue
Existing Customer,F,College,Single,Blue
Existing Customer,M,High School,Married,Blue
Existing Customer,F,Unknown,Divorced,Blue
Existing Customer,F,Post-Graduate,Married,Blue
Existing Customer,M,Uneducated,Single,Blue
Existing Customer,M,Graduate,Married,Silver
Existing Customer,M,College,Unknown,Blue
Existing Customer,M,High School,Married,Blue
Existing Customer,M,Uneducated,Single,Blue
Existing Customer,M,Uneducated,Unknown,Blue
Attrited Customer,M,Uneducated,Married,Blue
Existing Customer,M,College,Married,Blue
Existing Customer,M,Unknown,Married,Blue
Existing Customer,M,High School,Married,Blue
Existing Customer,M,Graduate,Single,Blue
Attrited Customer,M,College,Married,Blue
Existing Customer,M,Graduate,Unknown,Silver
Existing Customer,M,College,Married,Silver
Existing Customer,F,Graduate,Single,Blue
Existing Customer,M,Uneducated,Married,Blue
Existing Customer,M,Graduate,Married,Blue
Existing Customer,M,Post-Graduate,Single,Blue
Existing Customer,F,Unknown,Married,Blue
Existing Customer,M,High School,Married,Silver
Existing Customer,M,Post-Graduate,Married,Blue
Attrited Customer,F,Graduate,Married,Blue
Existing Customer,M,Unknown,Single,Blue
Existing Customer,M,Uneducated,Married,Blue
Existing Customer,M,Unknown,Single,Blue
Attrited Customer,F,Graduate,Married,Blue
Existing Customer,M,Graduate,Single,Blue
Existing Customer,M,High School,Married,Blue
Existing Customer,M,Graduate,Single,Blue
Existing Customer,F,College,Married,Silver
Existing Customer,M,High School,Married,Blue
Attrited Customer,M,Uneducated,Single,Blue
Existing Customer,M,High School,Married,Blue
Existing Customer,M,High School,Married,Blue
Attrited Customer,F,Unknown,Married,Blue
Existing Customer,F,Graduate,Divorced,Blue
Existing Customer,F,Unknown,Divorced,Blue
Existing Customer,F,Unknown,Married,Blue
Existing Customer,F,College,Divorced,Blue
Existing Customer,M,High School,Divorced,Blue
Existing Customer,F,Graduate,Married,Blue
Existing Customer,F,Uneducated,Married,Blue
Existing Customer,F,Unknown,Married,Blue
Existing Customer,M,Doctorate,Divorced,Blue
Existing Customer,M,Unknown,Single,Blue
Existing Customer,M,Unknown,Divorced,Blue
Existing Customer,F,Graduate,Married,Blue
Existing Customer,M,Graduate,Single,Blue
Existing Customer,M,Graduate,Unknown,Platinum
Existing Customer,F,College,Married,Blue
Existing Customer,M,Graduate,Married,Blue
Attrited Customer,F,Graduate,Single,Blue
Attrited Customer,F,Uneducated,Single,Blue
Existing Customer,F,Graduate,Single,Blue
Existing Customer,M,Unknown,Single,Blue
Existing Customer,M,High School,Married,Blue
Attrited Customer,M,Graduate,Married,Blue
Existing Customer,F,Unknown,Single,Blue
Existing Customer,F,Uneducated,Divorced,Blue
Existing Customer,F,High School,Single,Blue
Attrited Customer,M,Uneducated,Married,Blue
Existing Customer,M,Uneducated,Married,Blue
Existing Customer,F,Post-Graduate,Married,Blue
Existing Customer,F,High School,Married,Blue
Existing Customer,M,Graduate,Married,Blue
Existing Customer,F,Graduate,Single,Blue
Existing Customer,M,Unknown,Single,Blue
Existing Customer,M,Uneducated,Single,Blue
Attrited Customer,M,Post-Graduate,Unknown,Blue
Existing Customer,M,Graduate,Single,Blue
Existing Customer,M,Post-Graduate,Unknown,Blue
Existing Customer,M,Graduate,Married,Blue
Attrited Customer,F,Uneducated,Single,Blue
Existing Customer,M,Unknown,Married,Blue
Existing Customer,M,Uneducated,Single,Blue
Existing Customer,F,Post-Graduate,Married,Blue
Existing Customer,F,Doctorate,Married,Blue
Existing Customer,M,Uneducated,Divorced,Blue
Attrited Customer,M,College,Single,Blue
Existing Customer,M,Graduate,Married,Blue
Attrited Customer,F,Post-Graduate,Single,Blue
Existing Customer,F,High School,Single,Blue
Existing Customer,M,Graduate,Married,Blue
Existing Customer,M,High School,Single,Blue
Existing Customer,M,Unknown,Married,Blue
Existing Customer,M,Uneducated,Divorced,Blue
Existing Customer,F,Graduate,Married,Blue
Existing Customer,M,Graduate,Single,Blue
Existing Customer,F,Post-Graduate,Married,Blue
Existing Customer,M,Graduate,Single,Blue
Existing Customer,F,High School,Divorced,Blue
Existing Customer,F,Graduate,Single,Blue
Existing Customer,M,Graduate,Married,Blue
Existing Customer,F,College,Married,Blue
Existing Customer,M,College,Single,Blue
Existing Customer,M,High School,Married,Blue
Existing Customer,M,High School,Single,Blue
Existing Customer,F,Uneducated,Divorced,Blue
Existing Customer,F,College,Married,Blue
Existing Customer,M,Graduate,Married,Blue
Existing Customer,M,High School,Married,Blue
Existing Customer,M,Unknown,Unknown,Blue
Existing Customer,M,College,Single,Blue
Existing Customer,M,Unknown,Married,Blue
Existing Customer,F,College,Married,Blue
Existing Customer,F,Graduate,Married,Blue
Existing Customer,M,High School,Married,Blue
Existing Customer,F,College,Divorced,Blue
Existing Customer,F,College,Single,Blue
Existing Customer,M,Uneducated,Married,Blue
Existing Customer,F,High School,Married,Blue
Existing Customer,M,Post-Graduate,Single,Blue
Existing Customer,M,Post-Graduate,Married,Blue
Existing Customer,F,High School,Married,Blue
Attrited Customer,F,Uneducated,Single,Blue
Existing Customer,F,Uneducated,Single,Blue
Existing Customer,M,Unknown,Unknown,Blue
Existing Customer,M,High School,Single,Blue
Existing Customer,F,Graduate,Single,Blue
Existing Customer,M,Graduate,Married,Blue
Existing Customer,F,College,Single,Blue
Existing Customer,F,Graduate,Married,Blue
Existing Customer,M,Graduate,Single,Blue
Existing Customer,M,Graduate,Unknown,Silver
Attrited Customer,M,Unknown,Single,Blue
Existing Customer,F,Unknown,Married,Blue
Existing Customer,M,Graduate,Single,Blue
Attrited Customer,M,College,Married,Blue
Existing Customer,M,High School,Single,Gold
Existing Customer,M,High School,Married,Blue
Existing Customer,M,Uneducated,Divorced,Blue
Existing Customer,M,Graduate,Married,Blue
Existing Customer,F,Unknown,Married,Blue
Existing Customer,M,High School,Single,Silver
Existing Customer,F,High School,Single,Blue
Existing Customer,F,Graduate,Divorced,Blue
Existing Customer,M,College,Single,Blue
Existing Customer,M,High School,Single,Blue
Existing Customer,F,Unknown,Married,Blue
Attrited Customer,F,Doctorate,Married,Blue
Existing Customer,F,Doctorate,Unknown,Blue
Existing Customer,M,High School,Married,Blue
Attrited Customer,M,Graduate,Married,Blue
Existing Customer,M,Unknown,Single,Blue
Existing Customer,M,Graduate,Married,Blue
Existing Customer,M,High School,Married,Blue
Existing Customer,M,College,Married,Blue
Existing Customer,F,Graduate,Single,Blue
Existing Customer,F,Post-Graduate,Married,Blue
Existing Customer,F,College,Single,Blue
Existing Customer,M,Graduate,Married,Blue
Existing Customer,M,Graduate,Single,Blue
Existing Customer,F,Unknown,Married,Blue
Attrited Customer,F,Post-Graduate,Married,Blue
Attrited Customer,M,High School,Married,Blue
Existing Customer,F,Uneducated,Married,Blue
Existing Customer,M,Unknown,Divorced,Gold
Existing Customer,M,Unknown,Married,Blue
Existing Customer,M,College,Married,Blue
Existing Customer,M,Graduate,Single,Blue
Existing Customer,F,Unknown,Married,Blue
Existing Customer,M,Graduate,Single,Blue
Existing Customer,M,Graduate,Married,Blue
Existing Customer,M,College,Unknown,Blue
Attrited Customer,M,High School,Married,Blue
Existing Customer,M,Graduate,Single,Blue
Existing Customer,M,Uneducated,Single,Blue
Existing Customer,F,Doctorate,Single,Blue
Existing Customer,M,Graduate,Married,Blue
Attrited Customer,M,College,Married,Blue
Existing Customer,M,Graduate,Single,Blue
Existing Customer,M,Graduate,Single,Blue
Existing Customer,M,High School,Single,Blue
Attrited Customer,M,Unknown,Single,Blue
Existing Customer,M,Uneducated,Divorced,Silver
Existing Customer,M,Uneducated,Married,Blue
Existing Customer,M,College,Unknown,Blue
Existing Customer,M,High School,Unknown,Blue
Existing Customer,M,Unknown,Married,Blue
Existing Customer,F,Graduate,Single,Blue
Existing Customer,M,Graduate,Married,Blue
Existing Customer,F,Doctorate,Married,Blue
Existing Customer,M,Doctorate,Married,Blue
Existing Customer,F,High School,Married,Blue
Existing Customer,F,College,Married,Blue
Attrited Customer,M,College,Married,Blue
Attrited Customer,M,High School,Married,Blue
Existing Customer,F,High School,Married,Blue
Attrited Customer,M,Unknown,Married,Blue
Existing Customer,M,High School,Married,Blue
Existing Customer,M,Graduate,Married,Blue
Existing Customer,F,Unknown,Married,Blue
Existing Customer,M,Graduate,Single,Blue
Existing Customer,M,Graduate,Married,Blue
Existing Customer,M,Uneducated,Married,Blue
Existing Customer,F,Doctorate,Divorced,Blue
Existing Customer,M,Uneducated,Married,Blue
Existing Customer,M,High School,Married,Blue
Attrited Customer,F,Uneducated,Married,Blue
Attrited Customer,F,Doctorate,Married,Blue
Existing Customer,M,Uneducated,Single,Blue
Attrited Customer,M,Uneducated,Married,Blue
Existing Customer,M,Unknown,Divorced,Blue
Attrited Customer,F,Unknown,Married,Blue
Existing Customer,M,Unknown,Married,Blue
Existing Customer,M,Doctorate,Married,Blue
Existing Customer,F,High School,Married,Blue
Existing Customer,M,Uneducated,Married,Blue
Existing Customer,F,Graduate,Married,Blue
Attrited Customer,F,Graduate,Single,Blue
Existing Customer,F,College,Single,Blue
Existing Customer,F,Graduate,Married,Blue
Existing Customer,M,Graduate,Married,Blue
Existing Customer,M,Post-Graduate,Married,Blue
Existing Customer,M,Graduate,Single,Blue
Existing Customer,M,High School,Married,Blue
Existing Customer,F,Unknown,Married,Blue
Existing Customer,F,Graduate,Single,Blue
Existing Customer,M,College,Single,Blue
Existing Customer,F,Graduate,Married,Blue
Existing Customer,M,College,Married,Blue
Existing Customer,F,Graduate,Married,Blue
Existing Customer,F,Graduate,Married,Blue
Existing Customer,F,High School,Married,Blue
Existing Customer,M,High School,Married,Blue
Existing Customer,F,Post-Graduate,Married,Blue
Existing Customer,M,High School,Married,Blue
Existing Customer,F,Graduate,Married,Blue
Existing Customer,M,Unknown,Single,Blue
Attrited Customer,M,College,Married,Blue
Existing Customer,M,Post-Graduate,Married,Blue
Attrited Customer,M,Doctorate,Single,Blue
Existing Customer,F,College,Unknown,Blue
Existing Customer,F,Graduate,Married,Blue
Existing Customer,F,Unknown,Married,Blue
Existing Customer,M,Graduate,Married,Blue
Existing Customer,M,Graduate,Married,Blue
Existing Customer,F,Graduate,Married,Blue
Existing Customer,F,High School,Married,Silver
Existing Customer,M,Uneducated,Married,Blue
Existing Customer,M,College,Married,Blue
Existing Customer,M,Graduate,Married,Blue
Existing Customer,F,Graduate,Married,Blue
Existing Customer,M,Graduate,Married,Blue
Existing Customer,M,Unknown,Single,Blue
Attrited Customer,M,Graduate,Single,Blue
Existing Customer,M,High School,Unknown,Blue
Existing Customer,F,Graduate,Married,Blue
Existing Customer,M,High School,Married,Blue
Existing Customer,M,Unknown,Married,Blue
Existing Customer,F,Uneducated,Married,Blue
Existing Customer,M,Graduate,Single,Blue
Existing Customer,M,Post-Graduate,Single,Blue
Existing Customer,M,High School,Single,Blue
Attrited Customer,F,Graduate,Married,Blue
Existing Customer,F,Post-Graduate,Divorced,Platinum
Existing Customer,M,Graduate,Single,Blue
Existing Customer,M,Uneducated,Single,Blue
Attrited Customer,M,High School,Married,Blue
Existing Customer,F,College,Divorced,Blue
Existing Customer,M,Uneducated,Married,Blue
Existing Customer,F,Graduate,Married,Blue
Attrited Customer,F,Unknown,Married,Blue
Existing Customer,M,Graduate,Married,Blue
Attrited Customer,F,Graduate,Married,Blue
Existing Customer,M,Uneducated,Unknown,Blue
Existing Customer,F,Graduate,Married,Blue
Existing Customer,M,Doctorate,Married,Blue
Existing Customer,M,Graduate,Married,Blue
Existing Customer,M,Graduate,Single,Blue
Existing Customer,M,High School,Married,Blue
Existing Customer,F,High School,Single,Blue
Existing Customer,F,Unknown,Married,Blue
Existing Customer,M,Graduate,Single,Blue
Existing Customer,M,Post-Graduate,Single,Silver
Existing Customer,F,Uneducated,Single,Blue
Existing Customer,F,Unknown,Single,Blue
Existing Customer,F,Uneducated,Married,Blue
Existing Customer,M,High School,Single,Blue
Existing Customer,M,College,Unknown,Blue
Existing Customer,M,High School,Married,Blue
Existing Customer,M,High School,Married,Blue
Attrited Customer,M,High School,Married,Blue
Existing Customer,M,Graduate,Single,Blue
Existing Customer,F,Uneducated,Married,Blue
Existing Customer,F,Doctorate,Single,Blue
Existing Customer,M,Post-Graduate,Married,Blue
Existing Customer,F,Graduate,Single,Blue
Existing Customer,F,High School,Married,Blue
Existing Customer,F,College,Married,Blue
Existing Customer,M,Doctorate,Married,Blue
Existing Customer,M,High School,Single,Blue
Existing Customer,M,High School,Married,Blue
Existing Customer,M,Uneducated,Single,Blue
Attrited Customer,M,High School,Married,Blue
Existing Customer,M,Graduate,Single,Blue
Attrited Customer,F,Graduate,Married,Blue
Existing Customer,F,Unknown,Married,Silver
Existing Customer,M,Graduate,Married,Blue
Existing Customer,F,Graduate,Married,Blue
Existing Customer,M,Uneducated,Single,Silver
Existing Customer,F,High School,Married,Blue
Existing Customer,M,High School,Married,Blue
Existing Customer,M,Graduate,Married,Blue
Existing Customer,M,College,Married,Blue
Existing Customer,F,Uneducated,Divorced,Blue
Existing Customer,M,Unknown,Single,Blue
Existing Customer,M,College,Married,Blue
Existing Customer,M,Uneducated,Married,Blue
Existing Customer,M,Doctorate,Married,Blue
Existing Customer,F,Graduate,Single,Blue
Existing Customer,F,High School,Married,Blue
Existing Customer,M,Uneducated,Married,Blue
Existing Customer,F,Graduate,Married,Blue
Existing Customer,M,Graduate,Unknown,Blue
Existing Customer,F,Post-Graduate,Married,Blue
Existing Customer,M,Graduate,Single,Blue
Existing Customer,F,High School,Married,Blue
Existing Customer,F,Unknown,Married,Blue
Existing Customer,M,High School,Married,Blue
Existing Customer,M,Graduate,Divorced,Blue
Existing Customer,M,Graduate,Married,Blue
Attrited Customer,M,Unknown,Married,Blue
Existing Customer,F,Unknown,Single,Blue
Existing Customer,M,Uneducated,Single,Blue
Existing Customer,M,College,Married,Blue
Existing Customer,F,College,Married,Blue
Existing Customer,M,High School,Married,Blue
Existing Customer,M,Post-Graduate,Single,Blue
Existing Customer,F,Unknown,Single,Blue
Existing Customer,M,Unknown,Single,Blue
Existing Customer,M,Unknown,Unknown,Blue
Attrited Customer,M,Unknown,Married,Blue
Attrited Customer,F,Unknown,Married,Blue
Existing Customer,M,Uneducated,Single,Blue
Existing Customer,F,Post-Graduate,Married,Blue
Existing Customer,M,Doctorate,Married,Blue
Existing Customer,F,Graduate,Married,Blue
Existing Customer,F,Graduate,Single,Blue
Attrited Customer,F,College,Married,Blue
Existing Customer,F,High School,Unknown,Blue
Existing Customer,F,Unknown,Divorced,Blue
Existing Customer,M,College,Single,Blue
Existing Customer,M,Uneducated,Single,Blue
Existing Customer,M,Post-Graduate,Divorced,Blue
Existing Customer,M,Unknown,Married,Blue
Existing Customer,F,High School,Married,Blue
Existing Customer,M,High School,Single,Blue
Existing Customer,M,High School,Single,Blue
Existing Customer,F,Uneducated,Married,Blue
Existing Customer,M,College,Married,Blue
Existing Customer,M,Post-Graduate,Married,Blue
Existing Customer,M,Unknown,Single,Blue
Existing Customer,F,Graduate,Married,Blue
Existing Customer,M,Uneducated,Married,Blue
Existing Customer,F,Unknown,Married,Blue
Existing Customer,F,High School,Single,Blue
Attrited Customer,M,Graduate,Married,Blue
Existing Customer,M,Unknown,Single,Blue
Existing Customer,M,Unknown,Married,Gold
Existing Customer,F,Graduate,Married,Blue
Existing Customer,F,College,Single,Blue
Attrited Customer,M,Uneducated,Married,Blue
Existing Customer,M,Unknown,Single,Silver
Existing Customer,F,College,Married,Blue
Existing Customer,F,Unknown,Married,Blue
Existing Customer,M,Uneducated,Married,Blue
Existing Customer,M,Graduate,Single,Blue
Existing Customer,M,Doctorate,Married,Blue
Attrited Customer,F,Uneducated,Single,Blue
Existing Customer,F,High School,Married,Blue
Existing Customer,M,High School,Married,Blue
Existing Customer,M,Doctorate,Married,Blue
Existing Customer,M,Post-Graduate,Single,Blue
Existing Customer,M,Doctorate,Single,Blue
Existing Customer,M,Unknown,Married,Blue
Existing Customer,F,Uneducated,Single,Blue
Existing Customer,M,Doctorate,Single,Blue
Existing Customer,M,Post-Graduate,Married,Blue
Existing Customer,M,College,Single,Blue
Attrited Customer,F,High School,Married,Blue
Existing Customer,F,Graduate,Married,Blue
Existing Customer,M,Graduate,Married,Blue
Existing Customer,M,Unknown,Single,Blue
Existing Customer,M,High School,Married,Blue
Existing Customer,M,Doctorate,Single,Blue
Existing Customer,F,High School,Single,Blue
Existing Customer,M,Unknown,Married,Blue
Existing Customer,F,Unknown,Married,Blue
Existing Customer,M,Unknown,Married,Blue
Attrited Customer,M,Doctorate,Single,Blue
Existing Customer,F,High School,Single,Blue
Existing Customer,M,Post-Graduate,Married,Blue
Existing Customer,M,Post-Graduate,Single,Blue
Existing Customer,M,High School,Married,Blue
Existing Customer,M,Unknown,Single,Blue
Existing Customer,M,Graduate,Single,Blue
Existing Customer,F,Unknown,Single,Gold
Existing Customer,M,Graduate,Divorced,Blue
Existing Customer,F,Post-Graduate,Single,Blue
Existing Customer,F,High School,Married,Blue
Existing Customer,F,Unknown,Married,Blue
Existing Customer,F,Unknown,Divorced,Blue
Existing Customer,M,Unknown,Married,Blue
Existing Customer,F,College,Married,Blue
Existing Customer,M,Unknown,Single,Blue
Existing Customer,M,High School,Married,Blue
Existing Customer,M,Unknown,Married,Blue
Existing Customer,M,High School,Married,Blue
Existing Customer,M,Uneducated,Divorced,Blue
Existing Customer,M,Post-Graduate,Single,Blue
Existing Customer,F,Uneducated,Married,Blue
Existing Customer,F,High School,Married,Blue
Existing Customer,M,Graduate,Married,Blue
Existing Customer,M,Uneducated,Unknown,Blue
Attrited Customer,M,Graduate,Single,Blue
Existing Customer,M,Unknown,Divorced,Blue
Existing Customer,M,Graduate,Married,Blue
Attrited Customer,M,High School,Married,Blue
Existing Customer,F,Graduate,Single,Blue
Existing Customer,M,Graduate,Married,Blue
Attrited Customer,M,High School,Married,Blue
Existing Customer,M,Uneducated,Unknown,Blue
Existing Customer,F,College,Married,Blue
Existing Customer,M,Unknown,Married,Blue
Existing Customer,M,Graduate,Married,Blue
Existing Customer,F,High School,Single,Blue
Existing Customer,F,Graduate,Married,Blue
Existing Customer,F,Graduate,Married,Blue
Existing Customer,F,Graduate,Unknown,Blue
Existing Customer,M,High School,Single,Blue
Existing Customer,M,High School,Married,Blue
Existing Customer,F,Graduate,Single,Blue
Existing Customer,M,Unknown,Single,Blue
Existing Customer,M,Unknown,Married,Blue
Existing Customer,M,Graduate,Divorced,Blue
Existing Customer,M,College,Married,Blue
Existing Customer,F,Graduate,Married,Blue
Existing Customer,M,Unknown,Single,Blue
Attrited Customer,F,Graduate,Single,Blue
Existing Customer,M,High School,Married,Blue
Existing Customer,F,Graduate,Married,Blue
Existing Customer,M,College,Married,Blue
Existing Customer,M,Uneducated,Unknown,Blue
Existing Customer,M,Graduate,Single,Blue
Existing Customer,F,Graduate,Married,Blue
Existing Customer,F,Unknown,Married,Blue
Existing Customer,M,College,Married,Silver
Existing Customer,M,College,Married,Silver
Existing Customer,F,High School,Married,Blue
Existing Customer,F,Post-Graduate,Married,Blue
Attrited Customer,M,High School,Married,Blue
Existing Customer,M,Uneducated,Single,Blue
Existing Customer,M,Unknown,Married,Blue
Existing Customer,F,Unknown,Married,Blue
Existing Customer,F,Doctorate,Married,Blue
Existing Customer,F,Unknown,Married,Blue
Existing Customer,F,College,Married,Blue
Existing Customer,M,Unknown,Married,Blue
Attrited Customer,M,Uneducated,Married,Blue
Existing Customer,F,Graduate,Married,Blue
Existing Customer,M,Unknown,Married,Blue
Existing Customer,F,Uneducated,Single,Blue
Existing Customer,M,Uneducated,Married,Blue
Existing Customer,F,Unknown,Single,Blue
Existing Customer,M,Unknown,Single,Blue
Existing Customer,F,High School,Married,Blue
Existing Customer,F,Graduate,Single,Blue
Existing Customer,M,High School,Unknown,Blue
Existing Customer,M,High School,Married,Blue
Attrited Customer,F,High School,Married,Blue
Existing Customer,M,Unknown,Married,Blue
Existing Customer,M,Graduate,Married,Blue
Existing Customer,F,Post-Graduate,Married,Blue
Existing Customer,M,College,Married,Blue
Existing Customer,M,Graduate,Married,Blue
Existing Customer,M,Unknown,Married,Blue
Existing Customer,M,College,Married,Blue
Existing Customer,F,Graduate,Married,Blue
Existing Customer,F,Uneducated,Married,Blue
Existing Customer,M,Doctorate,Single,Blue
Existing Customer,M,College,Married,Blue
Existing Customer,F,Graduate,Married,Blue
Existing Customer,F,College,Married,Blue
Existing Customer,M,Graduate,Single,Blue
Attrited Customer,M,College,Married,Blue
Attrited Customer,M,High School,Married,Blue
Existing Customer,F,High School,Divorced,Blue
Existing Customer,F,Graduate,Divorced,Blue
Existing Customer,M,Graduate,Unknown,Blue
Existing Customer,F,Unknown,Married,Blue
Existing Customer,F,High School,Divorced,Blue
Attrited Customer,M,High School,Single,Blue
Existing Customer,M,Graduate,Married,Blue
Existing Customer,M,Graduate,Single,Blue
Existing Customer,F,Graduate,Divorced,Blue
Existing Customer,F,High School,Married,Blue
Existing Customer,M,Graduate,Married,Silver
Existing Customer,F,Uneducated,Single,Blue
Existing Customer,M,Graduate,Married,Blue
Existing Customer,M,Unknown,Single,Blue
Existing Customer,M,High School,Married,Blue
Existing Customer,F,College,Married,Blue
Existing Customer,F,Graduate,Married,Blue
Existing Customer,F,Graduate,Divorced,Blue
Existing Customer,M,College,Single,Blue
Existing Customer,M,Unknown,Married,Blue
Existing Customer,M,Unknown,Single,Blue
Existing Customer,M,Uneducated,Married,Blue
Existing Customer,M,Unknown,Single,Blue
Attrited Customer,M,Uneducated,Single,Blue
Existing Customer,M,High School,Single,Blue
Existing Customer,M,Unknown,Divorced,Blue
Existing Customer,F,High School,Single,Blue
Existing Customer,M,Uneducated,Married,Blue
Existing Customer,M,Graduate,Single,Blue
Existing Customer,M,High School,Married,Blue
Existing Customer,M,Graduate,Married,Blue
Existing Customer,M,Uneducated,Divorced,Blue
Existing Customer,M,College,Married,Blue
Existing Customer,M,High School,Married,Blue
Existing Customer,F,Uneducated,Married,Blue
Existing Customer,F,High School,Single,Blue
Existing Customer,M,College,Married,Blue
Existing Customer,M,Post-Graduate,Married,Blue
Existing Customer,F,High School,Single,Blue
Attrited Customer,M,High School,Married,Blue
Attrited Customer,M,Graduate,Married,Blue
Existing Customer,F,Unknown,Married,Blue
Existing Customer,F,Graduate,Married,Blue
Existing Customer,M,Uneducated,Married,Blue
Existing Customer,M,College,Single,Blue
Existing Customer,M,Graduate,Married,Blue
Existing Customer,F,High School,Married,Blue
Existing Customer,F,Graduate,Married,Blue
Existing Customer,F,Graduate,Married,Blue
Existing Customer,F,Unknown,Divorced,Blue
Existing Customer,M,Unknown,Divorced,Blue
Existing Customer,F,Uneducated,Married,Blue
Existing Customer,F,Doctorate,Married,Blue
Attrited Customer,M,Uneducated,Single,Blue
Existing Customer,M,Graduate,Single,Blue
Existing Customer,F,High School,Single,Blue
Existing Customer,F,High School,Married,Blue
Existing Customer,M,Graduate,Married,Blue
Existing Customer,F,Uneducated,Married,Blue
Existing Customer,M,Uneducated,Married,Blue
Existing Customer,M,High School,Single,Blue
Existing Customer,F,High School,Married,Blue
Existing Customer,F,College,Single,Blue
Existing Customer,F,College,Married,Blue
Existing Customer,F,High School,Married,Blue
Existing Customer,M,Graduate,Unknown,Blue
Existing Customer,M,High School,Married,Blue
Existing Customer,F,College,Married,Blue
Existing Customer,M,Uneducated,Single,Blue
Existing Customer,M,Graduate,Married,Blue
Existing Customer,F,High School,Married,Blue
Existing Customer,M,Graduate,Married,Blue
Existing Customer,M,Unknown,Single,Blue
Existing Customer,F,Post-Graduate,Single,Silver
Existing Customer,M,Post-Graduate,Married,Blue
Existing Customer,M,High School,Married,Silver
Existing Customer,M,Graduate,Single,Blue
Existing Customer,M,Post-Graduate,Married,Blue
Existing Customer,F,High School,Married,Blue
Existing Customer,M,Unknown,Unknown,Blue
Existing Customer,M,Unknown,Single,Blue
Existing Customer,F,College,Married,Blue
Existing Customer,M,High School,Married,Blue
Existing Customer,M,High School,Married,Blue
Existing Customer,M,High School,Married,Blue
Existing Customer,M,Uneducated,Single,Blue
Existing Customer,M,Graduate,Married,Blue
Existing Customer,M,Graduate,Single,Blue
Existing Customer,F,College,Single,Blue
Attrited Customer,F,High School,Single,Blue
Existing Customer,M,Graduate,Divorced,Blue
Existing Customer,M,Graduate,Married,Blue
Existing Customer,M,Graduate,Unknown,Blue
Existing Customer,M,Post-Graduate,Married,Blue
Existing Customer,M,Doctorate,Single,Blue
Existing Customer,M,Unknown,Unknown,Blue
Attrited Customer,M,High School,Unknown,Blue
Existing Customer,F,High School,Single,Blue
Existing Customer,F,Doctorate,Married,Blue
Existing Customer,M,High School,Married,Silver
Existing Customer,M,Graduate,Married,Blue
Existing Customer,F,Graduate,Married,Blue
Existing Customer,M,High School,Married,Blue
Existing Customer,M,Uneducated,Married,Blue
Existing Customer,F,Graduate,Single,Blue
Existing Customer,F,Graduate,Single,Blue
Existing Customer,F,Graduate,Married,Blue
Existing Customer,F,Graduate,Single,Blue
Existing Customer,M,College,Divorced,Blue
Existing Customer,M,Graduate,Married,Blue
Existing Customer,M,High School,Divorced,Blue
Existing Customer,M,High School,Unknown,Blue
Existing Customer,M,Graduate,Married,Blue
Existing Customer,M,Graduate,Married,Blue
Existing Customer,M,Uneducated,Married,Blue
Existing Customer,F,Post-Graduate,Married,Blue
Existing Customer,M,Uneducated,Unknown,Blue
Existing Customer,M,Uneducated,Married,Blue
Existing Customer,M,High School,Married,Blue
Existing Customer,M,High School,Married,Blue
Existing Customer,M,College,Married,Blue
Attrited Customer,F,Unknown,Single,Blue
Existing Customer,F,Graduate,Married,Blue
Attrited Customer,F,Doctorate,Married,Blue
Attrited Customer,M,Graduate,Divorced,Blue
Existing Customer,M,College,Unknown,Blue
Existing Customer,F,Graduate,Married,Blue
Existing Customer,M,Uneducated,Married,Blue
Existing Customer,F,Uneducated,Single,Blue
Existing Customer,M,Uneducated,Married,Blue
Existing Customer,M,Graduate,Single,Blue
Existing Customer,F,College,Married,Blue
Existing Customer,F,High School,Married,Blue
Existing Customer,F,High School,Married,Blue
Existing Customer,F,High School,Married,Blue
Existing Customer,M,Post-Graduate,Married,Blue
Existing Customer,M,High School,Unknown,Blue
Existing Customer,M,Graduate,Married,Blue
Existing Customer,M,High School,Divorced,Blue
Existing Customer,M,College,Married,Silver
Existing Customer,M,Unknown,Single,Silver
Existing Customer,F,Post-Graduate,Married,Blue
Existing Customer,M,Graduate,Unknown,Blue
Attrited Customer,M,Graduate,Married,Blue
Existing Customer,M,Graduate,Married,Blue
Existing Customer,M,Uneducated,Married,Blue
Existing Customer,F,Uneducated,Married,Blue
Existing Customer,F,Uneducated,Single,Blue
Existing Customer,M,Graduate,Single,Blue
Existing Customer,M,Graduate,Divorced,Blue
Existing Customer,M,Graduate,Married,Silver
Existing Customer,M,High School,Married,Blue
Existing Customer,F,Graduate,Married,Blue
Existing Customer,M,Graduate,Unknown,Blue
Attrited Customer,F,High School,Married,Blue
Existing Customer,F,Post-Graduate,Married,Blue
Existing Customer,F,Graduate,Single,Blue
Existing Customer,F,Post-Graduate,Married,Blue
Existing Customer,F,Graduate,Married,Blue
Existing Customer,F,High School,Married,Blue
Existing Customer,M,Graduate,Unknown,Blue
Attrited Customer,F,Graduate,Married,Blue
Attrited Customer,F,Unknown,Single,Blue
Existing Customer,M,Graduate,Unknown,Silver
Attrited Customer,M,Graduate,Married,Blue
Existing Customer,F,High School,Married,Blue
Attrited Customer,M,Post-Graduate,Married,Blue
Existing Customer,F,Graduate,Single,Blue
Existing Customer,M,Uneducated,Married,Blue
Existing Customer,F,Uneducated,Married,Blue
Existing Customer,F,College,Unknown,Blue
Existing Customer,M,Graduate,Married,Blue
Existing Customer,F,College,Married,Blue
Existing Customer,M,Graduate,Married,Blue
Existing Customer,M,Uneducated,Married,Blue
Existing Customer,M,Graduate,Married,Blue
Existing Customer,M,Graduate,Married,Blue
Existing Customer,F,High School,Married,Blue
Existing Customer,F,Graduate,Married,Blue
Existing Customer,F,High School,Married,Blue
Attrited Customer,F,High School,Divorced,Blue
Existing Customer,M,High School,Married,Blue
Existing Customer,M,Graduate,Married,Blue
Existing Customer,F,Graduate,Married,Blue
Existing Customer,M,Graduate,Single,Blue
Existing Customer,M,Unknown,Married,Blue
Existing Customer,F,High School,Married,Blue
Existing Customer,M,Graduate,Divorced,Blue
Existing Customer,M,Unknown,Unknown,Blue
Existing Customer,F,High School,Married,Blue
Existing Customer,M,Graduate,Married,Blue
Existing Customer,F,Post-Graduate,Married,Blue
Attrited Customer,F,High School,Married,Blue
Existing Customer,F,Graduate,Single,Blue
Existing Customer,F,Unknown,Single,Blue
Existing Customer,M,High School,Single,Blue
Existing Customer,F,Graduate,Single,Blue
Existing Customer,F,Graduate,Married,Blue
Existing Customer,M,Graduate,Married,Blue
Existing Customer,M,Graduate,Married,Blue
Existing Customer,F,Post-Graduate,Unknown,Blue
Existing Customer,M,Uneducated,Married,Blue
Existing Customer,F,Unknown,Unknown,Blue
Existing Customer,F,Graduate,Single,Blue
Existing Customer,M,Unknown,Married,Blue
Existing Customer,M,Graduate,Married,Blue
Attrited Customer,M,College,Married,Blue
Existing Customer,M,High School,Single,Blue
Existing Customer,M,High School,Married,Blue
Existing Customer,M,Unknown,Single,Blue
Existing Customer,M,College,Married,Blue
Existing Customer,F,Post-Graduate,Married,Blue
Existing Customer,F,Graduate,Married,Blue
Existing Customer,F,Doctorate,Married,Blue
Existing Customer,F,Graduate,Married,Blue
Existing Customer,M,Graduate,Single,Blue
Existing Customer,M,College,Married,Blue
Existing Customer,M,High School,Married,Blue
Existing Customer,M,Doctorate,Married,Blue
Existing Customer,M,Graduate,Married,Blue
Existing Customer,F,College,Single,Blue
Existing Customer,F,Graduate,Married,Blue
Existing Customer,M,Doctorate,Married,Blue
Existing Customer,F,Graduate,Single,Gold
Existing Customer,M,Graduate,Single,Blue
Existing Customer,M,High School,Married,Blue
Existing Customer,M,High School,Married,Blue
Existing Customer,M,Post-Graduate,Married,Blue
Existing Customer,M,High School,Married,Blue
Existing Customer,M,Unknown,Single,Blue
Existing Customer,M,Graduate,Married,Blue
Existing Customer,M,Graduate,Married,Blue
Existing Customer,F,Graduate,Single,Blue
Existing Customer,M,Post-Graduate,Married,Blue
Existing Customer,M,High School,Unknown,Gold
Existing Customer,M,Graduate,Married,Blue
Existing Customer,M,High School,Married,Blue
Existing Customer,M,High School,Married,Blue
Attrited Customer,M,Graduate,Married,Blue
Existing Customer,F,Post-Graduate,Married,Silver
Existing Customer,M,Post-Graduate,Single,Blue
Existing Customer,F,High School,Married,Blue
Existing Customer,M,High School,Single,Blue
Existing Customer,F,Unknown,Single,Blue
Existing Customer,F,Graduate,Single,Blue
Existing Customer,M,Unknown,Single,Blue
Existing Customer,M,Graduate,Married,Blue
Existing Customer,M,Graduate,Divorced,Blue
Existing Customer,F,Uneducated,Married,Blue
Existing Customer,M,High School,Married,Blue
Existing Customer,M,High School,Married,Blue
Existing Customer,M,Doctorate,Divorced,Blue
Existing Customer,F,Graduate,Single,Blue
Existing Customer,M,High School,Single,Gold
Existing Customer,M,Uneducated,Single,Blue
Attrited Customer,F,Graduate,Single,Blue
Existing Customer,M,Graduate,Married,Blue
Existing Customer,F,Graduate,Married,Blue
Existing Customer,M,High School,Married,Blue
Attrited Customer,F,High School,Married,Blue
Existing Customer,M,Unknown,Divorced,Blue
Existing Customer,M,Uneducated,Married,Blue
Existing Customer,M,High School,Single,Blue
Existing Customer,F,Graduate,Married,Blue
Existing Customer,M,Unknown,Married,Blue
Existing Customer,M,High School,Married,Blue
Existing Customer,M,Unknown,Single,Blue
Existing Customer,M,Doctorate,Married,Blue
Existing Customer,F,Post-Graduate,Married,Blue
Existing Customer,F,Graduate,Divorced,Blue
Existing Customer,F,Uneducated,Married,Blue
Existing Customer,F,High School,Married,Blue
Existing Customer,F,Post-Graduate,Unknown,Blue
Existing Customer,F,Uneducated,Single,Blue
Existing Customer,M,Uneducated,Married,Blue
Existing Customer,M,Post-Graduate,Married,Blue
Existing Customer,M,College,Single,Blue
Existing Customer,M,High School,Single,Blue
Existing Customer,M,Uneducated,Married,Blue
Attrited Customer,M,College,Married,Blue
Existing Customer,M,Unknown,Single,Blue
Existing Customer,M,Graduate,Married,Blue
Existing Customer,F,High School,Married,Blue
Existing Customer,F,Doctorate,Single,Silver
Existing Customer,F,Graduate,Married,Blue
Existing Customer,M,Graduate,Single,Blue
Attrited Customer,M,Unknown,Single,Blue
Existing Customer,F,College,Married,Blue
Existing Customer,M,Post-Graduate,Single,Silver
Existing Customer,F,Graduate,Married,Blue
Existing Customer,M,Graduate,Unknown,Blue
Existing Customer,F,Unknown,Single,Blue
Existing Customer,M,College,Single,Blue
Existing Customer,F,Post-Graduate,Married,Blue
Existing Customer,M,College,Married,Blue
Existing Customer,F,Unknown,Married,Blue
Existing Customer,F,College,Single,Blue
Existing Customer,F,Uneducated,Married,Blue
Existing Customer,M,Graduate,Married,Blue
Existing Customer,M,Graduate,Married,Blue
Existing Customer,M,High School,Married,Blue
Existing Customer,M,Unknown,Single,Blue
Existing Customer,M,Unknown,Married,Blue
Existing Customer,F,High School,Unknown,Blue
Existing Customer,F,High School,Married,Blue
Existing Customer,F,Graduate,Single,Blue
Existing Customer,M,Graduate,Single,Blue
Existing Customer,M,College,Married,Blue
Existing Customer,M,High School,Divorced,Blue
Existing Customer,M,Graduate,Single,Blue
Existing Customer,M,High School,Married,Blue
Existing Customer,F,High School,Single,Blue
Existing Customer,F,High School,Single,Blue
Existing Customer,M,Graduate,Married,Blue
Existing Customer,M,Graduate,Married,Blue
Existing Customer,M,High School,Single,Blue
Existing Customer,M,Graduate,Married,Blue
Existing Customer,F,College,Single,Blue
Attrited Customer,F,High School,Single,Blue
Existing Customer,F,Unknown,Married,Blue
Attrited Customer,F,Uneducated,Married,Blue
Existing Customer,M,Graduate,Married,Blue
Existing Customer,M,High School,Married,Blue
Existing Customer,F,Unknown,Single,Blue
Existing Customer,F,Graduate,Married,Blue
Existing Customer,M,Graduate,Married,Blue
Existing Customer,F,Doctorate,Single,Blue
Existing Customer,M,College,Single,Blue
Existing Customer,F,Uneducated,Married,Blue
Existing Customer,M,High School,Married,Blue
Existing Customer,F,Unknown,Married,Blue
Existing Customer,M,Unknown,Married,Blue
Existing Customer,F,Uneducated,Married,Blue
Existing Customer,F,Graduate,Married,Blue
Existing Customer,F,Graduate,Divorced,Blue
Existing Customer,M,High School,Married,Blue
Existing Customer,F,Graduate,Married,Blue
Existing Customer,F,Graduate,Married,Blue
Existing Customer,M,High School,Married,Blue
Existing Customer,M,Unknown,Married,Blue
Existing Customer,M,High School,Married,Blue
Existing Customer,M,College,Divorced,Blue
Existing Customer,F,Uneducated,Married,Blue
Existing Customer,F,High School,Married,Blue
Existing Customer,M,Uneducated,Single,Blue
Existing Customer,F,College,Married,Blue
Existing Customer,M,High School,Single,Silver
Existing Customer,M,College,Married,Blue
Existing Customer,M,College,Married,Blue
Existing Customer,M,High School,Single,Blue
Existing Customer,M,Uneducated,Married,Blue
Existing Customer,F,College,Married,Blue
Existing Customer,F,High School,Single,Silver
Existing Customer,F,Graduate,Married,Blue
Existing Customer,M,Unknown,Single,Blue
Existing Customer,F,Graduate,Married,Blue
Existing Customer,M,Doctorate,Married,Blue
Existing Customer,M,Uneducated,Married,Blue
Existing Customer,M,Uneducated,Married,Blue
Existing Customer,F,Unknown,Married,Blue
Existing Customer,F,Doctorate,Married,Blue
Existing Customer,M,Doctorate,Married,Blue
Existing Customer,F,High School,Single,Blue
Existing Customer,F,Graduate,Married,Blue
Existing Customer,M,Unknown,Unknown,Blue
Attrited Customer,M,Graduate,Married,Blue
Existing Customer,F,Graduate,Married,Blue
Existing Customer,M,Uneducated,Married,Silver
Existing Customer,F,College,Married,Blue
Attrited Customer,M,College,Single,Blue
Existing Customer,F,Uneducated,Married,Blue
Existing Customer,F,Post-Graduate,Married,Blue
Existing Customer,F,Uneducated,Married,Blue
Existing Customer,F,College,Single,Blue
Existing Customer,M,High School,Divorced,Blue
Attrited Customer,F,Graduate,Single,Blue
Existing Customer,F,Unknown,Single,Blue
Existing Customer,F,College,Married,Blue
Existing Customer,F,Graduate,Single,Blue
Existing Customer,M,High School,Married,Blue
Existing Customer,M,Unknown,Married,Blue
Existing Customer,M,High School,Single,Blue
Existing Customer,M,High School,Married,Blue
Existing Customer,F,Graduate,Single,Blue
Existing Customer,M,High School,Single,Blue
Existing Customer,M,Graduate,Divorced,Blue
Attrited Customer,M,Uneducated,Married,Blue
Existing Customer,F,Graduate,Married,Blue
Existing Customer,F,Uneducated,Married,Blue
Existing Customer,F,High School,Divorced,Blue
Existing Customer,F,Uneducated,Married,Blue
Existing Customer,M,Post-Graduate,Married,Blue
Existing Customer,M,Graduate,Married,Blue
Existing Customer,M,High School,Married,Blue
Existing Customer,F,Graduate,Single,Blue
Existing Customer,F,Unknown,Single,Silver
Attrited Customer,F,High School,Single,Blue
Existing Customer,M,College,Married,Blue
Existing Customer,M,Unknown,Married,Blue
Existing Customer,F,College,Married,Blue
Existing Customer,F,Uneducated,Married,Blue
Existing Customer,M,Graduate,Married,Blue
Existing Customer,F,Graduate,Married,Blue
Existing Customer,M,College,Divorced,Blue
Existing Customer,F,High School,Married,Blue
Existing Customer,F,Uneducated,Single,Blue
Existing Customer,F,Graduate,Single,Blue
Existing Customer,M,High School,Married,Blue
Existing Customer,M,High School,Married,Blue
Existing Customer,F,Uneducated,Single,Blue
Existing Customer,M,Graduate,Married,Blue
Existing Customer,M,High School,Married,Blue
Attrited Customer,F,High School,Married,Blue
Existing Customer,M,Unknown,Divorced,Blue
Existing Customer,M,Unknown,Single,Blue
Existing Customer,F,High School,Married,Blue
Existing Customer,F,High School,Married,Blue
Existing Customer,M,Uneducated,Married,Blue
Existing Customer,F,High School,Married,Blue
Existing Customer,F,Graduate,Married,Blue
Existing Customer,M,Uneducated,Married,Blue
Existing Customer,M,High School,Married,Blue
Existing Customer,F,High School,Single,Blue
Existing Customer,M,College,Married,Blue
Existing Customer,F,Uneducated,Married,Blue
Existing Customer,F,Unknown,Married,Blue
Existing Customer,M,Graduate,Single,Blue
Existing Customer,F,College,Married,Blue
Existing Customer,M,High School,Single,Blue
Attrited Customer,M,Graduate,Single,Silver
Existing Customer,F,Unknown,Unknown,Blue
Existing Customer,M,Uneducated,Single,Blue
Existing Customer,M,High School,Married,Blue
Existing Customer,F,Graduate,Married,Blue
Existing Customer,M,College,Married,Blue
Existing Customer,M,High School,Married,Blue
Existing Customer,F,Uneducated,Married,Blue
Existing Customer,M,Graduate,Married,Blue
Existing Customer,M,High School,Married,Blue
Existing Customer,M,Graduate,Married,Blue
Existing Customer,M,Post-Graduate,Married,Blue
Existing Customer,M,Unknown,Married,Blue
Existing Customer,F,Graduate,Married,Blue
Existing Customer,M,High School,Married,Blue
Existing Customer,M,High School,Single,Silver
Existing Customer,M,Uneducated,Married,Blue
Attrited Customer,M,Graduate,Single,Blue
Existing Customer,M,Graduate,Married,Blue
Existing Customer,M,Graduate,Married,Blue
Existing Customer,M,Graduate,Married,Blue
Existing Customer,M,Uneducated,Single,Blue
Existing Customer,F,College,Divorced,Blue
Existing Customer,M,Graduate,Married,Blue
Existing Customer,M,Uneducated,Married,Blue
Existing Customer,F,Graduate,Single,Blue
Existing Customer,F,Unknown,Single,Blue
Existing Customer,F,High School,Married,Blue
Existing Customer,M,High School,Married,Blue
Existing Customer,F,Graduate,Married,Blue
Existing Customer,M,Graduate,Single,Blue
Existing Customer,M,Uneducated,Single,Blue
Existing Customer,F,High School,Married,Blue
Attrited Customer,F,High School,Married,Blue
Existing Customer,F,College,Married,Blue
Existing Customer,M,Graduate,Single,Blue
Existing Customer,F,Unknown,Divorced,Blue
Existing Customer,F,Graduate,Married,Silver
Existing Customer,M,Graduate,Married,Blue
Attrited Customer,F,Unknown,Married,Blue
Attrited Customer,M,Uneducated,Married,Blue
Existing Customer,M,Graduate,Unknown,Blue
Existing Customer,M,Graduate,Married,Blue
Existing Customer,F,Graduate,Single,Blue
Existing Customer,F,Graduate,Divorced,Blue
Attrited Customer,M,Graduate,Married,Blue
Existing Customer,F,High School,Married,Blue
Existing Customer,F,High School,Married,Blue
Existing Customer,M,High School,Single,Blue
Existing Customer,M,Graduate,Single,Blue
Existing Customer,M,Graduate,Married,Blue
Existing Customer,F,Graduate,Married,Blue
Existing Customer,M,High School,Single,Blue
Existing Customer,M,Graduate,Divorced,Silver
Existing Customer,F,Graduate,Married,Blue
Existing Customer,F,High School,Married,Blue
Existing Customer,F,Post-Graduate,Single,Blue
Existing Customer,M,High School,Married,Blue
Existing Customer,F,Uneducated,Married,Blue
Existing Customer,M,Unknown,Married,Blue
Existing Customer,M,College,Single,Blue
Existing Customer,F,Unknown,Single,Blue
Existing Customer,F,Graduate,Married,Blue
Existing Customer,F,Unknown,Unknown,Blue
Existing Customer,M,Uneducated,Single,Blue
Existing Customer,M,Graduate,Married,Silver
Existing Customer,M,Graduate,Single,Blue
Existing Customer,F,College,Married,Blue
Existing Customer,M,Unknown,Married,Blue
Existing Customer,F,Graduate,Single,Blue
Existing Customer,M,Graduate,Married,Blue
Existing Customer,M,Graduate,Married,Blue
Existing Customer,M,Unknown,Single,Blue
Existing Customer,F,High School,Married,Blue
Existing Customer,M,Uneducated,Single,Blue
Existing Customer,M,High School,Single,Blue
Existing Customer,F,Post-Graduate,Married,Blue
Existing Customer,F,Graduate,Unknown,Blue
Existing Customer,F,Unknown,Divorced,Blue
Existing Customer,M,High School,Single,Blue
Existing Customer,F,Unknown,Married,Blue
Existing Customer,F,Graduate,Married,Blue
Existing Customer,M,Graduate,Married,Blue
Existing Customer,M,College,Married,Blue
Existing Customer,F,Graduate,Married,Blue
Existing Customer,M,College,Married,Blue
Existing Customer,M,Uneducated,Divorced,Blue
Existing Customer,F,High School,Married,Blue
Existing Customer,M,Graduate,Married,Blue
Existing Customer,F,College,Married,Blue
Existing Customer,M,Unknown,Single,Blue
Existing Customer,F,Uneducated,Single,Blue
Existing Customer,M,Post-Graduate,Married,Blue
Existing Customer,M,Graduate,Single,Blue
Existing Customer,F,Graduate,Married,Blue
Existing Customer,M,High School,Married,Blue
Existing Customer,F,Graduate,Married,Blue
Existing Customer,M,Uneducated,Married,Blue
Existing Customer,M,High School,Married,Blue
Existing Customer,F,Post-Graduate,Unknown,Blue
Existing Customer,M,Graduate,Married,Blue
Existing Customer,M,Graduate,Married,Blue
Existing Customer,F,Unknown,Single,Blue
Existing Customer,M,High School,Married,Blue
Attrited Customer,F,College,Married,Blue
Existing Customer,M,Doctorate,Married,Blue
Existing Customer,F,Graduate,Married,Blue
Existing Customer,F,Uneducated,Single,Blue
Existing Customer,M,Unknown,Divorced,Blue
Existing Customer,F,High School,Unknown,Blue
Existing Customer,F,Uneducated,Single,Blue
Existing Customer,M,College,Married,Blue
Existing Customer,M,Doctorate,Single,Blue
Existing Customer,F,Unknown,Single,Blue
Existing Customer,F,Uneducated,Single,Blue
Existing Customer,M,Graduate,Married,Blue
Existing Customer,F,Uneducated,Single,Blue
Existing Customer,M,High School,Single,Blue
Existing Customer,M,High School,Married,Blue
Attrited Customer,M,Graduate,Single,Blue
Existing Customer,F,Graduate,Married,Blue
Existing Customer,M,Graduate,Married,Blue
Existing Customer,M,High School,Married,Blue
Existing Customer,M,High School,Single,Blue
Existing Customer,M,Graduate,Married,Blue
Existing Customer,F,College,Single,Blue
Existing Customer,M,Graduate,Married,Blue
Existing Customer,M,Uneducated,Married,Blue
Existing Customer,M,Graduate,Married,Blue
Existing Customer,M,Unknown,Single,Blue
Existing Customer,F,Uneducated,Single,Blue
Existing Customer,M,Graduate,Divorced,Blue
Attrited Customer,F,Graduate,Unknown,Blue
Existing Customer,M,Graduate,Married,Blue
Existing Customer,M,High School,Married,Blue
Existing Customer,M,Uneducated,Divorced,Blue
Existing Customer,M,Graduate,Married,Blue
Existing Customer,F,Uneducated,Married,Blue
Existing Customer,M,Post-Graduate,Married,Blue
Existing Customer,F,Graduate,Married,Blue
Existing Customer,F,College,Single,Gold
Existing Customer,M,Uneducated,Married,Blue
Existing Customer,F,Uneducated,Married,Blue
Existing Customer,F,Graduate,Single,Blue
Existing Customer,F,Doctorate,Married,Blue
Existing Customer,F,Unknown,Unknown,Blue
Existing Customer,M,College,Unknown,Blue
Existing Customer,M,Post-Graduate,Single,Blue
Existing Customer,M,Graduate,Married,Blue
Existing Customer,F,Graduate,Single,Blue
Existing Customer,M,Unknown,Married,Blue
Existing Customer,F,High School,Single,Blue
Existing Customer,M,High School,Single,Blue
Existing Customer,F,Graduate,Married,Blue
Attrited Customer,F,High School,Married,Blue
Attrited Customer,M,Graduate,Married,Blue
Existing Customer,F,Uneducated,Married,Blue
Existing Customer,M,Graduate,Divorced,Blue
Existing Customer,M,Uneducated,Married,Silver
Existing Customer,M,High School,Married,Silver
Existing Customer,M,College,Married,Blue
Existing Customer,M,High School,Married,Blue
Existing Customer,M,Graduate,Married,Blue
Existing Customer,M,Post-Graduate,Married,Blue
Existing Customer,M,High School,Divorced,Blue
Existing Customer,M,Uneducated,Single,Blue
Attrited Customer,F,Graduate,Single,Blue
Attrited Customer,M,Post-Graduate,Married,Blue
Existing Customer,F,Unknown,Married,Blue
Existing Customer,M,Unknown,Divorced,Blue
Existing Customer,F,Graduate,Married,Blue
Existing Customer,F,Unknown,Single,Blue
Existing Customer,M,High School,Unknown,Blue
Existing Customer,M,Post-Graduate,Married,Blue
Existing Customer,M,Post-Graduate,Married,Blue
Existing Customer,M,Graduate,Married,Blue
Existing Customer,F,Graduate,Married,Blue
Existing Customer,F,Graduate,Single,Blue
Existing Customer,M,High School,Married,Blue
Existing Customer,M,College,Married,Blue
Existing Customer,F,High School,Married,Blue
Existing Customer,F,High School,Married,Blue
Existing Customer,M,Graduate,Married,Blue
Existing Customer,M,Doctorate,Unknown,Blue
Existing Customer,M,High School,Married,Blue
Existing Customer,F,Doctorate,Married,Blue
Existing Customer,F,Unknown,Unknown,Blue
Existing Customer,M,Post-Graduate,Married,Blue
Existing Customer,F,Uneducated,Divorced,Blue
Existing Customer,F,High School,Married,Blue
Existing Customer,M,High School,Married,Blue
Existing Customer,F,Graduate,Married,Blue
Existing Customer,F,Unknown,Single,Blue
Existing Customer,F,Graduate,Divorced,Blue
Existing Customer,F,Graduate,Married,Blue
Existing Customer,M,Uneducated,Single,Blue
Existing Customer,M,Post-Graduate,Single,Blue
Existing Customer,F,Unknown,Single,Blue
Existing Customer,F,Uneducated,Married,Blue
Existing Customer,M,High School,Married,Blue
Existing Customer,M,High School,Married,Blue
Existing Customer,M,Graduate,Single,Blue
Existing Customer,M,Graduate,Married,Blue
Existing Customer,M,High School,Single,Blue
Existing Customer,M,Graduate,Divorced,Blue
Existing Customer,M,Unknown,Single,Blue
Existing Customer,M,Graduate,Married,Blue
Existing Customer,M,Post-Graduate,Married,Blue
Existing Customer,M,High School,Married,Blue
Existing Customer,M,Doctorate,Single,Blue
Existing Customer,M,Doctorate,Married,Blue
Existing Customer,F,High School,Single,Silver
Existing Customer,M,College,Single,Blue
Existing Customer,M,High School,Married,Blue
Existing Customer,F,High School,Single,Blue
Existing Customer,M,Unknown,Married,Blue
Existing Customer,M,Unknown,Married,Blue
Existing Customer,F,Uneducated,Married,Blue
Existing Customer,F,Graduate,Single,Blue
Existing Customer,M,College,Single,Blue
Existing Customer,M,Unknown,Married,Blue
Existing Customer,M,Doctorate,Single,Blue
Existing Customer,M,Graduate,Married,Blue
Existing Customer,M,Graduate,Married,Blue
Existing Customer,F,High School,Married,Blue
Existing Customer,F,Graduate,Single,Blue
Existing Customer,F,Unknown,Divorced,Blue
Existing Customer,F,High School,Married,Blue
Existing Customer,F,Graduate,Single,Blue
Existing Customer,M,Graduate,Single,Blue
Existing Customer,M,Graduate,Divorced,Blue
Existing Customer,M,High School,Married,Blue
Existing Customer,M,College,Married,Blue
Existing Customer,M,Uneducated,Married,Blue
Existing Customer,F,Graduate,Married,Blue
Existing Customer,M,Unknown,Married,Blue
Existing Customer,F,Unknown,Married,Blue
Existing Customer,M,Unknown,Unknown,Blue
Existing Customer,M,College,Married,Blue
Existing Customer,F,Graduate,Married,Blue
Existing Customer,M,Post-Graduate,Married,Blue
Existing Customer,F,College,Single,Blue
Existing Customer,F,Uneducated,Married,Blue
Existing Customer,M,High School,Single,Blue
Existing Customer,F,Graduate,Divorced,Blue
Existing Customer,F,Unknown,Married,Blue
Existing Customer,M,Post-Graduate,Married,Blue
Attrited Customer,M,Post-Graduate,Divorced,Blue
Existing Customer,M,High School,Married,Blue
Existing Customer,F,Unknown,Single,Blue
Existing Customer,F,College,Married,Blue
Existing Customer,M,Graduate,Married,Blue
Existing Customer,M,Graduate,Married,Blue
Existing Customer,M,High School,Married,Blue
Existing Customer,M,Graduate,Single,Blue
Existing Customer,M,College,Single,Blue
Existing Customer,M,High School,Married,Blue
Existing Customer,M,Graduate,Married,Blue
Existing Customer,M,High School,Married,Blue
Existing Customer,M,Unknown,Single,Blue
Existing Customer,M,Uneducated,Single,Blue
Existing Customer,M,Uneducated,Single,Silver
Existing Customer,M,High School,Married,Blue
Existing Customer,F,College,Single,Blue
Existing Customer,F,Graduate,Married,Blue
Attrited Customer,F,Post-Graduate,Single,Blue
Existing Customer,M,College,Married,Blue
Existing Customer,M,Graduate,Married,Silver
Existing Customer,F,Uneducated,Married,Blue
Existing Customer,F,Graduate,Married,Blue
Existing Customer,F,High School,Single,Blue
Attrited Customer,F,Graduate,Single,Blue
Existing Customer,M,Graduate,Married,Blue
Existing Customer,M,College,Single,Blue
Existing Customer,M,High School,Married,Blue
Existing Customer,F,Graduate,Single,Blue
Existing Customer,M,Doctorate,Married,Blue
Existing Customer,M,Graduate,Single,Blue
Attrited Customer,M,Unknown,Single,Blue
Existing Customer,F,College,Married,Blue
Existing Customer,M,Graduate,Single,Blue
Existing Customer,F,Unknown,Single,Blue
Existing Customer,F,Unknown,Single,Blue
Existing Customer,M,Graduate,Married,Blue
Existing Customer,M,Unknown,Married,Blue
Existing Customer,M,High School,Married,Blue
Existing Customer,M,High School,Single,Blue
Existing Customer,M,Graduate,Single,Blue
Existing Customer,F,High School,Married,Blue
Existing Customer,F,Graduate,Single,Blue
Existing Customer,M,Doctorate,Married,Blue
Attrited Customer,F,College,Single,Blue
Existing Customer,M,Uneducated,Married,Blue
Existing Customer,F,Post-Graduate,Married,Blue
Existing Customer,F,College,Single,Blue
Existing Customer,M,College,Married,Blue
Existing Customer,M,Unknown,Single,Silver
Existing Customer,F,Unknown,Married,Blue
Existing Customer,M,Graduate,Married,Blue
Existing Customer,M,Graduate,Married,Blue
Existing Customer,F,Uneducated,Married,Blue
Attrited Customer,F,Graduate,Single,Blue
Existing Customer,M,Uneducated,Married,Blue
Existing Customer,F,Graduate,Single,Blue
Existing Customer,F,Unknown,Married,Blue
Existing Customer,M,Unknown,Married,Blue
Existing Customer,M,Graduate,Married,Silver
Existing Customer,M,High School,Married,Blue
Existing Customer,F,High School,Married,Blue
Existing Customer,M,Uneducated,Married,Blue
Existing Customer,F,Graduate,Married,Blue
Existing Customer,F,High School,Single,Blue
Existing Customer,F,Unknown,Single,Blue
Existing Customer,M,College,Single,Blue
Existing Customer,M,College,Married,Blue
Existing Customer,F,Unknown,Married,Blue
Existing Customer,F,Graduate,Married,Blue
Attrited Customer,F,Graduate,Married,Blue
Existing Customer,F,Graduate,Married,Blue
Existing Customer,F,College,Married,Blue
Existing Customer,M,Post-Graduate,Married,Blue
Existing Customer,M,Graduate,Single,Blue
Existing Customer,M,Uneducated,Single,Blue
Attrited Customer,F,High School,Single,Blue
Existing Customer,M,High School,Married,Blue
Existing Customer,F,Graduate,Married,Blue
Existing Customer,M,Graduate,Single,Blue
Existing Customer,M,Graduate,Divorced,Blue
Existing Customer,M,High School,Married,Blue
Existing Customer,M,Uneducated,Married,Blue
Existing Customer,M,College,Married,Blue
Existing Customer,M,Doctorate,Married,Blue
Existing Customer,M,College,Single,Blue
Existing Customer,M,Graduate,Single,Blue
Existing Customer,F,High School,Married,Blue
Existing Customer,F,Unknown,Married,Blue
Existing Customer,M,Unknown,Married,Blue
Existing Customer,M,Graduate,Married,Blue
Attrited Customer,M,High School,Married,Silver
Existing Customer,F,Graduate,Married,Blue
Existing Customer,F,Graduate,Married,Blue
Existing Customer,M,Graduate,Single,Blue
Existing Customer,M,College,Married,Blue
Existing Customer,M,High School,Single,Blue
Attrited Customer,M,High School,Single,Blue
Existing Customer,F,Graduate,Married,Blue
Existing Customer,F,Graduate,Married,Blue
Existing Customer,M,Graduate,Married,Blue
Existing Customer,M,Unknown,Married,Blue
Existing Customer,M,College,Single,Blue
Existing Customer,F,Unknown,Married,Blue
Existing Customer,M,Graduate,Married,Blue
Existing Customer,F,Unknown,Married,Blue
Existing Customer,F,College,Single,Blue
Attrited Customer,M,Graduate,Married,Blue
Existing Customer,M,Graduate,Married,Blue
Existing Customer,M,Graduate,Unknown,Blue
Existing Customer,M,High School,Single,Blue
Existing Customer,M,High School,Single,Blue
Existing Customer,M,Graduate,Married,Blue
Existing Customer,M,High School,Married,Blue
Existing Customer,F,Unknown,Married,Blue
Existing Customer,M,Unknown,Married,Blue
Existing Customer,M,Uneducated,Married,Blue
Existing Customer,M,College,Married,Blue
Existing Customer,M,Graduate,Married,Blue
Existing Customer,M,College,Single,Blue
Existing Customer,M,High School,Married,Blue
Existing Customer,F,Post-Graduate,Married,Blue
Existing Customer,F,Graduate,Married,Blue
Existing Customer,F,College,Single,Blue
Existing Customer,F,Graduate,Married,Blue
Existing Customer,M,College,Single,Blue
Existing Customer,F,Uneducated,Single,Silver
Existing Customer,F,Graduate,Married,Blue
Existing Customer,M,Graduate,Married,Blue
Existing Customer,F,Post-Graduate,Single,Blue
Existing Customer,F,College,Divorced,Blue
Existing Customer,M,Graduate,Married,Blue
Existing Customer,F,Unknown,Single,Blue
Existing Customer,M,High School,Married,Blue
Existing Customer,F,Graduate,Married,Blue
Attrited Customer,M,College,Married,Blue
Existing Customer,F,Graduate,Married,Blue
Existing Customer,M,Doctorate,Married,Blue
Existing Customer,M,High School,Unknown,Blue
Existing Customer,F,High School,Married,Blue
Existing Customer,M,Graduate,Single,Blue
Existing Customer,F,Unknown,Married,Blue
Existing Customer,M,Graduate,Single,Silver
Existing Customer,M,Graduate,Married,Blue
Existing Customer,M,Graduate,Single,Blue
Existing Customer,M,High School,Single,Blue
Existing Customer,M,High School,Divorced,Blue
Existing Customer,M,Graduate,Married,Blue
Existing Customer,M,College,Single,Blue
Attrited Customer,M,College,Single,Silver
Existing Customer,F,Graduate,Unknown,Blue
Existing Customer,F,Graduate,Married,Blue
Existing Customer,F,Unknown,Married,Blue
Existing Customer,F,Graduate,Married,Blue
Existing Customer,M,Unknown,Married,Blue
Existing Customer,M,Unknown,Married,Blue
Existing Customer,F,Graduate,Unknown,Blue
Existing Customer,M,Graduate,Married,Blue
Existing Customer,M,Uneducated,Single,Blue
Existing Customer,F,Graduate,Married,Blue
Existing Customer,F,Post-Graduate,Single,Blue
Existing Customer,F,Doctorate,Married,Blue
Existing Customer,M,Unknown,Single,Blue
Attrited Customer,M,Graduate,Married,Blue
Existing Customer,M,College,Married,Blue
Existing Customer,M,Graduate,Married,Blue
Existing Customer,M,Unknown,Married,Blue
Existing Customer,F,Doctorate,Married,Blue
Existing Customer,F,Unknown,Single,Blue
Existing Customer,M,Graduate,Single,Blue
Existing Customer,M,Unknown,Married,Blue
Existing Customer,F,Graduate,Married,Blue
Existing Customer,F,High School,Married,Blue
Existing Customer,M,Unknown,Married,Blue
Existing Customer,M,Graduate,Married,Blue
Existing Customer,F,High School,Single,Blue
Existing Customer,F,Graduate,Single,Blue
Existing Customer,M,Graduate,Single,Blue
Existing Customer,F,Unknown,Married,Blue
Existing Customer,M,Graduate,Married,Blue
Existing Customer,M,Uneducated,Single,Blue
Existing Customer,M,Graduate,Married,Blue
Existing Customer,M,Unknown,Married,Blue
Existing Customer,M,Uneducated,Married,Blue
Attrited Customer,M,College,Divorced,Blue
Existing Customer,F,Uneducated,Married,Blue
Existing Customer,M,High School,Single,Blue
Existing Customer,F,Graduate,Single,Blue
Existing Customer,F,Uneducated,Single,Blue
Existing Customer,M,Graduate,Single,Blue
Existing Customer,F,Uneducated,Married,Blue
Existing Customer,F,Uneducated,Married,Blue
Existing Customer,M,Post-Graduate,Married,Blue
Existing Customer,M,High School,Married,Blue
Attrited Customer,F,Uneducated,Single,Blue
Existing Customer,F,High School,Single,Blue
Existing Customer,M,Unknown,Single,Blue
Existing Customer,F,Uneducated,Married,Blue
Existing Customer,M,Graduate,Single,Blue
Existing Customer,M,High School,Married,Blue
Existing Customer,F,Unknown,Married,Blue
Existing Customer,M,Unknown,Married,Blue
Existing Customer,F,Graduate,Married,Blue
Existing Customer,F,Uneducated,Married,Blue
Existing Customer,F,High School,Married,Blue
Existing Customer,F,College,Single,Blue
Existing Customer,M,High School,Married,Blue
Existing Customer,F,Graduate,Single,Blue
Existing Customer,M,Graduate,Married,Blue
Existing Customer,M,Uneducated,Married,Blue
Existing Customer,F,Graduate,Married,Blue
Existing Customer,F,Unknown,Married,Blue
Existing Customer,M,Uneducated,Single,Blue
Existing Customer,M,Uneducated,Married,Blue
Existing Customer,M,Uneducated,Married,Blue
Existing Customer,M,Uneducated,Married,Blue
Existing Customer,F,Unknown,Single,Silver
Existing Customer,F,High School,Single,Blue
Existing Customer,F,Uneducated,Single,Blue
Existing Customer,M,College,Single,Blue
Existing Customer,F,Uneducated,Married,Blue
Existing Customer,M,Graduate,Single,Blue
Existing Customer,M,College,Single,Blue
Existing Customer,F,Uneducated,Divorced,Blue
Existing Customer,M,High School,Married,Blue
Existing Customer,M,College,Married,Blue
Existing Customer,M,High School,Single,Gold
Existing Customer,F,College,Married,Blue
Existing Customer,F,High School,Married,Blue
Existing Customer,F,Uneducated,Single,Blue
Existing Customer,M,Graduate,Married,Blue
Existing Customer,F,Uneducated,Married,Blue
Existing Customer,M,High School,Single,Blue
Existing Customer,F,Graduate,Single,Blue
Existing Customer,M,High School,Married,Blue
Existing Customer,F,Graduate,Married,Blue
Attrited Customer,M,College,Married,Blue
Existing Customer,M,Unknown,Single,Blue
Existing Customer,M,High School,Married,Blue
Existing Customer,M,Graduate,Married,Blue
Existing Customer,M,High School,Married,Blue
Existing Customer,F,Uneducated,Married,Blue
Existing Customer,M,High School,Married,Blue
Existing Customer,M,Unknown,Married,Blue
Existing Customer,M,Graduate,Married,Blue
Existing Customer,F,Post-Graduate,Married,Blue
Existing Customer,M,Graduate,Married,Blue
Existing Customer,M,Doctorate,Single,Blue
Existing Customer,M,High School,Married,Blue
Existing Customer,F,High School,Divorced,Blue
Existing Customer,F,Uneducated,Married,Blue
Existing Customer,M,Post-Graduate,Married,Blue
Existing Customer,M,Uneducated,Married,Blue
Existing Customer,M,Graduate,Married,Blue
Existing Customer,M,Post-Graduate,Single,Blue
Existing Customer,M,Graduate,Married,Blue
Existing Customer,M,Graduate,Married,Blue
Existing Customer,M,Graduate,Married,Blue
Existing Customer,M,Graduate,Single,Blue
Existing Customer,M,Graduate,Married,Blue
Attrited Customer,F,Post-Graduate,Married,Silver
Existing Customer,F,Uneducated,Unknown,Blue
Existing Customer,M,Unknown,Single,Blue
Existing Customer,F,High School,Single,Blue
Existing Customer,M,Unknown,Married,Blue
Existing Customer,M,College,Single,Blue
Existing Customer,M,Unknown,Married,Blue
Existing Customer,M,Graduate,Single,Blue
Existing Customer,M,Graduate,Unknown,Blue
Attrited Customer,M,Uneducated,Single,Blue
Existing Customer,M,Post-Graduate,Unknown,Blue
Existing Customer,M,Graduate,Married,Blue
Attrited Customer,F,Graduate,Divorced,Blue
Existing Customer,F,Unknown,Married,Blue
Existing Customer,M,Graduate,Single,Silver
Existing Customer,F,Graduate,Married,Blue
Existing Customer,F,High School,Married,Blue
Existing Customer,M,Graduate,Married,Blue
Existing Customer,M,Post-Graduate,Married,Blue
Existing Customer,M,Unknown,Single,Blue
Existing Customer,M,Graduate,Married,Blue
Existing Customer,M,Unknown,Married,Blue
Attrited Customer,M,High School,Single,Blue
Existing Customer,M,Graduate,Single,Blue
Existing Customer,F,High School,Single,Blue
Existing Customer,F,Uneducated,Married,Blue
Existing Customer,M,Graduate,Married,Blue
Existing Customer,M,Graduate,Married,Blue
Existing Customer,F,High School,Divorced,Blue
Existing Customer,M,Doctorate,Single,Blue
Existing Customer,M,Graduate,Married,Blue
Existing Customer,F,High School,Married,Blue
Existing Customer,F,Post-Graduate,Married,Blue
Existing Customer,F,Post-Graduate,Single,Blue
Existing Customer,M,Uneducated,Single,Blue
Existing Customer,M,College,Single,Blue
Existing Customer,F,Graduate,Married,Blue
Existing Customer,M,Post-Graduate,Single,Blue
Existing Customer,M,High School,Married,Blue
Existing Customer,F,Unknown,Married,Blue
Existing Customer,M,Graduate,Married,Blue
Existing Customer,M,College,Married,Blue
Attrited Customer,F,Uneducated,Divorced,Blue
Existing Customer,F,Uneducated,Married,Blue
Existing Customer,M,Post-Graduate,Married,Blue
Existing Customer,M,Graduate,Married,Blue
Attrited Customer,F,Graduate,Single,Blue
Existing Customer,M,High School,Married,Blue
Existing Customer,M,Graduate,Married,Blue
Attrited Customer,M,High School,Married,Blue
Existing Customer,M,Uneducated,Married,Blue
Existing Customer,F,Graduate,Married,Blue
Existing Customer,F,Unknown,Divorced,Blue
Existing Customer,M,High School,Married,Blue
Existing Customer,M,Uneducated,Married,Blue
Existing Customer,M,Uneducated,Married,Blue
Existing Customer,M,High School,Married,Blue
Existing Customer,F,College,Married,Blue
Existing Customer,F,Graduate,Married,Blue
Existing Customer,F,High School,Single,Blue
Attrited Customer,M,College,Divorced,Blue
Existing Customer,F,Graduate,Married,Blue
Attrited Customer,F,Graduate,Married,Blue
Existing Customer,M,High School,Single,Blue
Existing Customer,M,College,Married,Blue
Existing Customer,M,College,Married,Blue
Existing Customer,M,Unknown,Married,Blue
Existing Customer,M,High School,Divorced,Blue
Existing Customer,M,Uneducated,Married,Blue
Existing Customer,M,College,Married,Blue
Existing Customer,M,High School,Single,Blue
Existing Customer,M,Unknown,Divorced,Blue
Existing Customer,M,High School,Single,Blue
Existing Customer,F,Post-Graduate,Married,Blue
Existing Customer,F,College,Single,Blue
Existing Customer,F,Uneducated,Married,Blue
Existing Customer,M,Graduate,Single,Blue
Existing Customer,F,Graduate,Married,Blue
Existing Customer,M,Unknown,Married,Silver
Existing Customer,F,High School,Married,Blue
Existing Customer,M,Graduate,Married,Blue
Existing Customer,F,Graduate,Single,Blue
Existing Customer,M,College,Single,Blue
Existing Customer,M,Graduate,Married,Blue
Existing Customer,M,College,Married,Blue
Existing Customer,M,Graduate,Single,Blue
Existing Customer,F,Graduate,Married,Blue
Attrited Customer,M,Graduate,Married,Blue
Existing Customer,F,High School,Single,Blue
Existing Customer,M,High School,Single,Blue
Existing Customer,M,High School,Single,Blue
Existing Customer,M,Graduate,Single,Blue
Existing Customer,M,College,Married,Blue
Existing Customer,F,High School,Married,Blue
Existing Customer,M,Graduate,Married,Blue
Existing Customer,M,Uneducated,Single,Blue
Existing Customer,M,High School,Single,Blue
Existing Customer,F,High School,Married,Blue
Existing Customer,M,Graduate,Single,Blue
Attrited Customer,M,High School,Married,Blue
Existing Customer,M,Doctorate,Married,Blue
Existing Customer,F,High School,Married,Blue
Existing Customer,M,Graduate,Married,Blue
Existing Customer,F,Graduate,Single,Blue
Existing Customer,F,Uneducated,Married,Blue
Existing Customer,M,Graduate,Married,Blue
Existing Customer,M,Unknown,Divorced,Blue
Existing Customer,F,Graduate,Single,Silver
Existing Customer,F,College,Married,Blue
Existing Customer,M,Graduate,Married,Blue
Existing Customer,M,High School,Married,Blue
Existing Customer,F,Graduate,Married,Blue
Existing Customer,M,Graduate,Married,Blue
Existing Customer,M,Graduate,Married,Blue
Existing Customer,M,Graduate,Married,Blue
Existing Customer,M,Graduate,Married,Blue
Existing Customer,F,Unknown,Married,Blue
Existing Customer,M,Graduate,Married,Blue
Existing Customer,M,Unknown,Married,Blue
Existing Customer,M,Graduate,Single,Blue
Existing Customer,M,Graduate,Married,Blue
Existing Customer,M,College,Single,Blue
Existing Customer,M,Graduate,Divorced,Blue
Existing Customer,F,High School,Single,Blue
Existing Customer,M,High School,Married,Blue
Existing Customer,M,Graduate,Married,Blue
Existing Customer,M,Unknown,Single,Blue
Existing Customer,M,High School,Single,Blue
Existing Customer,M,College,Married,Blue
Existing Customer,F,Graduate,Single,Blue
Existing Customer,M,Graduate,Single,Blue
Existing Customer,M,High School,Married,Blue
Attrited Customer,M,Uneducated,Unknown,Blue
Existing Customer,M,College,Divorced,Blue
Existing Customer,F,High School,Married,Blue
Attrited Customer,F,Graduate,Single,Blue
Existing Customer,F,Graduate,Married,Blue
Existing Customer,F,Unknown,Single,Silver
Existing Customer,M,Unknown,Married,Blue
Existing Customer,M,Unknown,Married,Blue
Existing Customer,M,High School,Single,Blue
Existing Customer,F,Graduate,Married,Blue
Existing Customer,M,Graduate,Married,Blue
Existing Customer,M,High School,Single,Blue
Existing Customer,M,Post-Graduate,Married,Blue
Existing Customer,F,Uneducated,Married,Blue
Existing Customer,F,Uneducated,Single,Blue
Existing Customer,M,Unknown,Married,Blue
Existing Customer,M,Graduate,Divorced,Blue
Existing Customer,F,Doctorate,Married,Blue
Attrited Customer,M,High School,Single,Blue
Existing Customer,F,Graduate,Married,Blue
Existing Customer,M,High School,Married,Blue
Existing Customer,M,Graduate,Single,Blue
Attrited Customer,M,High School,Unknown,Blue
Existing Customer,M,High School,Married,Blue
Existing Customer,F,Unknown,Single,Blue
Existing Customer,M,Unknown,Single,Blue
Existing Customer,M,Uneducated,Single,Blue
Existing Customer,F,Uneducated,Single,Blue
Existing Customer,F,Graduate,Married,Blue
Existing Customer,F,High School,Married,Blue
Existing Customer,F,Graduate,Single,Blue
Existing Customer,M,Unknown,Single,Blue
Existing Customer,F,Graduate,Married,Blue
Existing Customer,M,Unknown,Married,Blue
Existing Customer,M,High School,Married,Blue
Existing Customer,M,Graduate,Single,Blue
Existing Customer,M,High School,Married,Blue
Existing Customer,M,Graduate,Single,Blue
Existing Customer,M,High School,Married,Blue
Existing Customer,F,Doctorate,Single,Blue
Existing Customer,M,Unknown,Single,Blue
Existing Customer,M,Uneducated,Married,Blue
Existing Customer,M,High School,Married,Blue
Existing Customer,M,College,Married,Blue
Existing Customer,F,College,Married,Blue
Existing Customer,M,Graduate,Married,Blue
Existing Customer,M,College,Divorced,Blue
Existing Customer,F,High School,Single,Blue
Existing Customer,M,Uneducated,Single,Blue
Attrited Customer,F,Post-Graduate,Single,Blue
Existing Customer,F,Uneducated,Married,Blue
Existing Customer,F,Graduate,Married,Blue
Existing Customer,F,Unknown,Divorced,Blue
Existing Customer,M,Unknown,Married,Blue
Existing Customer,M,Uneducated,Married,Blue
Attrited Customer,M,Uneducated,Married,Blue
Existing Customer,M,College,Married,Blue
Existing Customer,M,College,Married,Blue
Existing Customer,M,Graduate,Single,Blue
Existing Customer,M,Graduate,Married,Blue
Existing Customer,M,High School,Married,Blue
Existing Customer,F,Graduate,Single,Blue
Existing Customer,M,Unknown,Married,Blue
Existing Customer,M,Graduate,Married,Blue
Existing Customer,M,College,Divorced,Blue
Existing Customer,M,Graduate,Divorced,Blue
Existing Customer,M,Graduate,Single,Blue
Existing Customer,M,Graduate,Single,Blue
Existing Customer,F,Graduate,Single,Blue
Attrited Customer,M,College,Married,Blue
Existing Customer,M,Unknown,Divorced,Silver
Existing Customer,M,Graduate,Married,Blue
Existing Customer,M,Unknown,Single,Blue
Existing Customer,M,Graduate,Married,Blue
Existing Customer,M,Graduate,Married,Blue
Existing Customer,F,Graduate,Married,Blue
Existing Customer,M,Graduate,Married,Blue
Existing Customer,M,Graduate,Married,Blue
Existing Customer,F,Uneducated,Single,Blue
Existing Customer,F,Graduate,Married,Blue
Existing Customer,M,Graduate,Married,Blue
Existing Customer,F,College,Married,Blue
Attrited Customer,M,Graduate,Married,Blue
Existing Customer,M,Graduate,Married,Blue
Existing Customer,M,Uneducated,Married,Blue
Existing Customer,M,Uneducated,Married,Blue
Existing Customer,F,High School,Married,Blue
Existing Customer,F,Graduate,Single,Blue
Existing Customer,F,Doctorate,Single,Blue
Existing Customer,M,High School,Married,Blue
Existing Customer,M,College,Married,Blue
Existing Customer,F,College,Single,Blue
Existing Customer,M,Graduate,Married,Blue
Attrited Customer,M,Doctorate,Married,Blue
Existing Customer,M,Uneducated,Married,Blue
Existing Customer,M,Graduate,Single,Blue
Existing Customer,M,Uneducated,Married,Blue
Existing Customer,M,High School,Married,Blue
Existing Customer,F,Uneducated,Married,Blue
Existing Customer,F,Unknown,Married,Blue
Existing Customer,F,High School,Married,Blue
Existing Customer,M,College,Divorced,Blue
Existing Customer,M,Doctorate,Married,Blue
Existing Customer,M,College,Married,Blue
Existing Customer,F,College,Married,Blue
Existing Customer,M,Uneducated,Married,Blue
Existing Customer,F,Graduate,Divorced,Silver
Existing Customer,M,High School,Single,Blue
Existing Customer,M,Uneducated,Married,Blue
Existing Customer,F,Graduate,Married,Blue
Existing Customer,M,High School,Married,Blue
Existing Customer,M,Unknown,Married,Blue
Existing Customer,F,Graduate,Divorced,Blue
Existing Customer,F,High School,Single,Blue
Existing Customer,M,Graduate,Married,Blue
Existing Customer,F,Graduate,Married,Blue
Existing Customer,M,Unknown,Single,Blue
Existing Customer,M,Uneducated,Married,Blue
Existing Customer,M,Unknown,Married,Blue
Existing Customer,M,High School,Married,Blue
Existing Customer,M,Unknown,Married,Blue
Existing Customer,F,Uneducated,Married,Blue
Existing Customer,M,Graduate,Married,Blue
Existing Customer,F,Graduate,Married,Blue
Existing Customer,F,High School,Single,Blue
Existing Customer,F,High School,Married,Blue
Existing Customer,M,Graduate,Married,Blue
Attrited Customer,M,Uneducated,Single,Blue
Existing Customer,F,High School,Married,Blue
Existing Customer,M,Graduate,Divorced,Blue
Existing Customer,F,Post-Graduate,Divorced,Blue
Existing Customer,F,Graduate,Married,Blue
Existing Customer,F,Graduate,Married,Blue
Existing Customer,M,High School,Single,Silver
Existing Customer,F,Uneducated,Married,Blue
Existing Customer,M,High School,Married,Blue
Existing Customer,M,Graduate,Married,Blue
Existing Customer,M,High School,Divorced,Blue
Existing Customer,M,Uneducated,Married,Blue
Existing Customer,F,Graduate,Single,Blue
Existing Customer,M,Unknown,Single,Blue
Existing Customer,M,Graduate,Married,Blue
Existing Customer,F,Graduate,Married,Blue
Existing Customer,F,Graduate,Unknown,Blue
Existing Customer,M,College,Single,Blue
Existing Customer,M,High School,Married,Blue
Existing Customer,F,Uneducated,Divorced,Silver
Existing Customer,F,Graduate,Single,Blue
Attrited Customer,F,Post-Graduate,Married,Blue
Existing Customer,F,Graduate,Single,Blue
Existing Customer,M,High School,Single,Blue
Existing Customer,F,Doctorate,Divorced,Blue
Existing Customer,F,Unknown,Married,Blue
Existing Customer,M,Uneducated,Married,Blue
Existing Customer,F,Uneducated,Single,Blue
Existing Customer,F,High School,Single,Blue
Existing Customer,M,Post-Graduate,Married,Blue
Existing Customer,M,High School,Married,Blue
Existing Customer,M,Graduate,Married,Blue
Attrited Customer,M,Graduate,Single,Blue
Existing Customer,M,Doctorate,Married,Blue
Existing Customer,F,Graduate,Divorced,Blue
Existing Customer,M,Graduate,Married,Blue
Existing Customer,M,Graduate,Single,Blue
Existing Customer,F,Uneducated,Married,Blue
Existing Customer,F,Uneducated,Single,Blue
Existing Customer,F,Uneducated,Married,Blue
Existing Customer,M,Graduate,Married,Blue
Existing Customer,M,High School,Married,Blue
Existing Customer,M,Graduate,Married,Blue
Existing Customer,F,Post-Graduate,Divorced,Blue
Existing Customer,M,High School,Married,Blue
Attrited Customer,M,Unknown,Single,Blue
Existing Customer,F,Graduate,Married,Blue
Existing Customer,M,Graduate,Unknown,Blue
Existing Customer,F,Graduate,Single,Blue
Attrited Customer,F,High School,Single,Silver
Existing Customer,F,College,Married,Blue
Existing Customer,M,Uneducated,Married,Blue
Existing Customer,F,High School,Married,Blue
Existing Customer,M,High School,Married,Blue
Existing Customer,M,Unknown,Married,Blue
Existing Customer,F,Graduate,Married,Blue
Existing Customer,M,Graduate,Married,Blue
Existing Customer,M,High School,Divorced,Blue
Existing Customer,M,High School,Single,Blue
Existing Customer,F,Unknown,Single,Blue
Existing Customer,F,Graduate,Married,Blue
Existing Customer,M,High School,Single,Blue
Existing Customer,M,College,Married,Blue
Existing Customer,M,College,Married,Blue
Existing Customer,M,High School,Married,Blue
Existing Customer,M,Graduate,Single,Blue
Existing Customer,M,High School,Married,Blue
Existing Customer,F,Doctorate,Married,Blue
Existing Customer,M,Uneducated,Married,Blue
Existing Customer,M,Graduate,Married,Blue
Existing Customer,M,College,Married,Blue
Existing Customer,M,Uneducated,Married,Blue
Existing Customer,M,High School,Married,Blue
Existing Customer,M,Post-Graduate,Married,Blue
Existing Customer,M,High School,Married,Blue
Existing Customer,M,Unknown,Single,Blue
Existing Customer,M,Graduate,Divorced,Blue
Existing Customer,M,College,Single,Blue
Existing Customer,M,Graduate,Married,Blue
Existing Customer,F,Uneducated,Married,Blue
Existing Customer,F,High School,Single,Blue
Existing Customer,M,Uneducated,Unknown,Blue
Existing Customer,F,High School,Married,Blue
Existing Customer,F,Uneducated,Single,Silver
Existing Customer,M,Uneducated,Married,Blue
Attrited Customer,M,High School,Divorced,Blue
Existing Customer,M,College,Unknown,Blue
Existing Customer,M,Graduate,Divorced,Blue
Existing Customer,M,Unknown,Married,Blue
Existing Customer,M,High School,Married,Blue
Existing Customer,F,High School,Married,Blue
Existing Customer,F,Graduate,Married,Blue
Existing Customer,F,Uneducated,Single,Blue
Existing Customer,M,High School,Married,Blue
Existing Customer,M,Unknown,Married,Blue
Existing Customer,F,Uneducated,Married,Blue
Existing Customer,M,High School,Married,Blue
Attrited Customer,M,Uneducated,Married,Blue
Existing Customer,F,College,Single,Blue
Existing Customer,M,Uneducated,Single,Silver
Existing Customer,F,Graduate,Married,Blue
Existing Customer,M,Unknown,Single,Blue
Existing Customer,F,College,Married,Blue
Existing Customer,F,High School,Single,Blue
Existing Customer,M,Graduate,Single,Blue
Existing Customer,M,College,Single,Blue
Existing Customer,M,High School,Married,Blue
Existing Customer,F,Uneducated,Married,Blue
Attrited Customer,M,Graduate,Married,Blue
Attrited Customer,M,College,Divorced,Blue
Existing Customer,M,Uneducated,Single,Blue
Existing Customer,M,Uneducated,Single,Blue
Existing Customer,M,Uneducated,Single,Blue
Existing Customer,M,Uneducated,Married,Blue
Existing Customer,M,Post-Graduate,Married,Blue
Existing Customer,F,Post-Graduate,Single,Blue
Existing Customer,M,Doctorate,Married,Blue
Existing Customer,M,Unknown,Married,Blue
Existing Customer,F,Doctorate,Married,Blue
Existing Customer,M,High School,Married,Blue
Existing Customer,M,College,Single,Blue
Existing Customer,M,Graduate,Unknown,Blue
Existing Customer,F,Graduate,Married,Blue
Existing Customer,M,Unknown,Married,Blue
Attrited Customer,F,College,Single,Silver
Existing Customer,M,College,Unknown,Blue
Existing Customer,M,High School,Single,Blue
Existing Customer,M,Graduate,Single,Blue
Existing Customer,M,Graduate,Married,Blue
Existing Customer,F,High School,Married,Blue
Existing Customer,M,College,Married,Blue
Existing Customer,M,Uneducated,Single,Blue
Existing Customer,F,College,Single,Blue
Existing Customer,F,Doctorate,Single,Blue
Existing Customer,M,College,Married,Blue
Existing Customer,F,College,Single,Blue
Existing Customer,M,High School,Unknown,Blue
Existing Customer,M,Graduate,Married,Blue
Existing Customer,F,Unknown,Married,Blue
Existing Customer,F,High School,Single,Blue
Existing Customer,M,Uneducated,Married,Blue
Existing Customer,M,High School,Married,Blue
Existing Customer,M,Unknown,Married,Blue
Existing Customer,M,Doctorate,Married,Blue
Attrited Customer,M,Graduate,Single,Blue
Existing Customer,M,College,Married,Blue
Attrited Customer,F,Doctorate,Single,Blue
Existing Customer,F,High School,Married,Blue
Existing Customer,F,Uneducated,Married,Blue
Existing Customer,F,Graduate,Married,Blue
Existing Customer,M,Graduate,Single,Blue
Attrited Customer,M,Graduate,Married,Blue
Existing Customer,F,Uneducated,Single,Blue
Existing Customer,M,Graduate,Single,Blue
Existing Customer,F,Unknown,Married,Blue
Existing Customer,F,Uneducated,Married,Blue
Existing Customer,F,High School,Single,Blue
Existing Customer,F,Uneducated,Married,Blue
Existing Customer,M,Unknown,Single,Blue
Existing Customer,F,Graduate,Married,Blue
Existing Customer,M,Graduate,Married,Blue
Existing Customer,M,Graduate,Married,Blue
Existing Customer,M,Uneducated,Single,Blue
Existing Customer,F,High School,Married,Blue
Existing Customer,M,High School,Single,Blue
Existing Customer,M,College,Divorced,Blue
Existing Customer,F,College,Married,Blue
Existing Customer,M,College,Unknown,Blue
Existing Customer,F,Graduate,Married,Blue
Existing Customer,F,Graduate,Married,Silver
Existing Customer,F,High School,Married,Blue
Existing Customer,M,Graduate,Single,Blue
Existing Customer,F,Graduate,Single,Blue
Existing Customer,M,Uneducated,Married,Blue
Existing Customer,M,Doctorate,Single,Blue
Existing Customer,M,High School,Married,Blue
Existing Customer,M,Graduate,Single,Blue
Existing Customer,M,Graduate,Single,Blue
Existing Customer,F,High School,Unknown,Blue
Existing Customer,F,Doctorate,Married,Blue
Existing Customer,M,Graduate,Married,Blue
Existing Customer,F,Uneducated,Married,Blue
Existing Customer,F,Post-Graduate,Married,Blue
Existing Customer,F,Doctorate,Married,Blue
Existing Customer,M,Graduate,Married,Blue
Existing Customer,M,High School,Single,Blue
Existing Customer,F,Uneducated,Married,Blue
Existing Customer,M,Graduate,Married,Blue
Attrited Customer,M,Graduate,Single,Blue
Existing Customer,M,Unknown,Single,Blue
Existing Customer,M,High School,Married,Blue
Existing Customer,M,Uneducated,Married,Blue
Existing Customer,M,Graduate,Single,Blue
Existing Customer,M,Unknown,Single,Blue
Attrited Customer,M,Doctorate,Single,Blue
Existing Customer,F,Uneducated,Married,Blue
Existing Customer,F,Uneducated,Married,Blue
Existing Customer,F,Graduate,Married,Blue
Existing Customer,F,Unknown,Married,Blue
Existing Customer,F,High School,Divorced,Blue
Existing Customer,M,Uneducated,Divorced,Blue
Existing Customer,M,Graduate,Married,Blue
Existing Customer,F,Graduate,Single,Blue
Existing Customer,M,Uneducated,Married,Blue
Existing Customer,M,Unknown,Single,Blue
Existing Customer,F,Graduate,Married,Blue
Existing Customer,M,Graduate,Single,Blue
Attrited Customer,F,High School,Single,Blue
Existing Customer,M,Uneducated,Married,Blue
Existing Customer,M,College,Married,Blue
Existing Customer,M,College,Unknown,Blue
Existing Customer,M,Graduate,Divorced,Blue
Existing Customer,M,Post-Graduate,Married,Blue
Existing Customer,M,Graduate,Married,Blue
Existing Customer,M,Graduate,Married,Blue
Attrited Customer,M,Uneducated,Married,Blue
Existing Customer,M,High School,Married,Blue
Existing Customer,M,College,Married,Blue
Existing Customer,F,Unknown,Single,Blue
Attrited Customer,F,Graduate,Single,Blue
Existing Customer,F,Graduate,Married,Blue
Existing Customer,M,Unknown,Single,Blue
Existing Customer,M,Graduate,Married,Blue
Existing Customer,M,Unknown,Single,Silver
Existing Customer,F,High School,Married,Blue
Existing Customer,F,Uneducated,Single,Blue
Existing Customer,M,Graduate,Single,Blue
Existing Customer,M,Post-Graduate,Married,Blue
Existing Customer,M,Graduate,Married,Blue
Existing Customer,M,Graduate,Married,Silver
Existing Customer,F,High School,Married,Blue
Existing Customer,M,Unknown,Single,Blue
Existing Customer,M,Unknown,Married,Blue
Existing Customer,M,Doctorate,Married,Blue
Existing Customer,F,High School,Married,Blue
Existing Customer,F,Uneducated,Married,Blue
Existing Customer,F,Graduate,Married,Blue
Existing Customer,M,Graduate,Married,Blue
Existing Customer,F,High School,Unknown,Blue
Existing Customer,M,High School,Married,Blue
Existing Customer,F,Uneducated,Single,Silver
Existing Customer,M,Graduate,Single,Blue
Existing Customer,M,Graduate,Single,Gold
Existing Customer,M,Graduate,Married,Blue
Existing Customer,M,Uneducated,Married,Blue
Existing Customer,M,Graduate,Married,Blue
Existing Customer,F,Uneducated,Married,Blue
Existing Customer,F,Graduate,Married,Blue
Existing Customer,M,Post-Graduate,Married,Blue
Existing Customer,M,High School,Married,Blue
Existing Customer,F,Graduate,Married,Blue
Attrited Customer,M,Graduate,Married,Blue
Existing Customer,F,High School,Married,Blue
Existing Customer,M,Doctorate,Single,Blue
Existing Customer,F,High School,Single,Blue
Attrited Customer,F,High School,Single,Blue
Existing Customer,M,Doctorate,Single,Blue
Existing Customer,M,High School,Married,Blue
Existing Customer,F,Unknown,Single,Blue
Existing Customer,F,Unknown,Married,Blue
Existing Customer,F,Graduate,Divorced,Blue
Existing Customer,M,Graduate,Married,Blue
Existing Customer,M,College,Married,Blue
Existing Customer,F,Unknown,Married,Blue
Existing Customer,M,Unknown,Single,Blue
Existing Customer,M,Graduate,Married,Blue
Existing Customer,F,Uneducated,Married,Blue
Existing Customer,M,Unknown,Married,Blue
Existing Customer,M,Graduate,Unknown,Blue
Existing Customer,F,High School,Single,Blue
Existing Customer,M,Unknown,Married,Blue
Existing Customer,M,Uneducated,Married,Blue
Existing Customer,F,Graduate,Married,Blue
Existing Customer,M,College,Single,Blue
Existing Customer,F,Graduate,Married,Blue
Existing Customer,M,Post-Graduate,Married,Blue
Existing Customer,M,Unknown,Single,Blue
Existing Customer,F,Unknown,Married,Blue
Existing Customer,F,Graduate,Married,Blue
Existing Customer,M,College,Married,Blue
Existing Customer,M,College,Married,Blue
Existing Customer,M,High School,Married,Blue
Existing Customer,F,Graduate,Married,Blue
Existing Customer,F,College,Married,Blue
Existing Customer,F,Uneducated,Single,Blue
Existing Customer,F,Uneducated,Married,Blue
Existing Customer,M,Uneducated,Divorced,Blue
Existing Customer,M,Unknown,Single,Blue
Existing Customer,F,College,Single,Blue
Existing Customer,F,High School,Divorced,Blue
Existing Customer,F,High School,Married,Blue
Existing Customer,M,Graduate,Divorced,Blue
Existing Customer,M,Unknown,Married,Blue
Existing Customer,M,Graduate,Married,Blue
Existing Customer,F,College,Single,Blue
Existing Customer,M,High School,Single,Blue
Existing Customer,F,Post-Graduate,Single,Blue
Existing Customer,M,High School,Single,Blue
Existing Customer,F,Graduate,Married,Blue
Existing Customer,M,Graduate,Single,Blue
Existing Customer,F,Uneducated,Single,Blue
Existing Customer,M,Doctorate,Single,Blue
Existing Customer,M,Graduate,Married,Blue
Existing Customer,M,High School,Married,Blue
Existing Customer,F,Graduate,Single,Blue
Existing Customer,F,High School,Unknown,Blue
Existing Customer,F,High School,Single,Blue
Existing Customer,M,Unknown,Married,Blue
Existing Customer,F,Uneducated,Single,Blue
Existing Customer,F,Unknown,Married,Blue
Existing Customer,M,College,Single,Blue
Existing Customer,M,Graduate,Married,Blue
Existing Customer,F,Doctorate,Married,Blue
Existing Customer,M,Graduate,Married,Blue
Existing Customer,M,Graduate,Single,Blue
Existing Customer,M,Graduate,Married,Blue
Existing Customer,F,Doctorate,Single,Blue
Existing Customer,F,Unknown,Married,Blue
Existing Customer,F,Uneducated,Divorced,Blue
Existing Customer,M,Graduate,Married,Blue
Existing Customer,F,High School,Married,Blue
Existing Customer,M,College,Married,Silver
Existing Customer,M,Graduate,Married,Blue
Existing Customer,M,Graduate,Married,Blue
Existing Customer,M,High School,Married,Blue
Existing Customer,M,High School,Single,Blue
Attrited Customer,M,College,Single,Blue
Existing Customer,M,High School,Single,Blue
Existing Customer,F,Unknown,Married,Blue
Existing Customer,F,Graduate,Single,Blue
Existing Customer,M,College,Married,Blue
Existing Customer,F,Doctorate,Unknown,Silver
Existing Customer,M,College,Single,Blue
Existing Customer,F,Graduate,Married,Blue
Attrited Customer,M,Uneducated,Married,Blue
Existing Customer,F,Unknown,Single,Blue
Existing Customer,F,Graduate,Single,Blue
Attrited Customer,M,Graduate,Married,Blue
Existing Customer,F,Doctorate,Married,Blue
Attrited Customer,M,Uneducated,Divorced,Blue
Existing Customer,F,Graduate,Single,Blue
Existing Customer,M,High School,Single,Blue
Existing Customer,M,High School,Married,Blue
Existing Customer,M,Graduate,Unknown,Blue
Existing Customer,M,Unknown,Divorced,Blue
Existing Customer,M,Graduate,Married,Blue
Existing Customer,M,Graduate,Married,Blue
Existing Customer,M,Uneducated,Single,Blue
Existing Customer,M,Post-Graduate,Married,Gold
Existing Customer,M,Uneducated,Married,Blue
Existing Customer,M,High School,Married,Blue
Existing Customer,F,College,Married,Blue
Existing Customer,F,High School,Married,Blue
Existing Customer,F,Uneducated,Married,Blue
Existing Customer,F,Unknown,Married,Blue
Attrited Customer,M,Graduate,Married,Blue
Existing Customer,M,Graduate,Married,Blue
Existing Customer,M,College,Married,Blue
Existing Customer,F,Graduate,Divorced,Blue
Existing Customer,M,College,Married,Blue
Existing Customer,F,College,Single,Blue
Existing Customer,M,High School,Single,Blue
Existing Customer,F,Graduate,Single,Blue
Existing Customer,M,Uneducated,Married,Blue
Existing Customer,M,College,Married,Blue
Existing Customer,F,Graduate,Single,Blue
Existing Customer,M,Graduate,Married,Blue
Existing Customer,F,Graduate,Unknown,Blue
Existing Customer,M,Uneducated,Single,Blue
Existing Customer,M,Uneducated,Single,Blue
Existing Customer,F,High School,Married,Blue
Existing Customer,M,High School,Single,Silver
Existing Customer,F,College,Married,Blue
Existing Customer,F,Uneducated,Single,Blue
Existing Customer,M,Post-Graduate,Married,Blue
Existing Customer,M,High School,Single,Blue
Existing Customer,F,Uneducated,Single,Blue
Existing Customer,F,College,Divorced,Blue
Existing Customer,M,Doctorate,Married,Blue
Existing Customer,F,Post-Graduate,Married,Blue
Existing Customer,F,Graduate,Married,Blue
Existing Customer,M,Graduate,Married,Blue
Existing Customer,M,High School,Married,Blue
Existing Customer,M,Unknown,Married,Blue
Existing Customer,M,Unknown,Single,Blue
Existing Customer,F,High School,Married,Blue
Existing Customer,F,Graduate,Unknown,Blue
Existing Customer,M,Uneducated,Married,Blue
Existing Customer,M,Graduate,Single,Blue
Existing Customer,M,Graduate,Married,Blue
Existing Customer,F,Graduate,Married,Blue
Existing Customer,M,High School,Married,Blue
Existing Customer,F,Doctorate,Single,Blue
Existing Customer,F,College,Single,Blue
Existing Customer,F,Graduate,Married,Blue
Existing Customer,M,Graduate,Divorced,Blue
Existing Customer,F,High School,Single,Blue
Existing Customer,M,Graduate,Married,Blue
Existing Customer,F,High School,Single,Blue
Existing Customer,M,Graduate,Married,Blue
Existing Customer,M,High School,Married,Blue
Existing Customer,M,Uneducated,Single,Blue
Existing Customer,F,Uneducated,Divorced,Blue
Existing Customer,M,Post-Graduate,Single,Blue
Existing Customer,F,Unknown,Single,Blue
Existing Customer,F,Graduate,Single,Blue
Existing Customer,M,Post-Graduate,Single,Blue
Existing Customer,F,Graduate,Married,Blue
Existing Customer,M,Uneducated,Married,Blue
Existing Customer,M,Graduate,Single,Silver
Existing Customer,M,College,Single,Blue
Existing Customer,M,Uneducated,Married,Blue
Existing Customer,F,Graduate,Married,Blue
Existing Customer,M,Uneducated,Married,Blue
Existing Customer,M,Doctorate,Single,Blue
Existing Customer,F,Unknown,Single,Blue
Existing Customer,M,Graduate,Married,Blue
Existing Customer,M,High School,Married,Blue
Existing Customer,F,College,Divorced,Blue
Existing Customer,M,Uneducated,Married,Blue
Existing Customer,M,High School,Divorced,Blue
Existing Customer,M,Graduate,Married,Blue
Existing Customer,M,Uneducated,Single,Blue
Attrited Customer,F,Graduate,Married,Blue
Existing Customer,F,Post-Graduate,Married,Blue
Existing Customer,F,Graduate,Married,Blue
Existing Customer,M,Unknown,Single,Blue
Existing Customer,M,Unknown,Married,Blue
Existing Customer,M,Graduate,Married,Blue
Existing Customer,M,Uneducated,Single,Blue
Existing Customer,M,High School,Single,Blue
Existing Customer,F,High School,Married,Blue
Existing Customer,M,High School,Married,Blue
Attrited Customer,M,High School,Married,Blue
Attrited Customer,M,Graduate,Unknown,Blue
Existing Customer,M,Doctorate,Married,Blue
Existing Customer,F,Graduate,Married,Blue
Existing Customer,M,Unknown,Single,Blue
Existing Customer,F,Post-Graduate,Single,Blue
Existing Customer,M,Post-Graduate,Single,Silver
Existing Customer,M,High School,Married,Blue
Existing Customer,F,Uneducated,Married,Blue
Existing Customer,M,Graduate,Single,Blue
Existing Customer,F,Graduate,Married,Blue
Existing Customer,F,Doctorate,Married,Blue
Existing Customer,M,Graduate,Single,Blue
Existing Customer,M,College,Married,Blue
Existing Customer,F,Unknown,Single,Blue
Existing Customer,M,Doctorate,Single,Blue
Existing Customer,F,Graduate,Single,Blue
Existing Customer,F,Graduate,Single,Blue
Existing Customer,M,Graduate,Unknown,Silver
Existing Customer,F,Uneducated,Married,Blue
Existing Customer,M,Graduate,Married,Blue
Existing Customer,M,Graduate,Married,Blue
Existing Customer,M,Unknown,Unknown,Blue
Existing Customer,F,High School,Single,Blue
Existing Customer,M,Uneducated,Married,Blue
Existing Customer,F,Unknown,Married,Blue
Existing Customer,M,Graduate,Divorced,Blue
Existing Customer,M,Graduate,Married,Blue
Existing Customer,M,High School,Married,Blue
Existing Customer,M,College,Married,Blue
Existing Customer,M,High School,Married,Blue
Existing Customer,M,Graduate,Married,Gold
Existing Customer,M,Graduate,Single,Blue
Attrited Customer,M,Graduate,Married,Blue
Existing Customer,F,Uneducated,Married,Blue
Existing Customer,F,Uneducated,Married,Blue
Existing Customer,M,High School,Married,Blue
Existing Customer,M,High School,Married,Blue
Existing Customer,M,Uneducated,Divorced,Blue
Existing Customer,M,Unknown,Single,Blue
Existing Customer,F,High School,Single,Blue
Existing Customer,M,High School,Married,Blue
Existing Customer,M,Uneducated,Divorced,Blue
Existing Customer,M,Uneducated,Married,Blue
Attrited Customer,M,Unknown,Married,Blue
Existing Customer,M,High School,Married,Blue
Attrited Customer,F,High School,Divorced,Blue
Existing Customer,M,Unknown,Married,Blue
Existing Customer,M,Unknown,Married,Blue
Existing Customer,M,Unknown,Married,Blue
Existing Customer,M,Graduate,Single,Blue
Existing Customer,M,High School,Married,Blue
Existing Customer,M,Unknown,Married,Blue
Existing Customer,F,Unknown,Single,Blue
Existing Customer,M,High School,Married,Blue
Existing Customer,M,Graduate,Married,Blue
Existing Customer,F,High School,Single,Blue
Existing Customer,M,Uneducated,Single,Blue
Existing Customer,F,Uneducated,Single,Blue
Existing Customer,F,Graduate,Married,Blue
Existing Customer,M,Graduate,Single,Blue
Existing Customer,F,Graduate,Married,Blue
Existing Customer,M,Uneducated,Married,Blue
Existing Customer,M,College,Married,Blue
Existing Customer,M,Uneducated,Single,Blue
Existing Customer,M,Unknown,Divorced,Silver
Existing Customer,M,Graduate,Single,Blue
Existing Customer,M,High School,Married,Blue
Existing Customer,F,Uneducated,Single,Blue
Existing Customer,M,Unknown,Married,Silver
Existing Customer,M,Graduate,Single,Blue
Existing Customer,F,Uneducated,Divorced,Blue
Existing Customer,F,Graduate,Married,Blue
Existing Customer,M,Unknown,Single,Blue
Existing Customer,M,College,Married,Blue
Existing Customer,M,Post-Graduate,Single,Blue
Existing Customer,M,High School,Married,Blue
Existing Customer,M,Graduate,Single,Blue
Existing Customer,F,College,Divorced,Blue
Existing Customer,M,Graduate,Married,Blue
Existing Customer,M,Uneducated,Married,Blue
Existing Customer,F,Graduate,Married,Blue
Existing Customer,M,Uneducated,Single,Blue
Existing Customer,F,High School,Married,Blue
Existing Customer,F,Unknown,Single,Blue
Existing Customer,F,High School,Single,Blue
Existing Customer,M,Unknown,Unknown,Blue
Existing Customer,M,College,Married,Blue
Existing Customer,M,Graduate,Married,Blue
Existing Customer,F,Graduate,Single,Blue
Existing Customer,M,Graduate,Single,Silver
Existing Customer,M,Unknown,Married,Blue
Existing Customer,M,College,Unknown,Blue
Existing Customer,M,Graduate,Married,Blue
Existing Customer,M,Graduate,Single,Blue
Existing Customer,F,College,Divorced,Blue
Existing Customer,M,High School,Single,Blue
Existing Customer,F,Graduate,Single,Blue
Existing Customer,M,College,Single,Silver
Existing Customer,M,Graduate,Married,Blue
Existing Customer,F,Graduate,Married,Blue
Existing Customer,F,Uneducated,Unknown,Blue
Existing Customer,M,College,Divorced,Blue
Existing Customer,M,Uneducated,Married,Blue
Existing Customer,F,Post-Graduate,Married,Blue
Existing Customer,M,Uneducated,Single,Blue
Existing Customer,F,Unknown,Married,Blue
Existing Customer,F,Post-Graduate,Married,Blue
Existing Customer,F,Post-Graduate,Single,Blue
Attrited Customer,F,Graduate,Single,Blue
Existing Customer,M,High School,Married,Blue
Existing Customer,F,Graduate,Married,Blue
Existing Customer,M,Unknown,Single,Blue
Existing Customer,M,High School,Married,Blue
Existing Customer,M,High School,Single,Blue
Existing Customer,M,Graduate,Married,Blue
Existing Customer,M,Graduate,Unknown,Blue
Existing Customer,F,Unknown,Married,Blue
Existing Customer,F,College,Single,Blue
Existing Customer,M,Graduate,Married,Silver
Existing Customer,M,Uneducated,Divorced,Blue
Existing Customer,M,Uneducated,Married,Blue
Existing Customer,M,Unknown,Married,Blue
Existing Customer,M,Uneducated,Married,Blue
Existing Customer,F,High School,Married,Blue
Existing Customer,M,Graduate,Married,Blue
Existing Customer,M,Graduate,Married,Blue
Existing Customer,M,High School,Unknown,Blue
Existing Customer,M,Unknown,Married,Blue
Existing Customer,M,Unknown,Married,Blue
Existing Customer,M,College,Unknown,Blue
Existing Customer,F,Graduate,Married,Blue
Existing Customer,M,Graduate,Married,Blue
Existing Customer,M,Uneducated,Married,Blue
Existing Customer,F,High School,Single,Blue
Existing Customer,M,College,Unknown,Blue
Existing Customer,F,Post-Graduate,Single,Blue
Existing Customer,M,Unknown,Married,Blue
Existing Customer,M,Uneducated,Single,Blue
Existing Customer,F,College,Married,Blue
Existing Customer,F,Uneducated,Unknown,Silver
Existing Customer,F,High School,Single,Blue
Existing Customer,M,Post-Graduate,Single,Silver
Existing Customer,M,High School,Married,Blue
Existing Customer,F,Graduate,Unknown,Blue
Existing Customer,F,Uneducated,Married,Blue
Existing Customer,M,College,Married,Blue
Existing Customer,F,College,Married,Blue
Existing Customer,M,Graduate,Single,Blue
Existing Customer,F,High School,Married,Blue
Existing Customer,M,Graduate,Divorced,Blue
Existing Customer,M,High School,Married,Blue
Existing Customer,M,High School,Single,Blue
Existing Customer,M,Graduate,Married,Blue
Existing Customer,M,Unknown,Married,Blue
Existing Customer,M,Graduate,Single,Blue
Existing Customer,F,Graduate,Single,Blue
Existing Customer,F,College,Divorced,Blue
Existing Customer,M,College,Married,Blue
Existing Customer,F,High School,Married,Blue
Existing Customer,F,Graduate,Married,Blue
Attrited Customer,M,Post-Graduate,Married,Blue
Existing Customer,F,Graduate,Single,Blue
Existing Customer,M,Uneducated,Single,Blue
Existing Customer,M,High School,Divorced,Blue
Existing Customer,F,Graduate,Single,Blue
Existing Customer,M,Post-Graduate,Single,Blue
Existing Customer,M,Doctorate,Single,Blue
Existing Customer,F,College,Single,Silver
Existing Customer,M,Unknown,Single,Blue
Attrited Customer,F,Unknown,Married,Blue
Existing Customer,M,Uneducated,Single,Gold
Existing Customer,M,Unknown,Single,Blue
Existing Customer,F,Post-Graduate,Married,Blue
Existing Customer,M,College,Single,Blue
Existing Customer,F,High School,Married,Blue
Existing Customer,F,High School,Married,Blue
Existing Customer,M,High School,Divorced,Blue
Existing Customer,F,Uneducated,Divorced,Blue
Existing Customer,F,Uneducated,Single,Blue
Existing Customer,F,High School,Married,Blue
Existing Customer,M,Graduate,Single,Blue
Existing Customer,F,Doctorate,Single,Blue
Existing Customer,F,Graduate,Single,Blue
Existing Customer,M,Uneducated,Single,Blue
Existing Customer,M,Graduate,Married,Blue
Existing Customer,F,Uneducated,Married,Blue
Existing Customer,M,Graduate,Married,Blue
Existing Customer,F,Unknown,Single,Blue
Existing Customer,F,High School,Single,Blue
Existing Customer,M,Graduate,Married,Blue
Existing Customer,M,College,Divorced,Blue
Existing Customer,M,Unknown,Married,Blue
Existing Customer,F,High School,Married,Blue
Existing Customer,M,Graduate,Married,Blue
Existing Customer,M,Uneducated,Single,Blue
Existing Customer,M,Unknown,Married,Blue
Existing Customer,M,Unknown,Married,Blue
Existing Customer,M,Uneducated,Single,Blue
Existing Customer,F,Graduate,Married,Blue
Existing Customer,M,High School,Married,Blue
Existing Customer,M,College,Single,Blue
Existing Customer,M,High School,Single,Blue
Existing Customer,M,High School,Married,Blue
Existing Customer,M,Post-Graduate,Married,Blue
Existing Customer,M,High School,Married,Blue
Existing Customer,M,Graduate,Married,Blue
Existing Customer,F,College,Single,Blue
Existing Customer,M,Doctorate,Single,Blue
Existing Customer,F,Doctorate,Single,Blue
Existing Customer,M,Uneducated,Single,Blue
Existing Customer,M,Graduate,Single,Blue
Existing Customer,M,College,Divorced,Blue
Existing Customer,F,Graduate,Single,Blue
Existing Customer,M,Graduate,Married,Silver
Existing Customer,M,High School,Married,Blue
Existing Customer,F,Uneducated,Married,Blue
Existing Customer,M,High School,Single,Blue
Existing Customer,F,High School,Divorced,Blue
Existing Customer,F,High School,Single,Blue
Existing Customer,F,Doctorate,Married,Blue
Existing Customer,M,Doctorate,Single,Blue
Existing Customer,F,Unknown,Married,Blue
Existing Customer,M,Graduate,Divorced,Blue
Existing Customer,M,Graduate,Unknown,Blue
Existing Customer,F,Graduate,Single,Silver
Existing Customer,F,Graduate,Single,Blue
Existing Customer,F,Graduate,Single,Blue
Existing Customer,M,High School,Single,Blue
Attrited Customer,F,College,Married,Blue
Existing Customer,F,Post-Graduate,Married,Blue
Existing Customer,F,Graduate,Married,Blue
Existing Customer,M,Doctorate,Single,Blue
Existing Customer,F,High School,Single,Blue
Existing Customer,M,Uneducated,Married,Silver
Existing Customer,F,Uneducated,Single,Blue
Existing Customer,M,Graduate,Single,Blue
Existing Customer,M,High School,Unknown,Blue
Existing Customer,F,Graduate,Married,Blue
Existing Customer,M,Graduate,Married,Blue
Existing Customer,F,College,Married,Blue
Existing Customer,M,Graduate,Married,Silver
Existing Customer,M,Graduate,Married,Blue
Existing Customer,F,Graduate,Married,Blue
Existing Customer,M,Uneducated,Single,Blue
Existing Customer,F,High School,Married,Blue
Existing Customer,F,College,Divorced,Blue
Existing Customer,F,Uneducated,Single,Blue
Existing Customer,M,Unknown,Married,Blue
Existing Customer,M,Post-Graduate,Single,Blue
Existing Customer,M,Uneducated,Divorced,Blue
Existing Customer,M,High School,Married,Blue
Existing Customer,M,Doctorate,Married,Blue
Existing Customer,M,College,Divorced,Blue
Existing Customer,F,Graduate,Married,Blue
Existing Customer,M,Graduate,Married,Blue
Existing Customer,M,Graduate,Married,Blue
Existing Customer,M,Graduate,Married,Blue
Existing Customer,F,High School,Single,Blue
Existing Customer,M,High School,Single,Blue
Existing Customer,F,Uneducated,Single,Blue
Existing Customer,M,Uneducated,Single,Blue
Existing Customer,M,Graduate,Single,Blue
Existing Customer,F,Graduate,Single,Blue
Existing Customer,F,High School,Single,Blue
Existing Customer,M,High School,Single,Blue
Existing Customer,M,Uneducated,Married,Blue
Existing Customer,F,Graduate,Married,Blue
Existing Customer,F,Uneducated,Single,Blue
Existing Customer,M,Unknown,Married,Blue
Existing Customer,M,Graduate,Single,Blue
Existing Customer,F,Uneducated,Single,Blue
Existing Customer,F,High School,Married,Blue
Existing Customer,F,College,Married,Blue
Existing Customer,M,Graduate,Married,Blue
Attrited Customer,M,High School,Single,Blue
Existing Customer,M,Graduate,Married,Silver
Existing Customer,F,Uneducated,Single,Blue
Existing Customer,F,High School,Single,Blue
Existing Customer,M,College,Married,Blue
Existing Customer,M,Post-Graduate,Single,Blue
Existing Customer,F,College,Married,Blue
Existing Customer,M,Uneducated,Single,Blue
Attrited Customer,M,Doctorate,Married,Blue
Existing Customer,M,Unknown,Single,Blue
Existing Customer,F,Post-Graduate,Single,Blue
Existing Customer,M,Doctorate,Unknown,Silver
Existing Customer,M,Uneducated,Married,Blue
Existing Customer,F,Post-Graduate,Single,Blue
Existing Customer,M,High School,Married,Blue
Existing Customer,F,Uneducated,Married,Blue
Existing Customer,M,Graduate,Single,Blue
Existing Customer,F,Graduate,Single,Blue
Existing Customer,M,Doctorate,Single,Blue
Existing Customer,M,College,Divorced,Blue
Existing Customer,M,High School,Married,Blue
Existing Customer,M,Uneducated,Married,Blue
Existing Customer,F,Graduate,Unknown,Blue
Existing Customer,M,Unknown,Married,Blue
Existing Customer,F,College,Single,Blue
Existing Customer,M,High School,Married,Blue
Existing Customer,M,Graduate,Married,Blue
Existing Customer,M,Graduate,Single,Blue
Existing Customer,M,Post-Graduate,Married,Blue
Existing Customer,M,Uneducated,Single,Blue
Existing Customer,F,High School,Single,Blue
Existing Customer,M,Graduate,Single,Blue
Existing Customer,M,Doctorate,Divorced,Blue
Existing Customer,M,Unknown,Married,Blue
Existing Customer,F,Unknown,Single,Blue
Existing Customer,F,Graduate,Single,Blue
Existing Customer,F,Graduate,Married,Blue
Existing Customer,F,Uneducated,Married,Blue
Existing Customer,F,High School,Married,Blue
Existing Customer,M,Graduate,Single,Silver
Existing Customer,F,Unknown,Single,Blue
Attrited Customer,M,Uneducated,Married,Blue
Existing Customer,F,Graduate,Single,Silver
Existing Customer,F,Doctorate,Married,Silver
Existing Customer,M,Unknown,Single,Blue
Existing Customer,F,Uneducated,Single,Blue
Existing Customer,F,Graduate,Married,Blue
Existing Customer,M,Unknown,Divorced,Blue
Existing Customer,M,Graduate,Married,Blue
Existing Customer,M,Graduate,Divorced,Blue
Existing Customer,M,Unknown,Single,Blue
Existing Customer,F,Unknown,Single,Blue
Existing Customer,M,Graduate,Single,Blue
Existing Customer,M,Graduate,Single,Blue
Existing Customer,M,Uneducated,Married,Blue
Existing Customer,M,High School,Single,Blue
Existing Customer,F,Unknown,Married,Blue
Existing Customer,M,Graduate,Married,Blue
Existing Customer,M,College,Single,Blue
Existing Customer,F,Unknown,Single,Blue
Existing Customer,F,College,Single,Blue
Existing Customer,M,Graduate,Married,Blue
Existing Customer,M,Uneducated,Divorced,Blue
Existing Customer,F,Graduate,Married,Blue
Attrited Customer,F,Graduate,Single,Blue
Existing Customer,M,College,Married,Blue
Existing Customer,M,Graduate,Single,Blue
Existing Customer,F,Uneducated,Married,Blue
Attrited Customer,M,Graduate,Single,Blue
Existing Customer,F,Graduate,Married,Blue
Existing Customer,F,Graduate,Single,Blue
Existing Customer,F,Unknown,Married,Blue
Existing Customer,F,College,Divorced,Blue
Existing Customer,F,College,Divorced,Blue
Existing Customer,M,Unknown,Single,Blue
Existing Customer,M,High School,Single,Blue
Existing Customer,M,Uneducated,Single,Blue
Existing Customer,M,High School,Married,Blue
Existing Customer,M,Uneducated,Unknown,Blue
Existing Customer,M,Unknown,Married,Blue
Existing Customer,M,Graduate,Married,Blue
Existing Customer,M,Unknown,Married,Blue
Existing Customer,M,High School,Married,Blue
Existing Customer,M,Graduate,Married,Blue
Existing Customer,M,High School,Married,Blue
Attrited Customer,M,Uneducated,Single,Blue
Existing Customer,M,Unknown,Married,Blue
Existing Customer,F,High School,Single,Blue
Attrited Customer,M,Unknown,Married,Blue
Existing Customer,F,Unknown,Married,Blue
Existing Customer,M,Uneducated,Single,Blue
Existing Customer,M,Graduate,Divorced,Blue
Existing Customer,M,Doctorate,Married,Blue
Existing Customer,M,High School,Single,Silver
Existing Customer,M,Post-Graduate,Single,Silver
Existing Customer,F,High School,Single,Blue
Existing Customer,M,Graduate,Married,Blue
Existing Customer,F,High School,Married,Blue
Existing Customer,F,Post-Graduate,Married,Blue
Existing Customer,F,Graduate,Single,Blue
Existing Customer,M,Graduate,Single,Blue
Existing Customer,M,High School,Single,Blue
Existing Customer,M,Graduate,Married,Blue
Existing Customer,M,Graduate,Unknown,Blue
Existing Customer,M,Doctorate,Single,Silver
Existing Customer,M,Uneducated,Single,Blue
Existing Customer,F,Uneducated,Married,Blue
Attrited Customer,M,Unknown,Single,Gold
Existing Customer,F,Unknown,Single,Blue
Existing Customer,M,Post-Graduate,Single,Blue
Existing Customer,M,Unknown,Single,Blue
Existing Customer,M,Uneducated,Single,Blue
Existing Customer,F,Graduate,Single,Blue
Existing Customer,M,Unknown,Married,Blue
Existing Customer,M,Graduate,Married,Blue
Existing Customer,M,Unknown,Single,Blue
Existing Customer,M,Unknown,Single,Blue
Existing Customer,M,Graduate,Married,Blue
Existing Customer,F,High School,Single,Silver
Existing Customer,F,High School,Married,Blue
Existing Customer,M,Graduate,Married,Blue
Existing Customer,M,Post-Graduate,Single,Blue
Existing Customer,F,Unknown,Single,Silver
Existing Customer,F,High School,Single,Blue
Existing Customer,F,Graduate,Married,Blue
Existing Customer,F,Graduate,Single,Blue
Existing Customer,M,Uneducated,Divorced,Gold
Existing Customer,M,Post-Graduate,Unknown,Silver
Existing Customer,F,College,Single,Silver
Existing Customer,M,High School,Unknown,Blue
Existing Customer,M,Doctorate,Single,Blue
Existing Customer,M,Uneducated,Divorced,Blue
Existing Customer,M,High School,Single,Blue
Existing Customer,M,Unknown,Divorced,Blue
Existing Customer,M,Uneducated,Single,Blue
Existing Customer,M,College,Married,Blue
Existing Customer,M,Uneducated,Married,Blue
Existing Customer,M,Uneducated,Single,Blue
Existing Customer,F,Unknown,Single,Blue
Attrited Customer,M,Graduate,Unknown,Blue
Existing Customer,F,High School,Married,Blue
Existing Customer,M,Doctorate,Single,Blue
Existing Customer,F,College,Married,Blue
Existing Customer,F,Unknown,Unknown,Blue
Existing Customer,M,Graduate,Married,Blue
Existing Customer,F,Graduate,Unknown,Blue
Existing Customer,F,Graduate,Divorced,Blue
Existing Customer,F,High School,Single,Blue
Existing Customer,M,Unknown,Single,Blue
Existing Customer,M,Graduate,Married,Blue
Existing Customer,M,Unknown,Married,Blue
Existing Customer,F,College,Married,Blue
Existing Customer,M,High School,Single,Blue
Existing Customer,F,Unknown,Married,Blue
Existing Customer,F,Unknown,Married,Blue
Existing Customer,M,Unknown,Single,Silver
Existing Customer,M,High School,Single,Blue
Existing Customer,M,Graduate,Married,Blue
Existing Customer,M,Graduate,Single,Blue
Existing Customer,M,Graduate,Single,Silver
Existing Customer,M,Uneducated,Married,Blue
Existing Customer,M,Unknown,Married,Blue
Existing Customer,F,Uneducated,Married,Blue
Existing Customer,M,Graduate,Married,Blue
Existing Customer,F,High School,Single,Blue
Existing Customer,F,Doctorate,Single,Blue
Existing Customer,M,High School,Single,Blue
Existing Customer,M,Graduate,Divorced,Blue
Attrited Customer,F,College,Single,Blue
Existing Customer,M,High School,Divorced,Blue
Attrited Customer,F,High School,Single,Blue
Existing Customer,F,Unknown,Single,Blue
Existing Customer,M,College,Single,Blue
Existing Customer,M,Graduate,Single,Blue
Existing Customer,F,Graduate,Single,Blue
Existing Customer,M,Uneducated,Married,Blue
Existing Customer,F,College,Single,Blue
Existing Customer,M,Uneducated,Married,Silver
Existing Customer,M,Graduate,Single,Blue
Existing Customer,M,Graduate,Married,Blue
Existing Customer,F,Post-Graduate,Single,Blue
Existing Customer,M,Unknown,Married,Blue
Attrited Customer,F,Unknown,Single,Blue
Existing Customer,F,High School,Unknown,Blue
Existing Customer,M,College,Single,Blue
Existing Customer,M,Graduate,Married,Blue
Existing Customer,M,High School,Single,Blue
Existing Customer,M,High School,Married,Blue
Existing Customer,M,High School,Divorced,Blue
Existing Customer,M,Graduate,Single,Blue
Existing Customer,M,Graduate,Single,Blue
Existing Customer,F,College,Single,Blue
Existing Customer,M,Unknown,Married,Blue
Existing Customer,F,Unknown,Married,Blue
Existing Customer,M,Doctorate,Single,Blue
Existing Customer,M,Unknown,Divorced,Blue
Existing Customer,M,College,Married,Blue
Existing Customer,M,Unknown,Married,Blue
Existing Customer,M,College,Married,Blue
Existing Customer,M,Graduate,Married,Blue
Existing Customer,M,Unknown,Single,Blue
Attrited Customer,M,High School,Married,Blue
Existing Customer,M,Unknown,Married,Blue
Existing Customer,F,Uneducated,Single,Blue
Existing Customer,M,Unknown,Married,Blue
Existing Customer,F,Post-Graduate,Married,Blue
Existing Customer,M,High School,Married,Blue
Existing Customer,F,Uneducated,Married,Blue
Existing Customer,F,Unknown,Married,Blue
Existing Customer,F,High School,Single,Silver
Existing Customer,M,Unknown,Married,Blue
Attrited Customer,M,College,Single,Blue
Existing Customer,M,High School,Single,Blue
Existing Customer,F,Graduate,Divorced,Blue
Existing Customer,F,College,Single,Blue
Existing Customer,M,Graduate,Unknown,Blue
Existing Customer,F,Graduate,Single,Silver
Existing Customer,F,Doctorate,Married,Blue
Existing Customer,M,College,Single,Silver
Existing Customer,M,High School,Single,Blue
Existing Customer,F,Graduate,Single,Blue
Existing Customer,M,Unknown,Unknown,Blue
Existing Customer,M,Doctorate,Divorced,Blue
Existing Customer,F,Graduate,Married,Blue
Existing Customer,M,Unknown,Single,Blue
Existing Customer,M,Post-Graduate,Married,Silver
Existing Customer,M,Graduate,Married,Blue
Existing Customer,F,Uneducated,Unknown,Blue
Existing Customer,F,High School,Single,Blue
Existing Customer,F,High School,Married,Blue
Existing Customer,M,College,Married,Blue
Attrited Customer,F,Graduate,Single,Blue
Existing Customer,M,Unknown,Single,Silver
Existing Customer,M,Graduate,Single,Blue
Existing Customer,F,Graduate,Divorced,Blue
Existing Customer,M,Graduate,Divorced,Blue
Existing Customer,F,High School,Single,Silver
Existing Customer,M,Graduate,Married,Blue
Existing Customer,F,Graduate,Single,Blue
Existing Customer,M,High School,Single,Silver
Attrited Customer,M,Post-Graduate,Single,Blue
Attrited Customer,M,High School,Married,Blue
Existing Customer,F,Doctorate,Married,Blue
Existing Customer,M,Unknown,Single,Blue
Existing Customer,M,Uneducated,Divorced,Blue
Existing Customer,F,Graduate,Single,Blue
Existing Customer,M,High School,Single,Blue
Existing Customer,M,Graduate,Single,Blue
Existing Customer,M,Post-Graduate,Married,Blue
Existing Customer,M,Graduate,Married,Blue
Existing Customer,F,Graduate,Single,Blue
Existing Customer,M,Unknown,Unknown,Blue
Existing Customer,M,Uneducated,Single,Blue
Existing Customer,F,Doctorate,Married,Blue
Existing Customer,M,Uneducated,Single,Blue
Existing Customer,M,High School,Single,Blue
Existing Customer,M,College,Single,Blue
Existing Customer,M,Graduate,Single,Blue
Existing Customer,F,Graduate,Single,Gold
Existing Customer,M,Graduate,Single,Blue
Existing Customer,M,High School,Single,Blue
Existing Customer,M,Graduate,Single,Silver
Existing Customer,M,Graduate,Married,Blue
Existing Customer,F,Unknown,Unknown,Blue
Attrited Customer,M,Post-Graduate,Unknown,Blue
Existing Customer,F,High School,Unknown,Blue
Existing Customer,F,Uneducated,Single,Blue
Existing Customer,F,Graduate,Single,Blue
Existing Customer,M,Uneducated,Single,Blue
Existing Customer,M,Graduate,Single,Blue
Existing Customer,M,Graduate,Single,Blue
Existing Customer,F,High School,Single,Blue
Existing Customer,F,Graduate,Married,Blue
Existing Customer,M,Uneducated,Married,Blue
Existing Customer,M,High School,Divorced,Blue
Existing Customer,M,Graduate,Single,Blue
Existing Customer,M,Unknown,Married,Blue
Existing Customer,M,Graduate,Single,Blue
Existing Customer,M,Uneducated,Single,Blue
Attrited Customer,M,Graduate,Married,Blue
Existing Customer,M,College,Single,Blue
Existing Customer,F,Graduate,Single,Silver
Existing Customer,F,Uneducated,Married,Blue
Existing Customer,F,Graduate,Divorced,Blue
Existing Customer,M,Unknown,Married,Blue
Existing Customer,M,Graduate,Single,Blue
Existing Customer,M,Post-Graduate,Single,Blue
Existing Customer,F,Doctorate,Married,Blue
Existing Customer,M,Graduate,Single,Blue
Existing Customer,M,Graduate,Single,Blue
Existing Customer,F,Post-Graduate,Divorced,Blue
Existing Customer,M,Unknown,Single,Blue
Attrited Customer,F,Graduate,Married,Blue
Existing Customer,F,Uneducated,Divorced,Blue
Existing Customer,F,Graduate,Single,Blue
Existing Customer,M,Unknown,Unknown,Blue
Existing Customer,F,High School,Married,Blue
Existing Customer,F,Graduate,Married,Blue
Existing Customer,M,Unknown,Unknown,Blue
Existing Customer,F,High School,Divorced,Blue
Existing Customer,F,College,Married,Blue
Attrited Customer,M,Unknown,Single,Silver
Existing Customer,F,Unknown,Single,Blue
Existing Customer,F,Unknown,Married,Blue
Existing Customer,M,Post-Graduate,Married,Blue
Existing Customer,F,Uneducated,Single,Silver
Existing Customer,M,Unknown,Single,Blue
Existing Customer,F,High School,Married,Blue
Existing Customer,M,College,Single,Blue
Attrited Customer,M,Graduate,Single,Blue
Existing Customer,F,High School,Single,Blue
Existing Customer,M,Unknown,Married,Blue
Existing Customer,M,Graduate,Divorced,Blue
Existing Customer,F,Uneducated,Divorced,Silver
Existing Customer,M,High School,Single,Blue
Existing Customer,M,High School,Married,Blue
Existing Customer,M,Unknown,Married,Silver
Existing Customer,M,Graduate,Single,Blue
Existing Customer,M,Graduate,Married,Blue
Existing Customer,M,College,Single,Blue
Existing Customer,F,Unknown,Single,Blue
Existing Customer,M,Unknown,Single,Blue
Existing Customer,F,Graduate,Married,Silver
Existing Customer,F,Unknown,Single,Blue
Existing Customer,M,Graduate,Married,Blue
Existing Customer,F,Uneducated,Single,Blue
Existing Customer,F,College,Married,Blue
Existing Customer,M,High School,Married,Blue
Existing Customer,M,Unknown,Single,Gold
Existing Customer,F,College,Single,Blue
Existing Customer,M,Graduate,Divorced,Blue
Existing Customer,M,High School,Single,Blue
Existing Customer,F,High School,Divorced,Blue
Existing Customer,M,High School,Married,Blue
Existing Customer,F,College,Married,Blue
Existing Customer,M,Graduate,Married,Blue
Existing Customer,F,Graduate,Divorced,Blue
Existing Customer,F,College,Single,Blue
Attrited Customer,M,Unknown,Married,Blue
Existing Customer,M,High School,Married,Blue
Existing Customer,M,Graduate,Married,Blue
Existing Customer,M,Graduate,Married,Blue
Existing Customer,F,Graduate,Single,Silver
Existing Customer,M,Unknown,Single,Blue
Existing Customer,F,College,Divorced,Blue
Attrited Customer,M,College,Single,Blue
Existing Customer,M,Graduate,Single,Blue
Existing Customer,M,Unknown,Married,Blue
Existing Customer,F,Uneducated,Single,Silver
Attrited Customer,F,Uneducated,Married,Blue
Existing Customer,M,High School,Unknown,Blue
Existing Customer,M,Graduate,Married,Blue
Existing Customer,F,Unknown,Single,Blue
Existing Customer,M,Unknown,Divorced,Blue
Existing Customer,F,Graduate,Single,Blue
Existing Customer,F,High School,Married,Blue
Existing Customer,M,High School,Single,Blue
Existing Customer,F,Post-Graduate,Single,Blue
Existing Customer,F,College,Unknown,Blue
Existing Customer,F,Uneducated,Single,Blue
Existing Customer,F,Graduate,Single,Blue
Existing Customer,M,Unknown,Married,Blue
Existing Customer,M,Unknown,Married,Silver
Attrited Customer,M,Unknown,Single,Blue
Existing Customer,F,Graduate,Single,Silver
Attrited Customer,M,High School,Single,Blue
Existing Customer,M,High School,Single,Blue
Existing Customer,M,Graduate,Single,Blue
Existing Customer,M,Graduate,Married,Blue
Existing Customer,F,High School,Married,Blue
Existing Customer,F,Uneducated,Single,Blue
Existing Customer,M,Uneducated,Unknown,Blue
Attrited Customer,M,Graduate,Unknown,Blue
Existing Customer,F,High School,Single,Blue
Existing Customer,F,Graduate,Married,Blue
Existing Customer,M,High School,Single,Blue
Existing Customer,M,Graduate,Single,Blue
Existing Customer,F,Graduate,Single,Blue
Existing Customer,M,College,Married,Blue
Attrited Customer,M,High School,Single,Blue
Existing Customer,M,Graduate,Married,Silver
Existing Customer,M,Unknown,Married,Blue
Existing Customer,M,Graduate,Married,Blue
Attrited Customer,M,Uneducated,Divorced,Silver
Existing Customer,F,College,Single,Blue
Existing Customer,M,Unknown,Married,Blue
Attrited Customer,F,Unknown,Single,Blue
Existing Customer,M,Graduate,Single,Blue
Existing Customer,F,High School,Single,Blue
Existing Customer,M,Graduate,Single,Blue
Existing Customer,F,Uneducated,Married,Blue
Existing Customer,M,Graduate,Single,Blue
Existing Customer,M,High School,Married,Blue
Existing Customer,M,Post-Graduate,Single,Blue
Existing Customer,F,High School,Single,Blue
Attrited Customer,F,Uneducated,Single,Silver
Existing Customer,F,Graduate,Married,Blue
Existing Customer,F,Unknown,Married,Blue
Existing Customer,M,Uneducated,Single,Blue
Existing Customer,F,Uneducated,Single,Blue
Existing Customer,M,Uneducated,Single,Blue
Existing Customer,M,Graduate,Married,Blue
Existing Customer,M,High School,Single,Blue
Attrited Customer,M,Unknown,Unknown,Blue
Existing Customer,F,Graduate,Married,Blue
Existing Customer,M,High School,Married,Blue
Existing Customer,M,Graduate,Married,Blue
Existing Customer,M,Uneducated,Single,Blue
Existing Customer,M,Uneducated,Unknown,Blue
Attrited Customer,M,Unknown,Single,Blue
Existing Customer,M,Unknown,Single,Blue
Existing Customer,F,High School,Single,Blue
Attrited Customer,M,Graduate,Married,Blue
Existing Customer,M,Doctorate,Married,Blue
Attrited Customer,M,Graduate,Single,Blue
Existing Customer,F,Uneducated,Single,Blue
Existing Customer,F,Graduate,Married,Blue
Existing Customer,M,Uneducated,Divorced,Blue
Existing Customer,M,Uneducated,Divorced,Blue
Attrited Customer,F,Unknown,Married,Blue
Existing Customer,M,High School,Single,Blue
Existing Customer,M,Graduate,Married,Blue
Existing Customer,F,Unknown,Unknown,Blue
Existing Customer,M,Graduate,Married,Blue
Existing Customer,M,Graduate,Single,Blue
Existing Customer,M,Graduate,Unknown,Blue
Existing Customer,M,Graduate,Married,Blue
Existing Customer,M,Uneducated,Married,Blue
Existing Customer,M,High School,Married,Blue
Existing Customer,M,Unknown,Single,Blue
Existing Customer,F,Unknown,Divorced,Blue
Existing Customer,M,High School,Married,Blue
Existing Customer,M,College,Single,Silver
Attrited Customer,M,Uneducated,Single,Blue
Existing Customer,F,Unknown,Married,Blue
Existing Customer,M,Graduate,Married,Blue
Existing Customer,M,High School,Unknown,Blue
Existing Customer,M,College,Married,Blue
Existing Customer,M,Unknown,Married,Blue
Existing Customer,M,College,Single,Blue
Existing Customer,M,Post-Graduate,Married,Blue
Existing Customer,M,Graduate,Divorced,Blue
Attrited Customer,M,Uneducated,Married,Blue
Existing Customer,M,High School,Divorced,Blue
Existing Customer,F,Doctorate,Single,Blue
Existing Customer,F,Graduate,Divorced,Blue
Existing Customer,M,High School,Divorced,Blue
Existing Customer,M,College,Single,Blue
Existing Customer,F,Graduate,Married,Blue
Attrited Customer,M,Doctorate,Married,Blue
Existing Customer,M,Graduate,Single,Blue
Existing Customer,M,Unknown,Single,Blue
Existing Customer,M,Graduate,Unknown,Blue
Existing Customer,M,College,Single,Blue
Existing Customer,F,Uneducated,Married,Blue
Existing Customer,F,High School,Married,Blue
Existing Customer,M,Post-Graduate,Unknown,Blue
Existing Customer,F,Graduate,Married,Blue
Existing Customer,M,Graduate,Single,Blue
Existing Customer,F,Uneducated,Divorced,Blue
Existing Customer,M,Unknown,Married,Blue
Existing Customer,F,Unknown,Single,Blue
Existing Customer,F,Post-Graduate,Single,Blue
Existing Customer,F,Unknown,Single,Blue
Existing Customer,M,Unknown,Single,Silver
Existing Customer,M,Graduate,Married,Blue
Existing Customer,M,Doctorate,Unknown,Blue
Existing Customer,M,Unknown,Single,Blue
Existing Customer,M,Unknown,Single,Blue
Existing Customer,M,Graduate,Single,Blue
Existing Customer,M,Graduate,Single,Blue
Existing Customer,M,Graduate,Married,Blue
Existing Customer,F,Unknown,Single,Blue
Existing Customer,M,Graduate,Married,Blue
Existing Customer,M,College,Single,Blue
Existing Customer,M,Graduate,Single,Blue
Existing Customer,M,Doctorate,Single,Blue
Existing Customer,M,Unknown,Divorced,Blue
Existing Customer,F,High School,Single,Blue
Existing Customer,M,Unknown,Single,Blue
Existing Customer,F,Uneducated,Divorced,Blue
Existing Customer,F,College,Divorced,Blue
Existing Customer,M,College,Single,Blue
Existing Customer,M,High School,Single,Blue
Existing Customer,M,Doctorate,Single,Blue
Existing Customer,M,High School,Unknown,Blue
Existing Customer,M,High School,Unknown,Blue
Attrited Customer,F,Doctorate,Unknown,Blue
Existing Customer,M,Uneducated,Single,Blue
Existing Customer,M,College,Single,Blue
Attrited Customer,F,Uneducated,Married,Blue
Existing Customer,M,High School,Married,Blue
Existing Customer,F,Unknown,Married,Blue
Existing Customer,F,College,Single,Blue
Existing Customer,F,Graduate,Single,Silver
Existing Customer,M,Unknown,Unknown,Blue
Existing Customer,F,Uneducated,Single,Blue
Existing Customer,M,Doctorate,Single,Blue
Existing Customer,M,Graduate,Single,Blue
Attrited Customer,F,Graduate,Single,Blue
Attrited Customer,F,Graduate,Married,Blue
Existing Customer,F,Unknown,Single,Blue
Existing Customer,F,High School,Single,Blue
Existing Customer,F,Unknown,Single,Blue
Attrited Customer,M,Graduate,Single,Blue
Existing Customer,M,Graduate,Married,Blue
Existing Customer,F,Graduate,Single,Silver
Existing Customer,M,High School,Single,Blue
Existing Customer,F,Unknown,Single,Blue
Existing Customer,M,Graduate,Unknown,Blue
Existing Customer,M,Uneducated,Married,Blue
Existing Customer,M,High School,Divorced,Blue
Existing Customer,F,Uneducated,Single,Blue
Existing Customer,M,Graduate,Single,Blue
Existing Customer,F,Unknown,Single,Blue
Existing Customer,F,High School,Single,Blue
Existing Customer,M,Post-Graduate,Single,Blue
Existing Customer,M,High School,Single,Blue
Existing Customer,M,Graduate,Unknown,Blue
Existing Customer,F,High School,Single,Blue
Existing Customer,M,High School,Single,Blue
Attrited Customer,M,High School,Single,Blue
Existing Customer,M,High School,Married,Blue
Existing Customer,M,Graduate,Married,Blue
Existing Customer,F,High School,Unknown,Blue
Attrited Customer,M,Graduate,Single,Silver
Existing Customer,M,Graduate,Single,Blue
Existing Customer,F,College,Married,Blue
Existing Customer,F,Uneducated,Married,Silver
Existing Customer,M,Unknown,Unknown,Blue
Existing Customer,M,High School,Married,Blue
Existing Customer,M,Graduate,Unknown,Blue
Existing Customer,F,Graduate,Unknown,Silver
Existing Customer,F,Graduate,Unknown,Blue
Existing Customer,F,Graduate,Married,Blue
Attrited Customer,F,Unknown,Married,Blue
Attrited Customer,M,Graduate,Divorced,Blue
Existing Customer,M,Graduate,Married,Blue
Existing Customer,M,Graduate,Married,Blue
Existing Customer,M,Graduate,Married,Blue
Existing Customer,M,Uneducated,Single,Silver
Existing Customer,F,Graduate,Single,Silver
Existing Customer,M,Graduate,Single,Blue
Attrited Customer,M,College,Single,Blue
Existing Customer,F,Uneducated,Married,Blue
Existing Customer,M,College,Divorced,Blue
Existing Customer,F,Graduate,Unknown,Silver
Attrited Customer,F,Graduate,Single,Blue
Existing Customer,M,Graduate,Single,Blue
Existing Customer,M,High School,Single,Blue
Existing Customer,F,High School,Married,Blue
Existing Customer,M,Graduate,Single,Blue
Existing Customer,F,Post-Graduate,Divorced,Blue
Existing Customer,M,Doctorate,Single,Blue
Existing Customer,M,Graduate,Single,Blue
Existing Customer,F,High School,Married,Blue
Existing Customer,M,Uneducated,Married,Blue
Existing Customer,M,Unknown,Married,Blue
Existing Customer,F,College,Single,Blue
Existing Customer,M,Unknown,Married,Blue
Existing Customer,F,Graduate,Single,Blue
Existing Customer,M,Unknown,Married,Blue
Existing Customer,F,Unknown,Married,Blue
Existing Customer,M,Post-Graduate,Divorced,Blue
Existing Customer,M,College,Married,Blue
Existing Customer,M,Unknown,Single,Blue
Existing Customer,F,High School,Unknown,Blue
Existing Customer,F,Graduate,Married,Blue
Existing Customer,F,High School,Single,Blue
Attrited Customer,F,Graduate,Divorced,Blue
Existing Customer,M,Uneducated,Married,Blue
Existing Customer,M,Graduate,Single,Silver
Existing Customer,M,Unknown,Single,Blue
Existing Customer,M,Uneducated,Divorced,Blue
Existing Customer,M,Graduate,Divorced,Blue
Existing Customer,F,Uneducated,Unknown,Silver
Existing Customer,M,College,Married,Blue
Attrited Customer,M,Graduate,Single,Blue
Attrited Customer,F,Unknown,Single,Blue
Existing Customer,F,Graduate,Single,Blue
Existing Customer,M,College,Single,Blue
Attrited Customer,M,Graduate,Married,Blue
Attrited Customer,F,Doctorate,Single,Blue
Existing Customer,M,Uneducated,Single,Blue
Existing Customer,F,Graduate,Married,Blue
Attrited Customer,M,Graduate,Married,Blue
Existing Customer,M,Graduate,Single,Blue
Existing Customer,F,Graduate,Married,Blue
Existing Customer,F,Graduate,Single,Gold
Existing Customer,M,Unknown,Married,Blue
Existing Customer,M,Unknown,Single,Blue
Attrited Customer,F,Doctorate,Married,Blue
Existing Customer,F,High School,Single,Blue
Existing Customer,M,Graduate,Unknown,Blue
Existing Customer,F,Graduate,Single,Silver
Existing Customer,F,Graduate,Married,Blue
Existing Customer,M,Graduate,Married,Blue
Attrited Customer,M,Graduate,Single,Blue
Existing Customer,M,Unknown,Married,Blue
Existing Customer,M,High School,Unknown,Blue
Existing Customer,M,High School,Single,Blue
Existing Customer,M,Unknown,Married,Blue
Existing Customer,F,Unknown,Single,Blue
Existing Customer,F,Graduate,Single,Blue
Existing Customer,F,Uneducated,Single,Blue
Existing Customer,F,Post-Graduate,Single,Silver
Existing Customer,F,Doctorate,Single,Blue
Attrited Customer,M,Unknown,Single,Blue
Existing Customer,M,Unknown,Married,Blue
Existing Customer,F,Graduate,Single,Blue
Existing Customer,M,College,Single,Blue
Existing Customer,M,High School,Single,Blue
Existing Customer,F,High School,Married,Blue
Attrited Customer,M,High School,Single,Blue
Existing Customer,M,Doctorate,Married,Blue
Existing Customer,M,Uneducated,Divorced,Silver
Existing Customer,F,Unknown,Married,Blue
Existing Customer,M,Graduate,Married,Silver
Existing Customer,M,Unknown,Married,Blue
Existing Customer,M,Graduate,Single,Blue
Existing Customer,F,Graduate,Single,Blue
Existing Customer,M,High School,Married,Blue
Existing Customer,F,Uneducated,Married,Blue
Existing Customer,M,Unknown,Divorced,Silver
Existing Customer,F,Graduate,Married,Blue
Existing Customer,F,High School,Married,Blue
Existing Customer,F,Unknown,Married,Blue
Existing Customer,F,Uneducated,Unknown,Blue
Existing Customer,M,Graduate,Single,Silver
Existing Customer,F,Graduate,Married,Blue
Existing Customer,F,Graduate,Married,Blue
Existing Customer,M,Unknown,Divorced,Blue
Existing Customer,M,College,Single,Blue
Attrited Customer,F,High School,Single,Blue
Existing Customer,F,Unknown,Unknown,Blue
Existing Customer,F,Graduate,Single,Blue
Existing Customer,F,Uneducated,Married,Silver
Existing Customer,M,High School,Single,Blue
Existing Customer,F,Unknown,Single,Blue
Attrited Customer,F,Graduate,Married,Blue
Existing Customer,F,Unknown,Married,Blue
Existing Customer,M,Graduate,Single,Blue
Existing Customer,M,High School,Married,Blue
Existing Customer,F,Uneducated,Unknown,Blue
Existing Customer,M,Doctorate,Single,Silver
Existing Customer,M,Graduate,Married,Blue
Existing Customer,F,Unknown,Married,Blue
Existing Customer,F,Uneducated,Single,Blue
Existing Customer,M,High School,Married,Blue
Existing Customer,M,High School,Unknown,Blue
Existing Customer,M,High School,Single,Blue
Attrited Customer,F,Graduate,Married,Blue
Attrited Customer,M,Graduate,Single,Blue
Existing Customer,F,College,Unknown,Blue
Existing Customer,M,Uneducated,Single,Blue
Existing Customer,F,Uneducated,Married,Blue
Attrited Customer,M,Graduate,Married,Blue
Existing Customer,F,Graduate,Single,Blue
Existing Customer,M,Doctorate,Married,Blue
Existing Customer,M,High School,Unknown,Blue
Existing Customer,F,Doctorate,Married,Blue
Existing Customer,M,Graduate,Single,Blue
Existing Customer,M,Uneducated,Divorced,Blue
Existing Customer,M,Unknown,Single,Blue
Attrited Customer,F,Graduate,Married,Blue
Existing Customer,F,Unknown,Married,Blue
Existing Customer,F,High School,Single,Blue
Attrited Customer,M,Graduate,Married,Blue
Existing Customer,M,Graduate,Married,Blue
Existing Customer,F,High School,Married,Blue
Existing Customer,M,Graduate,Single,Blue
Existing Customer,M,Graduate,Single,Blue
Attrited Customer,F,Doctorate,Single,Blue
Existing Customer,M,Uneducated,Single,Blue
Existing Customer,M,College,Married,Blue
Existing Customer,F,Unknown,Single,Blue
Existing Customer,M,Doctorate,Single,Blue
Existing Customer,M,Unknown,Divorced,Blue
Existing Customer,M,Unknown,Married,Blue
Existing Customer,F,High School,Married,Blue
Existing Customer,M,Graduate,Married,Blue
Existing Customer,M,Graduate,Married,Blue
Existing Customer,M,Doctorate,Divorced,Blue
Existing Customer,M,Graduate,Single,Blue
Existing Customer,M,Unknown,Married,Blue
Existing Customer,F,Unknown,Married,Blue
Existing Customer,M,Graduate,Single,Blue
Attrited Customer,M,College,Single,Silver
Existing Customer,F,High School,Single,Blue
Attrited Customer,M,High School,Married,Blue
Attrited Customer,M,Graduate,Single,Blue
Existing Customer,F,Graduate,Married,Blue
Existing Customer,F,Graduate,Married,Blue
Existing Customer,M,High School,Single,Blue
Existing Customer,F,Graduate,Unknown,Blue
Existing Customer,F,Graduate,Single,Blue
Existing Customer,F,Uneducated,Married,Blue
Existing Customer,F,Post-Graduate,Married,Silver
Existing Customer,M,Post-Graduate,Married,Blue
Existing Customer,F,High School,Single,Blue
Existing Customer,F,Doctorate,Married,Blue
Existing Customer,M,Unknown,Unknown,Blue
Existing Customer,F,College,Married,Blue
Existing Customer,M,Uneducated,Single,Silver
Existing Customer,M,Graduate,Single,Blue
Existing Customer,F,Graduate,Single,Blue
Existing Customer,M,Graduate,Single,Blue
Attrited Customer,M,High School,Married,Blue
Existing Customer,M,Doctorate,Single,Blue
Existing Customer,M,Uneducated,Married,Blue
Existing Customer,M,Unknown,Married,Blue
Existing Customer,M,Graduate,Single,Blue
Existing Customer,M,Unknown,Single,Blue
Existing Customer,F,Unknown,Married,Blue
Existing Customer,M,Uneducated,Single,Blue
Existing Customer,M,High School,Single,Blue
Attrited Customer,M,Graduate,Married,Blue
Existing Customer,M,High School,Married,Blue
Existing Customer,M,High School,Single,Blue
Existing Customer,F,Uneducated,Single,Blue
Existing Customer,M,High School,Single,Blue
Existing Customer,M,Graduate,Single,Gold
Existing Customer,M,Graduate,Single,Blue
Existing Customer,M,College,Single,Blue
Existing Customer,F,Unknown,Single,Blue
Existing Customer,F,Uneducated,Married,Silver
Existing Customer,F,Uneducated,Divorced,Blue
Existing Customer,F,Uneducated,Single,Blue
Existing Customer,F,Graduate,Single,Blue
Existing Customer,F,Unknown,Unknown,Blue
Existing Customer,F,College,Single,Silver
Existing Customer,M,Graduate,Divorced,Blue
Existing Customer,F,College,Single,Blue
Existing Customer,F,Graduate,Married,Blue
Existing Customer,M,Uneducated,Single,Blue
Existing Customer,M,Uneducated,Married,Blue
Existing Customer,M,Graduate,Married,Blue
Existing Customer,F,College,Single,Blue
Existing Customer,M,Unknown,Divorced,Blue
Existing Customer,F,Uneducated,Divorced,Blue
Existing Customer,M,Graduate,Married,Silver
Existing Customer,F,High School,Single,Blue
Attrited Customer,M,High School,Single,Blue
Existing Customer,F,Unknown,Single,Blue
Existing Customer,M,Graduate,Married,Silver
Existing Customer,M,High School,Single,Blue
Existing Customer,F,Unknown,Single,Blue
Existing Customer,M,Graduate,Unknown,Blue
Attrited Customer,M,Uneducated,Married,Blue
Existing Customer,M,Graduate,Single,Blue
Existing Customer,M,College,Divorced,Blue
Existing Customer,M,High School,Single,Blue
Existing Customer,F,Graduate,Divorced,Blue
Existing Customer,M,Graduate,Single,Blue
Existing Customer,F,Graduate,Married,Blue
Existing Customer,F,Graduate,Single,Blue
Existing Customer,M,Doctorate,Married,Blue
Existing Customer,M,Unknown,Single,Blue
Existing Customer,F,Graduate,Single,Blue
Existing Customer,M,Post-Graduate,Married,Blue
Existing Customer,M,High School,Single,Blue
Existing Customer,F,College,Single,Blue
Existing Customer,F,Graduate,Divorced,Blue
Existing Customer,M,College,Single,Blue
Existing Customer,F,Graduate,Single,Blue
Existing Customer,F,High School,Single,Blue
Existing Customer,F,Graduate,Married,Blue
Existing Customer,M,Graduate,Married,Blue
Existing Customer,F,Graduate,Single,Blue
Existing Customer,M,Post-Graduate,Single,Blue
Attrited Customer,M,High School,Divorced,Blue
Existing Customer,M,Uneducated,Married,Silver
Existing Customer,F,College,Single,Blue
Existing Customer,M,Unknown,Married,Blue
Existing Customer,M,High School,Married,Blue
Existing Customer,M,Unknown,Married,Blue
Attrited Customer,F,Graduate,Married,Blue
Existing Customer,F,High School,Married,Blue
Existing Customer,M,Graduate,Married,Blue
Existing Customer,F,Graduate,Single,Blue
Existing Customer,M,Graduate,Single,Blue
Existing Customer,F,Unknown,Married,Blue
Existing Customer,F,Graduate,Single,Blue
Existing Customer,M,Graduate,Married,Blue
Existing Customer,M,College,Single,Blue
Existing Customer,M,Graduate,Married,Blue
Existing Customer,F,Graduate,Married,Blue
Existing Customer,M,High School,Single,Blue
Existing Customer,F,Doctorate,Single,Blue
Existing Customer,F,High School,Married,Blue
Attrited Customer,F,Graduate,Divorced,Blue
Existing Customer,F,Doctorate,Married,Blue
Existing Customer,F,High School,Married,Blue
Existing Customer,M,High School,Married,Blue
Existing Customer,F,Graduate,Single,Blue
Existing Customer,F,Uneducated,Married,Blue
Existing Customer,F,Uneducated,Single,Blue
Existing Customer,M,High School,Single,Blue
Existing Customer,M,Post-Graduate,Married,Blue
Attrited Customer,F,Unknown,Single,Blue
Existing Customer,F,Uneducated,Single,Blue
Existing Customer,M,Graduate,Married,Blue
Attrited Customer,F,Unknown,Married,Blue
Attrited Customer,F,Graduate,Married,Blue
Attrited Customer,M,Graduate,Single,Blue
Existing Customer,M,College,Unknown,Blue
Existing Customer,M,Graduate,Single,Blue
Existing Customer,F,Post-Graduate,Married,Blue
Existing Customer,M,Doctorate,Married,Blue
Attrited Customer,M,Uneducated,Unknown,Blue
Existing Customer,M,Doctorate,Single,Blue
Attrited Customer,M,Graduate,Single,Blue
Attrited Customer,F,High School,Divorced,Blue
Attrited Customer,M,High School,Single,Blue
Existing Customer,F,High School,Married,Blue
Existing Customer,M,Unknown,Single,Blue
Attrited Customer,M,Uneducated,Unknown,Blue
Existing Customer,M,College,Married,Blue
Existing Customer,F,Uneducated,Unknown,Silver
Existing Customer,F,Graduate,Married,Blue
Existing Customer,M,Post-Graduate,Single,Silver
Existing Customer,M,Uneducated,Single,Blue
Existing Customer,M,High School,Single,Blue
Existing Customer,F,Unknown,Married,Blue
Existing Customer,M,Uneducated,Single,Blue
Existing Customer,M,Unknown,Married,Blue
Existing Customer,M,Graduate,Single,Blue
Existing Customer,F,Unknown,Single,Blue
Existing Customer,M,College,Unknown,Blue
Existing Customer,M,High School,Single,Blue
Existing Customer,F,High School,Single,Blue
Existing Customer,F,Graduate,Married,Blue
Attrited Customer,M,Doctorate,Married,Blue
Existing Customer,F,Graduate,Married,Blue
Existing Customer,M,Graduate,Unknown,Blue
Existing Customer,F,College,Married,Blue
Existing Customer,M,High School,Unknown,Silver
Existing Customer,M,Unknown,Married,Blue
Existing Customer,F,Unknown,Married,Blue
Existing Customer,F,Post-Graduate,Divorced,Blue
Existing Customer,F,College,Single,Blue
Existing Customer,F,Graduate,Single,Blue
Existing Customer,F,Graduate,Married,Blue
Existing Customer,M,Unknown,Single,Blue
Attrited Customer,M,High School,Married,Blue
Existing Customer,F,Doctorate,Single,Blue
Attrited Customer,M,Unknown,Single,Blue
Existing Customer,M,Graduate,Married,Blue
Existing Customer,F,High School,Unknown,Blue
Existing Customer,F,Graduate,Married,Blue
Existing Customer,F,College,Married,Blue
Existing Customer,M,Doctorate,Single,Blue
Existing Customer,F,Graduate,Married,Blue
Attrited Customer,F,Unknown,Single,Blue
Existing Customer,M,Uneducated,Single,Blue
Existing Customer,M,Graduate,Single,Blue
Existing Customer,M,Graduate,Divorced,Blue
Existing Customer,M,Uneducated,Married,Blue
Existing Customer,F,High School,Married,Blue
Existing Customer,F,Graduate,Single,Blue
Existing Customer,M,Post-Graduate,Married,Blue
Existing Customer,M,Uneducated,Divorced,Blue
Existing Customer,F,High School,Married,Blue
Existing Customer,F,High School,Single,Silver
Existing Customer,M,College,Single,Blue
Existing Customer,F,Uneducated,Single,Blue
Attrited Customer,F,College,Unknown,Blue
Existing Customer,M,Uneducated,Unknown,Blue
Attrited Customer,F,Graduate,Married,Blue
Existing Customer,M,Graduate,Divorced,Blue
Attrited Customer,M,Unknown,Married,Blue
Existing Customer,M,High School,Divorced,Blue
Existing Customer,F,Post-Graduate,Single,Gold
Existing Customer,M,High School,Single,Blue
Existing Customer,M,Doctorate,Married,Blue
Attrited Customer,F,Unknown,Single,Blue
Existing Customer,M,Unknown,Unknown,Blue
Existing Customer,M,College,Married,Blue
Existing Customer,M,High School,Single,Blue
Existing Customer,F,Unknown,Divorced,Blue
Attrited Customer,M,High School,Unknown,Gold
Existing Customer,M,Uneducated,Married,Blue
Attrited Customer,F,Unknown,Single,Blue
Existing Customer,M,Graduate,Divorced,Silver
Existing Customer,M,Uneducated,Married,Blue
Existing Customer,M,Unknown,Married,Blue
Existing Customer,F,High School,Single,Blue
Attrited Customer,F,High School,Single,Blue
Existing Customer,M,Graduate,Married,Blue
Existing Customer,M,High School,Single,Blue
Existing Customer,F,Unknown,Single,Blue
Existing Customer,F,Uneducated,Married,Blue
Existing Customer,F,Uneducated,Married,Silver
Existing Customer,M,Unknown,Married,Silver
Existing Customer,M,Uneducated,Single,Blue
Existing Customer,F,Uneducated,Single,Blue
Existing Customer,F,Unknown,Unknown,Blue
Existing Customer,M,College,Single,Silver
Existing Customer,M,Post-Graduate,Single,Blue
Existing Customer,M,High School,Single,Blue
Existing Customer,M,High School,Single,Blue
Existing Customer,F,Graduate,Single,Blue
Existing Customer,M,Uneducated,Single,Blue
Existing Customer,M,High School,Married,Blue
Existing Customer,M,Uneducated,Divorced,Blue
Existing Customer,M,Uneducated,Divorced,Silver
Existing Customer,M,Graduate,Single,Blue
Attrited Customer,F,Post-Graduate,Single,Blue
Attrited Customer,F,Graduate,Single,Blue
Attrited Customer,F,Graduate,Single,Blue
Existing Customer,M,Uneducated,Single,Blue
Existing Customer,F,Graduate,Single,Blue
Existing Customer,F,Graduate,Married,Blue
Existing Customer,M,Post-Graduate,Single,Silver
Existing Customer,F,Graduate,Single,Blue
Existing Customer,F,High School,Married,Blue
Existing Customer,M,Unknown,Unknown,Blue
Existing Customer,F,High School,Single,Blue
Existing Customer,F,College,Single,Blue
Existing Customer,F,College,Divorced,Blue
Existing Customer,F,Uneducated,Married,Blue
Attrited Customer,M,Doctorate,Single,Blue
Existing Customer,F,Unknown,Married,Blue
Existing Customer,M,Uneducated,Single,Silver
Existing Customer,F,High School,Married,Blue
Attrited Customer,M,Graduate,Married,Blue
Existing Customer,M,High School,Married,Blue
Existing Customer,M,High School,Single,Blue
Existing Customer,M,High School,Married,Silver
Existing Customer,M,Unknown,Married,Blue
Existing Customer,M,Graduate,Married,Blue
Existing Customer,M,Uneducated,Single,Blue
Existing Customer,M,High School,Unknown,Blue
Attrited Customer,F,Post-Graduate,Single,Blue
Existing Customer,F,High School,Married,Silver
Existing Customer,M,Graduate,Married,Blue
Existing Customer,F,Unknown,Married,Blue
Existing Customer,F,Graduate,Married,Blue
Existing Customer,M,Unknown,Single,Blue
Existing Customer,F,College,Single,Blue
Existing Customer,F,Uneducated,Single,Blue
Attrited Customer,F,Uneducated,Single,Blue
Existing Customer,F,Post-Graduate,Married,Blue
Existing Customer,F,Graduate,Married,Silver
Existing Customer,M,High School,Single,Blue
Existing Customer,F,Post-Graduate,Single,Blue
Existing Customer,M,Graduate,Single,Blue
Attrited Customer,M,Graduate,Single,Blue
Existing Customer,M,High School,Single,Blue
Existing Customer,M,Graduate,Unknown,Blue
Existing Customer,M,Graduate,Unknown,Blue
Existing Customer,M,College,Divorced,Blue
Existing Customer,M,Uneducated,Single,Blue
Existing Customer,M,Graduate,Married,Blue
Attrited Customer,F,Post-Graduate,Single,Blue
Existing Customer,M,High School,Married,Blue
Existing Customer,M,Graduate,Single,Blue
Existing Customer,M,Uneducated,Divorced,Blue
Existing Customer,F,Unknown,Unknown,Blue
Existing Customer,F,Graduate,Married,Blue
Existing Customer,M,Graduate,Single,Blue
Existing Customer,F,Post-Graduate,Divorced,Blue
Existing Customer,F,Uneducated,Single,Blue
Existing Customer,M,Uneducated,Married,Blue
Existing Customer,F,High School,Single,Blue
Existing Customer,M,Unknown,Married,Blue
Existing Customer,M,Graduate,Single,Blue
Existing Customer,F,Post-Graduate,Married,Blue
Existing Customer,M,Graduate,Married,Blue
Existing Customer,F,Graduate,Unknown,Blue
Existing Customer,F,Graduate,Single,Blue
Existing Customer,F,Doctorate,Married,Blue
Existing Customer,M,Uneducated,Divorced,Blue
Existing Customer,F,Graduate,Divorced,Blue
Existing Customer,F,Graduate,Married,Blue
Existing Customer,F,Graduate,Married,Blue
Existing Customer,M,Uneducated,Married,Blue
Existing Customer,M,High School,Divorced,Blue
Existing Customer,M,Graduate,Married,Blue
Attrited Customer,F,High School,Unknown,Blue
Existing Customer,F,Uneducated,Single,Blue
Attrited Customer,M,Unknown,Married,Blue
Existing Customer,M,Graduate,Single,Blue
Existing Customer,F,High School,Married,Blue
Existing Customer,F,Unknown,Single,Blue
Attrited Customer,M,Unknown,Unknown,Blue
Existing Customer,M,High School,Single,Blue
Attrited Customer,M,Graduate,Single,Blue
Existing Customer,F,Graduate,Married,Blue
Existing Customer,F,Graduate,Married,Blue
Existing Customer,M,Uneducated,Married,Blue
Attrited Customer,F,College,Unknown,Blue
Existing Customer,F,Uneducated,Unknown,Blue
Existing Customer,F,Doctorate,Single,Blue
Attrited Customer,F,Graduate,Married,Blue
Existing Customer,M,Graduate,Single,Blue
Existing Customer,F,Uneducated,Single,Blue
Existing Customer,F,Graduate,Single,Silver
Existing Customer,F,Unknown,Single,Blue
Existing Customer,M,Graduate,Single,Blue
Existing Customer,M,Graduate,Married,Blue
Existing Customer,M,Uneducated,Single,Blue
Existing Customer,M,High School,Single,Blue
Attrited Customer,F,Graduate,Married,Blue
Existing Customer,F,High School,Married,Blue
Existing Customer,F,Doctorate,Married,Blue
Existing Customer,F,Graduate,Married,Blue
Existing Customer,F,Uneducated,Married,Blue
Existing Customer,M,Doctorate,Single,Blue
Existing Customer,M,Graduate,Single,Blue
Attrited Customer,F,Graduate,Single,Blue
Existing Customer,M,Unknown,Single,Blue
Existing Customer,F,Graduate,Divorced,Blue
Attrited Customer,F,Unknown,Single,Blue
Existing Customer,M,Post-Graduate,Married,Blue
Attrited Customer,F,Doctorate,Married,Platinum
Attrited Customer,F,Uneducated,Married,Blue
Existing Customer,M,Unknown,Single,Blue
Existing Customer,F,College,Single,Blue
Existing Customer,M,Graduate,Married,Blue
Existing Customer,F,Graduate,Unknown,Blue
Attrited Customer,M,Graduate,Single,Blue
Existing Customer,M,Uneducated,Divorced,Blue
Attrited Customer,M,Unknown,Single,Blue
Existing Customer,F,Unknown,Married,Blue
Attrited Customer,M,High School,Married,Blue
Attrited Customer,F,Graduate,Single,Blue
Existing Customer,F,Uneducated,Single,Blue
Attrited Customer,M,Uneducated,Single,Silver
Existing Customer,M,Uneducated,Married,Blue
Existing Customer,F,Unknown,Single,Blue
Existing Customer,M,High School,Single,Blue
Existing Customer,F,Unknown,Married,Blue
Existing Customer,M,Doctorate,Single,Blue
Existing Customer,F,High School,Single,Blue
Attrited Customer,F,Post-Graduate,Single,Blue
Existing Customer,M,High School,Married,Blue
Existing Customer,M,Graduate,Married,Blue
Existing Customer,F,Uneducated,Single,Blue
Existing Customer,M,College,Unknown,Blue
Existing Customer,F,Graduate,Single,Blue
Existing Customer,F,Uneducated,Married,Blue
Existing Customer,F,Uneducated,Single,Blue
Existing Customer,M,Uneducated,Single,Blue
Existing Customer,F,High School,Single,Blue
Existing Customer,F,Graduate,Single,Blue
Existing Customer,M,Graduate,Married,Blue
Existing Customer,M,High School,Married,Blue
Existing Customer,F,Doctorate,Single,Blue
Existing Customer,M,Graduate,Married,Blue
Attrited Customer,M,College,Single,Blue
Existing Customer,M,Uneducated,Married,Blue
Attrited Customer,M,Uneducated,Single,Blue
Existing Customer,M,Doctorate,Single,Blue
Attrited Customer,M,High School,Married,Blue
Existing Customer,M,Uneducated,Single,Blue
Existing Customer,M,Uneducated,Married,Blue
Existing Customer,F,High School,Single,Blue
Existing Customer,F,Uneducated,Single,Blue
Existing Customer,M,Post-Graduate,Married,Silver
Existing Customer,F,Graduate,Single,Blue
Existing Customer,F,Uneducated,Married,Blue
Existing Customer,M,High School,Married,Blue
Existing Customer,F,High School,Single,Blue
Existing Customer,F,Graduate,Married,Blue
Existing Customer,F,College,Single,Blue
Attrited Customer,M,Unknown,Married,Blue
Existing Customer,F,Graduate,Unknown,Blue
Existing Customer,M,Uneducated,Unknown,Blue
Existing Customer,F,High School,Single,Blue
Existing Customer,M,Graduate,Married,Blue
Existing Customer,F,Post-Graduate,Unknown,Blue
Existing Customer,F,Uneducated,Single,Blue
Existing Customer,F,Unknown,Unknown,Blue
Attrited Customer,F,High School,Married,Blue
Existing Customer,M,High School,Unknown,Silver
Existing Customer,M,Post-Graduate,Married,Blue
Existing Customer,F,Graduate,Single,Blue
Existing Customer,F,Graduate,Married,Silver
Existing Customer,M,College,Married,Blue
Existing Customer,F,Graduate,Married,Blue
Existing Customer,M,Uneducated,Married,Blue
Existing Customer,M,Unknown,Married,Blue
Existing Customer,M,Uneducated,Married,Blue
Existing Customer,F,Graduate,Married,Blue
Existing Customer,M,High School,Single,Blue
Existing Customer,F,Post-Graduate,Single,Blue
Existing Customer,M,Doctorate,Single,Blue
Existing Customer,F,Graduate,Divorced,Blue
Existing Customer,F,Unknown,Single,Blue
Existing Customer,M,High School,Single,Blue
Existing Customer,M,Post-Graduate,Single,Blue
Existing Customer,M,Graduate,Unknown,Blue
Existing Customer,F,College,Married,Blue
Existing Customer,F,College,Married,Blue
Existing Customer,F,Graduate,Single,Blue
Existing Customer,F,Uneducated,Married,Blue
Existing Customer,F,Doctorate,Married,Blue
Existing Customer,M,Graduate,Married,Blue
Existing Customer,M,High School,Single,Blue
Existing Customer,M,Graduate,Married,Blue
Existing Customer,F,Graduate,Single,Blue
Existing Customer,F,Unknown,Single,Blue
Existing Customer,F,Unknown,Single,Silver
Attrited Customer,M,Uneducated,Single,Blue
Existing Customer,F,Graduate,Single,Blue
Attrited Customer,F,High School,Single,Blue
Existing Customer,M,High School,Married,Blue
Attrited Customer,F,High School,Married,Blue
Existing Customer,F,High School,Married,Blue
Existing Customer,M,Uneducated,Unknown,Blue
Existing Customer,M,Unknown,Divorced,Blue
Existing Customer,M,Graduate,Divorced,Blue
Existing Customer,F,High School,Unknown,Blue
Existing Customer,M,Uneducated,Single,Blue
Existing Customer,M,Uneducated,Unknown,Blue
Existing Customer,F,Unknown,Single,Blue
Existing Customer,M,Uneducated,Single,Blue
Existing Customer,F,Post-Graduate,Married,Blue
Attrited Customer,M,High School,Married,Blue
Attrited Customer,F,Graduate,Unknown,Blue
Existing Customer,F,Uneducated,Married,Blue
Existing Customer,F,High School,Single,Blue
Existing Customer,M,Graduate,Married,Blue
Attrited Customer,F,Unknown,Married,Blue
Existing Customer,F,College,Single,Blue
Existing Customer,F,Uneducated,Married,Blue
Existing Customer,F,High School,Single,Blue
Existing Customer,F,Unknown,Unknown,Blue
Existing Customer,F,Unknown,Unknown,Blue
Attrited Customer,F,College,Married,Blue
Existing Customer,M,Graduate,Married,Blue
Existing Customer,M,Uneducated,Married,Blue
Existing Customer,F,High School,Single,Blue
Existing Customer,F,College,Single,Blue
Existing Customer,F,Graduate,Single,Blue
Existing Customer,M,Uneducated,Single,Blue
Attrited Customer,F,Post-Graduate,Married,Blue
Existing Customer,F,High School,Married,Blue
Existing Customer,M,Graduate,Single,Blue
Existing Customer,F,Uneducated,Single,Blue
Existing Customer,M,High School,Married,Blue
Existing Customer,M,Graduate,Unknown,Blue
Existing Customer,F,High School,Single,Silver
Existing Customer,M,Unknown,Married,Blue
Existing Customer,F,High School,Married,Blue
Existing Customer,M,Graduate,Single,Blue
Existing Customer,M,Graduate,Single,Blue
Existing Customer,F,Uneducated,Married,Blue
Existing Customer,M,Post-Graduate,Married,Blue
Attrited Customer,F,Uneducated,Divorced,Blue
Attrited Customer,M,Graduate,Divorced,Blue
Existing Customer,F,High School,Married,Blue
Existing Customer,M,Uneducated,Divorced,Blue
Existing Customer,F,Unknown,Divorced,Blue
Attrited Customer,F,Unknown,Married,Silver
Existing Customer,F,College,Married,Blue
Existing Customer,F,Uneducated,Single,Blue
Existing Customer,F,High School,Unknown,Blue
Existing Customer,F,Graduate,Single,Blue
Existing Customer,M,Unknown,Married,Blue
Existing Customer,M,Graduate,Married,Blue
Existing Customer,M,High School,Single,Blue
Existing Customer,M,Doctorate,Divorced,Blue
Existing Customer,M,Unknown,Single,Silver
Attrited Customer,M,Post-Graduate,Married,Blue
Existing Customer,F,Unknown,Married,Blue
Attrited Customer,F,Unknown,Married,Blue
Existing Customer,M,High School,Single,Blue
Attrited Customer,M,Graduate,Single,Blue
Existing Customer,M,College,Unknown,Blue
Attrited Customer,M,Graduate,Single,Blue
Existing Customer,M,High School,Married,Blue
Existing Customer,F,High School,Single,Blue
Attrited Customer,F,Graduate,Single,Blue
Existing Customer,F,Post-Graduate,Single,Blue
Existing Customer,F,Graduate,Single,Blue
Existing Customer,M,High School,Single,Blue
Attrited Customer,F,Uneducated,Single,Blue
Existing Customer,F,Uneducated,Unknown,Blue
Existing Customer,M,Graduate,Single,Blue
Existing Customer,M,Uneducated,Single,Blue
Existing Customer,F,Graduate,Unknown,Blue
Existing Customer,F,Graduate,Single,Blue
Existing Customer,M,Graduate,Single,Blue
Existing Customer,F,Graduate,Married,Blue
Existing Customer,M,College,Married,Blue
Existing Customer,F,Graduate,Married,Blue
Existing Customer,F,College,Married,Blue
Existing Customer,F,Post-Graduate,Married,Blue
Existing Customer,F,Graduate,Married,Blue
Existing Customer,F,Graduate,Unknown,Blue
Existing Customer,M,High School,Married,Blue
Existing Customer,F,Unknown,Divorced,Blue
Existing Customer,F,Graduate,Married,Blue
Existing Customer,F,High School,Single,Blue
Existing Customer,M,Graduate,Married,Blue
Existing Customer,M,College,Single,Blue
Attrited Customer,M,Doctorate,Married,Blue
Existing Customer,M,Graduate,Married,Blue
Existing Customer,M,Graduate,Single,Blue
Existing Customer,F,High School,Single,Blue
Existing Customer,F,Graduate,Single,Blue
Attrited Customer,M,Uneducated,Single,Blue
Existing Customer,F,Graduate,Single,Gold
Attrited Customer,M,College,Divorced,Silver
Existing Customer,M,Post-Graduate,Divorced,Blue
Existing Customer,F,Graduate,Divorced,Blue
Existing Customer,F,Graduate,Divorced,Blue
Attrited Customer,M,College,Married,Blue
Existing Customer,M,College,Divorced,Blue
Existing Customer,M,High School,Single,Blue
Existing Customer,M,Graduate,Single,Blue
Attrited Customer,F,Unknown,Single,Blue
Existing Customer,F,Graduate,Married,Blue
Existing Customer,M,Graduate,Married,Blue
Existing Customer,M,Post-Graduate,Married,Blue
Existing Customer,M,Unknown,Married,Blue
Existing Customer,F,Graduate,Married,Blue
Existing Customer,M,Uneducated,Divorced,Blue
Attrited Customer,F,Graduate,Single,Silver
Existing Customer,F,Unknown,Single,Blue
Existing Customer,F,College,Married,Blue
Existing Customer,F,High School,Single,Blue
Existing Customer,F,Doctorate,Married,Blue
Existing Customer,M,College,Married,Blue
Existing Customer,F,High School,Married,Blue
Existing Customer,F,College,Divorced,Blue
Existing Customer,F,Uneducated,Single,Blue
Existing Customer,M,Graduate,Single,Blue
Existing Customer,F,Post-Graduate,Married,Blue
Existing Customer,F,Uneducated,Unknown,Blue
Attrited Customer,M,Uneducated,Married,Blue
Existing Customer,F,Graduate,Married,Silver
Existing Customer,F,Graduate,Married,Blue
Existing Customer,F,Graduate,Married,Blue
Attrited Customer,M,Graduate,Single,Silver
Existing Customer,M,High School,Married,Blue
Existing Customer,F,Uneducated,Married,Silver
Existing Customer,M,Uneducated,Married,Blue
Existing Customer,M,High School,Single,Blue
Existing Customer,F,High School,Single,Blue
Attrited Customer,M,High School,Divorced,Blue
Existing Customer,M,College,Single,Blue
Existing Customer,M,Graduate,Single,Blue
Attrited Customer,F,Graduate,Single,Blue
Existing Customer,M,High School,Unknown,Blue
Existing Customer,F,Doctorate,Married,Blue
Existing Customer,M,Doctorate,Single,Blue
Attrited Customer,M,High School,Single,Blue
Existing Customer,F,College,Unknown,Blue
Attrited Customer,M,Unknown,Married,Blue
Attrited Customer,F,Graduate,Single,Blue
Existing Customer,M,Graduate,Single,Blue
Existing Customer,M,High School,Married,Blue
Existing Customer,M,Graduate,Single,Blue
Existing Customer,F,College,Single,Blue
Existing Customer,M,High School,Married,Blue
Existing Customer,F,Graduate,Divorced,Blue
Existing Customer,M,Post-Graduate,Single,Blue
Attrited Customer,F,College,Single,Blue
Existing Customer,M,Uneducated,Married,Blue
Existing Customer,M,Graduate,Single,Blue
Existing Customer,M,High School,Single,Blue
Existing Customer,M,High School,Single,Blue
Attrited Customer,M,High School,Married,Blue
Existing Customer,F,Uneducated,Married,Blue
Existing Customer,F,Graduate,Single,Blue
Existing Customer,M,High School,Unknown,Blue
Existing Customer,M,Uneducated,Divorced,Blue
Existing Customer,M,Graduate,Single,Blue
Existing Customer,M,Graduate,Single,Blue
Existing Customer,M,High School,Single,Blue
Existing Customer,F,Unknown,Married,Blue
Existing Customer,F,Graduate,Single,Blue
Existing Customer,F,Graduate,Married,Blue
Existing Customer,F,Unknown,Divorced,Blue
Existing Customer,M,Graduate,Divorced,Blue
Attrited Customer,F,College,Single,Silver
Attrited Customer,M,College,Married,Blue
Existing Customer,M,Graduate,Single,Blue
Existing Customer,F,College,Divorced,Blue
Existing Customer,M,College,Married,Blue
Attrited Customer,F,Graduate,Married,Blue
Existing Customer,F,Unknown,Single,Blue
Existing Customer,F,Unknown,Married,Blue
Existing Customer,F,High School,Married,Blue
Existing Customer,F,Graduate,Married,Blue
Attrited Customer,F,Graduate,Single,Blue
Existing Customer,F,Post-Graduate,Unknown,Blue
Existing Customer,F,Unknown,Unknown,Blue
Existing Customer,F,Uneducated,Single,Blue
Existing Customer,F,High School,Married,Blue
Existing Customer,M,Uneducated,Married,Blue
Existing Customer,F,High School,Single,Blue
Existing Customer,F,Graduate,Single,Blue
Existing Customer,M,Unknown,Single,Blue
Existing Customer,M,High School,Married,Silver
Attrited Customer,M,College,Single,Blue
Existing Customer,F,High School,Single,Blue
Attrited Customer,F,Uneducated,Single,Blue
Existing Customer,M,College,Single,Blue
Attrited Customer,M,College,Single,Blue
Existing Customer,M,High School,Single,Blue
Existing Customer,M,Graduate,Married,Blue
Existing Customer,F,High School,Single,Blue
Existing Customer,F,Graduate,Single,Blue
Existing Customer,F,Post-Graduate,Married,Blue
Existing Customer,M,Graduate,Single,Blue
Existing Customer,F,Uneducated,Single,Blue
Existing Customer,F,Graduate,Single,Blue
Existing Customer,F,High School,Divorced,Blue
Existing Customer,F,Graduate,Married,Blue
Existing Customer,F,High School,Married,Blue
Existing Customer,F,College,Married,Blue
Existing Customer,F,Graduate,Married,Blue
Existing Customer,M,Graduate,Married,Blue
Existing Customer,M,Uneducated,Single,Blue
Attrited Customer,M,High School,Married,Blue
Existing Customer,M,Graduate,Unknown,Blue
Existing Customer,F,Unknown,Married,Blue
Existing Customer,F,Graduate,Single,Blue
Existing Customer,M,Graduate,Single,Blue
Existing Customer,M,Unknown,Single,Blue
Existing Customer,M,Graduate,Unknown,Blue
Existing Customer,F,College,Unknown,Blue
Existing Customer,M,Unknown,Married,Silver
Existing Customer,F,Doctorate,Married,Blue
Existing Customer,F,Post-Graduate,Single,Blue
Existing Customer,F,Unknown,Married,Blue
Existing Customer,F,Graduate,Single,Blue
Attrited Customer,F,Uneducated,Married,Blue
Attrited Customer,F,Uneducated,Married,Blue
Attrited Customer,F,Unknown,Married,Blue
Existing Customer,M,Uneducated,Single,Blue
Existing Customer,M,Graduate,Single,Blue
Existing Customer,M,College,Single,Blue
Existing Customer,M,Graduate,Single,Blue
Existing Customer,M,Uneducated,Married,Blue
Existing Customer,F,Graduate,Married,Blue
Existing Customer,M,College,Unknown,Blue
Existing Customer,F,Graduate,Married,Blue
Existing Customer,M,Uneducated,Married,Blue
Existing Customer,M,High School,Single,Blue
Existing Customer,F,Graduate,Married,Blue
Existing Customer,F,High School,Single,Blue
Existing Customer,M,Unknown,Unknown,Blue
Existing Customer,F,College,Married,Blue
Attrited Customer,M,High School,Married,Blue
Existing Customer,M,Graduate,Single,Blue
Existing Customer,M,College,Married,Blue
Existing Customer,M,Post-Graduate,Married,Blue
Existing Customer,M,Graduate,Married,Blue
Existing Customer,F,Graduate,Married,Blue
Existing Customer,F,Doctorate,Single,Blue
Existing Customer,F,High School,Single,Blue
Existing Customer,M,High School,Married,Blue
Attrited Customer,M,High School,Single,Blue
Existing Customer,M,Graduate,Single,Blue
Attrited Customer,F,Uneducated,Married,Blue
Existing Customer,M,Graduate,Single,Silver
Existing Customer,M,Doctorate,Unknown,Blue
Attrited Customer,M,Uneducated,Single,Silver
Existing Customer,F,Unknown,Single,Blue
Existing Customer,M,Unknown,Married,Blue
Attrited Customer,F,Graduate,Single,Blue
Attrited Customer,F,Graduate,Single,Blue
Existing Customer,F,Unknown,Married,Blue
Attrited Customer,F,Doctorate,Single,Blue
Existing Customer,M,High School,Married,Blue
Existing Customer,F,Graduate,Unknown,Blue
Existing Customer,M,High School,Single,Blue
Existing Customer,F,College,Married,Blue
Existing Customer,F,Uneducated,Divorced,Blue
Existing Customer,F,Unknown,Married,Blue
Attrited Customer,F,Doctorate,Married,Blue
Existing Customer,M,High School,Married,Blue
Existing Customer,M,Uneducated,Married,Blue
Attrited Customer,F,Post-Graduate,Married,Blue
Existing Customer,M,College,Married,Blue
Existing Customer,M,High School,Single,Blue
Existing Customer,M,Unknown,Single,Blue
Existing Customer,F,Graduate,Married,Blue
Existing Customer,M,High School,Unknown,Blue
Existing Customer,M,College,Single,Blue
Existing Customer,M,Uneducated,Married,Blue
Existing Customer,M,Graduate,Divorced,Blue
Existing Customer,M,Graduate,Single,Blue
Existing Customer,M,College,Single,Blue
Existing Customer,F,Unknown,Single,Blue
Existing Customer,M,High School,Unknown,Blue
Existing Customer,M,Unknown,Divorced,Silver
Attrited Customer,F,College,Married,Blue
Existing Customer,F,Uneducated,Divorced,Blue
Existing Customer,M,Unknown,Single,Silver
Existing Customer,M,Doctorate,Married,Blue
Existing Customer,M,Unknown,Married,Blue
Existing Customer,F,High School,Married,Blue
Existing Customer,M,High School,Married,Blue
Attrited Customer,M,Uneducated,Unknown,Blue
Attrited Customer,M,Graduate,Single,Blue
Existing Customer,F,Graduate,Divorced,Blue
Existing Customer,M,Graduate,Married,Blue
Existing Customer,M,Doctorate,Single,Blue
Attrited Customer,F,High School,Single,Blue
Existing Customer,F,Doctorate,Married,Blue
Existing Customer,F,Uneducated,Married,Blue
Attrited Customer,F,College,Single,Blue
Existing Customer,M,Graduate,Unknown,Blue
Attrited Customer,M,Graduate,Married,Blue
Attrited Customer,F,Unknown,Divorced,Blue
Attrited Customer,F,High School,Divorced,Blue
Existing Customer,M,Uneducated,Single,Blue
Attrited Customer,M,Unknown,Divorced,Blue
Existing Customer,M,Graduate,Married,Blue
Existing Customer,M,High School,Single,Blue
Existing Customer,F,Post-Graduate,Married,Blue
Attrited Customer,F,Graduate,Single,Blue
Existing Customer,F,Graduate,Unknown,Blue
Existing Customer,M,Graduate,Married,Blue
Existing Customer,M,Graduate,Single,Blue
Existing Customer,F,High School,Single,Blue
Attrited Customer,F,Graduate,Single,Blue
Existing Customer,M,Doctorate,Single,Blue
Existing Customer,M,Unknown,Single,Blue
Existing Customer,F,High School,Married,Blue
Existing Customer,F,Graduate,Single,Blue
Existing Customer,M,College,Single,Blue
Existing Customer,M,Uneducated,Single,Blue
Existing Customer,F,Graduate,Married,Blue
Existing Customer,F,Uneducated,Married,Blue
Existing Customer,F,College,Married,Blue
Attrited Customer,M,Graduate,Married,Blue
Existing Customer,F,Graduate,Single,Blue
Existing Customer,F,Uneducated,Divorced,Blue
Existing Customer,M,High School,Single,Blue
Existing Customer,M,Graduate,Married,Blue
Existing Customer,F,Unknown,Single,Blue
Existing Customer,F,College,Single,Blue
Attrited Customer,F,Uneducated,Single,Blue
Existing Customer,M,Graduate,Married,Blue
Existing Customer,M,College,Married,Blue
Existing Customer,F,Graduate,Divorced,Blue
Existing Customer,M,High School,Married,Blue
Existing Customer,F,Uneducated,Single,Blue
Existing Customer,M,High School,Single,Blue
Existing Customer,F,Graduate,Married,Blue
Existing Customer,M,Unknown,Single,Blue
Attrited Customer,M,Graduate,Single,Blue
Existing Customer,F,Graduate,Single,Blue
Existing Customer,M,Uneducated,Married,Blue
Existing Customer,F,Unknown,Married,Blue
Attrited Customer,M,Graduate,Single,Blue
Existing Customer,F,Graduate,Unknown,Blue
Existing Customer,F,High School,Unknown,Blue
Existing Customer,M,High School,Married,Blue
Existing Customer,F,Graduate,Unknown,Blue
Existing Customer,M,Graduate,Married,Silver
Existing Customer,F,Uneducated,Married,Blue
Existing Customer,M,Unknown,Married,Blue
Existing Customer,F,Post-Graduate,Divorced,Blue
Attrited Customer,F,High School,Single,Blue
Existing Customer,F,Unknown,Single,Blue
Existing Customer,F,Uneducated,Single,Blue
Attrited Customer,M,Graduate,Single,Silver
Existing Customer,M,Unknown,Married,Blue
Existing Customer,F,Uneducated,Married,Blue
Existing Customer,F,Graduate,Unknown,Blue
Existing Customer,F,High School,Divorced,Blue
Existing Customer,F,Unknown,Married,Blue
Attrited Customer,F,Unknown,Single,Blue
Existing Customer,M,High School,Single,Blue
Existing Customer,F,College,Single,Blue
Existing Customer,M,College,Divorced,Blue
Existing Customer,M,Unknown,Married,Silver
Existing Customer,F,Uneducated,Married,Blue
Existing Customer,F,Graduate,Married,Blue
Attrited Customer,F,High School,Single,Blue
Existing Customer,M,Post-Graduate,Unknown,Blue
Existing Customer,F,Graduate,Married,Blue
Existing Customer,M,Uneducated,Married,Blue
Existing Customer,F,Unknown,Divorced,Blue
Attrited Customer,F,Graduate,Divorced,Blue
Existing Customer,M,Uneducated,Single,Blue
Existing Customer,F,Graduate,Married,Blue
Attrited Customer,F,Graduate,Married,Blue
Existing Customer,F,High School,Single,Blue
Attrited Customer,M,College,Single,Blue
Attrited Customer,F,High School,Married,Blue
Attrited Customer,M,Unknown,Married,Blue
Existing Customer,F,High School,Single,Blue
Existing Customer,M,Unknown,Married,Blue
Existing Customer,M,High School,Single,Blue
Existing Customer,M,Unknown,Single,Blue
Existing Customer,F,Doctorate,Divorced,Blue
Existing Customer,M,Uneducated,Single,Blue
Existing Customer,F,Graduate,Married,Blue
Attrited Customer,M,Uneducated,Unknown,Blue
Existing Customer,F,Graduate,Married,Blue
Existing Customer,F,Post-Graduate,Single,Blue
Existing Customer,F,Uneducated,Single,Blue
Attrited Customer,M,High School,Single,Silver
Existing Customer,M,High School,Married,Blue
Existing Customer,M,High School,Single,Blue
Existing Customer,M,Uneducated,Married,Blue
Existing Customer,F,High School,Single,Blue
Existing Customer,M,Graduate,Divorced,Silver
Existing Customer,F,Unknown,Single,Blue
Existing Customer,M,Graduate,Single,Blue
Existing Customer,M,Uneducated,Divorced,Blue
Existing Customer,M,High School,Married,Blue
Existing Customer,M,High School,Single,Blue
Existing Customer,M,Graduate,Single,Blue
Attrited Customer,M,Uneducated,Married,Blue
Existing Customer,M,High School,Divorced,Blue
Existing Customer,F,High School,Married,Blue
Existing Customer,F,Unknown,Divorced,Blue
Attrited Customer,F,High School,Single,Blue
Existing Customer,M,Graduate,Single,Blue
Existing Customer,F,Unknown,Single,Blue
Existing Customer,F,Graduate,Divorced,Blue
Existing Customer,F,Unknown,Divorced,Blue
Existing Customer,M,High School,Divorced,Blue
Existing Customer,F,College,Married,Blue
Existing Customer,F,Graduate,Single,Blue
Existing Customer,F,Doctorate,Single,Blue
Existing Customer,M,High School,Unknown,Blue
Existing Customer,M,Unknown,Married,Silver
Existing Customer,F,Graduate,Married,Blue
Existing Customer,M,Unknown,Single,Silver
Existing Customer,M,College,Single,Blue
Existing Customer,F,High School,Single,Blue
Existing Customer,F,Graduate,Single,Blue
Existing Customer,M,College,Married,Blue
Existing Customer,F,Unknown,Married,Blue
Existing Customer,M,Graduate,Unknown,Blue
Existing Customer,M,Post-Graduate,Single,Blue
Existing Customer,M,Graduate,Married,Blue
Existing Customer,M,Uneducated,Single,Blue
Existing Customer,M,Graduate,Married,Blue
Attrited Customer,M,Graduate,Single,Blue
Existing Customer,F,Doctorate,Single,Blue
Existing Customer,F,Graduate,Single,Silver
Existing Customer,F,Unknown,Married,Blue
Existing Customer,F,Graduate,Single,Blue
Existing Customer,M,Uneducated,Married,Blue
Existing Customer,M,Graduate,Single,Blue
Existing Customer,F,Unknown,Single,Blue
Existing Customer,M,Graduate,Single,Blue
Existing Customer,M,Unknown,Single,Blue
Attrited Customer,M,Graduate,Single,Blue
Existing Customer,F,Graduate,Married,Blue
Existing Customer,M,High School,Married,Blue
Existing Customer,F,Graduate,Single,Blue
Attrited Customer,F,Doctorate,Married,Blue
Existing Customer,F,High School,Married,Blue
Attrited Customer,F,Graduate,Married,Blue
Existing Customer,M,Unknown,Married,Blue
Attrited Customer,F,Graduate,Unknown,Blue
Attrited Customer,F,Post-Graduate,Single,Blue
Existing Customer,F,Unknown,Married,Blue
Existing Customer,F,Graduate,Married,Blue
Existing Customer,M,High School,Single,Blue
Existing Customer,F,Unknown,Married,Silver
Existing Customer,F,Uneducated,Single,Blue
Existing Customer,F,High School,Married,Blue
Existing Customer,M,High School,Married,Blue
Existing Customer,F,Post-Graduate,Married,Blue
Existing Customer,M,College,Single,Blue
Existing Customer,M,Graduate,Married,Blue
Existing Customer,M,Graduate,Married,Blue
Existing Customer,M,High School,Married,Blue
Existing Customer,F,Graduate,Married,Blue
Attrited Customer,M,Graduate,Single,Blue
Existing Customer,F,Graduate,Single,Blue
Existing Customer,F,Post-Graduate,Single,Blue
Existing Customer,F,High School,Married,Blue
Attrited Customer,M,Unknown,Married,Blue
Existing Customer,F,Graduate,Married,Blue
Existing Customer,F,Graduate,Married,Blue
Existing Customer,F,Uneducated,Single,Blue
Attrited Customer,F,Uneducated,Single,Blue
Attrited Customer,F,College,Unknown,Silver
Existing Customer,M,Uneducated,Single,Silver
Existing Customer,F,Graduate,Married,Blue
Existing Customer,M,High School,Unknown,Blue
Existing Customer,M,Graduate,Single,Blue
Attrited Customer,F,Graduate,Married,Blue
Existing Customer,M,Graduate,Single,Blue
Existing Customer,F,College,Unknown,Blue
Existing Customer,F,Graduate,Single,Blue
Existing Customer,F,Graduate,Single,Blue
Existing Customer,F,Unknown,Unknown,Blue
Existing Customer,M,Graduate,Single,Silver
Existing Customer,M,Graduate,Unknown,Blue
Existing Customer,M,Unknown,Married,Blue
Existing Customer,M,Graduate,Single,Blue
Attrited Customer,M,Graduate,Married,Blue
Existing Customer,M,Graduate,Unknown,Blue
Existing Customer,M,Uneducated,Single,Silver
Existing Customer,F,Graduate,Single,Blue
Existing Customer,M,High School,Single,Blue
Attrited Customer,F,Uneducated,Married,Blue
Attrited Customer,F,College,Married,Blue
Existing Customer,M,Uneducated,Divorced,Blue
Existing Customer,M,Graduate,Unknown,Blue
Existing Customer,M,Graduate,Single,Blue
Existing Customer,F,High School,Unknown,Blue
Attrited Customer,F,Graduate,Single,Blue
Existing Customer,F,Uneducated,Married,Blue
Existing Customer,F,Graduate,Single,Blue
Existing Customer,F,High School,Married,Blue
Existing Customer,F,Graduate,Married,Blue
Existing Customer,M,Post-Graduate,Married,Blue
Existing Customer,M,Post-Graduate,Divorced,Blue
Existing Customer,F,High School,Single,Blue
Existing Customer,F,Uneducated,Married,Blue
Attrited Customer,F,Uneducated,Single,Blue
Existing Customer,M,Graduate,Married,Blue
Existing Customer,F,Uneducated,Divorced,Silver
Existing Customer,F,Graduate,Single,Blue
Attrited Customer,M,Uneducated,Single,Silver
Existing Customer,M,Graduate,Unknown,Silver
Existing Customer,F,High School,Single,Blue
Existing Customer,F,High School,Married,Blue
Existing Customer,F,High School,Married,Blue
Existing Customer,M,Uneducated,Married,Blue
Existing Customer,M,Uneducated,Divorced,Silver
Existing Customer,M,Doctorate,Single,Blue
Attrited Customer,F,Unknown,Single,Blue
Existing Customer,M,Uneducated,Married,Blue
Existing Customer,F,Graduate,Single,Blue
Attrited Customer,M,Doctorate,Divorced,Blue
Existing Customer,F,Graduate,Married,Blue
Existing Customer,M,High School,Unknown,Blue
Attrited Customer,M,Graduate,Married,Blue
Existing Customer,F,Graduate,Divorced,Blue
Existing Customer,M,High School,Unknown,Blue
Existing Customer,F,Graduate,Single,Blue
Attrited Customer,F,Doctorate,Married,Blue
Existing Customer,F,Unknown,Single,Blue
Existing Customer,M,High School,Married,Blue
Existing Customer,F,Uneducated,Single,Blue
Existing Customer,M,Graduate,Single,Silver
Attrited Customer,F,High School,Divorced,Blue
Existing Customer,F,Graduate,Single,Blue
Existing Customer,F,High School,Divorced,Blue
Existing Customer,M,Unknown,Married,Blue
Existing Customer,M,Uneducated,Married,Blue
Existing Customer,F,High School,Single,Blue
Attrited Customer,F,High School,Married,Blue
Existing Customer,F,Uneducated,Single,Blue
Existing Customer,M,High School,Unknown,Blue
Attrited Customer,M,Graduate,Single,Blue
Existing Customer,M,Graduate,Single,Blue
Existing Customer,F,Graduate,Unknown,Blue
Attrited Customer,F,Graduate,Unknown,Blue
Existing Customer,F,Uneducated,Single,Blue
Attrited Customer,F,Uneducated,Single,Blue
Existing Customer,F,Unknown,Single,Blue
Attrited Customer,F,College,Married,Blue
Existing Customer,F,College,Single,Blue
Attrited Customer,F,Uneducated,Single,Blue
Existing Customer,F,High School,Married,Blue
Existing Customer,M,High School,Married,Blue
Existing Customer,F,Graduate,Married,Blue
Attrited Customer,F,High School,Single,Blue
Existing Customer,M,Unknown,Divorced,Blue
Existing Customer,F,Graduate,Unknown,Blue
Existing Customer,M,High School,Married,Silver
Existing Customer,M,High School,Single,Blue
Existing Customer,M,Uneducated,Single,Blue
Existing Customer,F,Uneducated,Unknown,Blue
Existing Customer,M,Graduate,Divorced,Blue
Existing Customer,F,Uneducated,Married,Blue
Existing Customer,M,Doctorate,Single,Blue
Existing Customer,F,Uneducated,Married,Blue
Existing Customer,F,Graduate,Married,Blue
Existing Customer,F,Unknown,Unknown,Blue
Existing Customer,F,College,Single,Blue
Existing Customer,F,Post-Graduate,Single,Blue
Existing Customer,M,Uneducated,Single,Blue
Attrited Customer,F,Doctorate,Unknown,Blue
Existing Customer,M,Unknown,Married,Blue
Existing Customer,F,College,Single,Blue
Existing Customer,F,High School,Married,Blue
Existing Customer,F,Graduate,Married,Blue
Existing Customer,M,Graduate,Single,Blue
Existing Customer,F,Graduate,Single,Blue
Attrited Customer,F,Graduate,Married,Blue
Existing Customer,F,College,Single,Blue
Existing Customer,M,Graduate,Single,Blue
Existing Customer,F,Uneducated,Single,Blue
Existing Customer,F,Uneducated,Single,Blue
Existing Customer,F,High School,Married,Blue
Existing Customer,F,High School,Married,Blue
Existing Customer,F,Graduate,Married,Blue
Existing Customer,M,College,Single,Blue
Attrited Customer,M,Uneducated,Unknown,Blue
Existing Customer,M,Uneducated,Unknown,Blue
Existing Customer,F,Graduate,Married,Blue
Attrited Customer,M,Graduate,Married,Blue
Attrited Customer,F,High School,Single,Silver
Existing Customer,F,Unknown,Married,Blue
Attrited Customer,M,College,Divorced,Blue
Existing Customer,F,Uneducated,Married,Blue
Existing Customer,F,College,Single,Blue
Existing Customer,F,Graduate,Single,Blue
Attrited Customer,F,Graduate,Married,Blue
Existing Customer,M,High School,Married,Gold
Existing Customer,M,High School,Single,Blue
Attrited Customer,M,Graduate,Single,Blue
Existing Customer,F,Graduate,Single,Blue
Existing Customer,F,Unknown,Single,Blue
Existing Customer,F,Post-Graduate,Married,Blue
Existing Customer,F,Doctorate,Married,Blue
Existing Customer,M,Uneducated,Married,Blue
Existing Customer,F,Uneducated,Unknown,Silver
Existing Customer,F,Graduate,Married,Blue
Existing Customer,M,Unknown,Single,Blue
Attrited Customer,F,High School,Unknown,Blue
Existing Customer,F,Uneducated,Single,Blue
Existing Customer,M,College,Married,Blue
Existing Customer,F,High School,Single,Blue
Existing Customer,F,Graduate,Married,Blue
Attrited Customer,M,Post-Graduate,Married,Blue
Attrited Customer,M,Graduate,Single,Blue
Existing Customer,F,Graduate,Single,Blue
Attrited Customer,M,Uneducated,Single,Blue
Existing Customer,F,Graduate,Single,Blue
Existing Customer,F,Unknown,Married,Blue
Existing Customer,M,Uneducated,Unknown,Blue
Existing Customer,F,Uneducated,Single,Blue
Existing Customer,M,High School,Single,Blue
Existing Customer,F,College,Married,Blue
Existing Customer,F,Uneducated,Unknown,Blue
Attrited Customer,M,High School,Married,Blue
Existing Customer,F,Unknown,Married,Blue
Attrited Customer,F,Graduate,Single,Blue
Existing Customer,F,High School,Married,Blue
Attrited Customer,F,High School,Married,Blue
Existing Customer,M,Post-Graduate,Single,Blue
Attrited Customer,M,Doctorate,Single,Blue
Existing Customer,M,Doctorate,Single,Blue
Existing Customer,M,Graduate,Unknown,Blue
Existing Customer,M,Unknown,Single,Blue
Existing Customer,F,Uneducated,Unknown,Blue
Existing Customer,M,Graduate,Single,Blue
Existing Customer,M,Graduate,Single,Blue
Existing Customer,F,Doctorate,Married,Blue
Existing Customer,M,High School,Unknown,Blue
Attrited Customer,M,Graduate,Married,Blue
Attrited Customer,F,Graduate,Single,Blue
Existing Customer,M,High School,Married,Gold
Existing Customer,M,Unknown,Married,Blue
Attrited Customer,F,Graduate,Single,Blue
Attrited Customer,M,Unknown,Married,Blue
Existing Customer,M,Graduate,Single,Blue
Existing Customer,F,Graduate,Single,Blue
Existing Customer,M,College,Single,Silver
Existing Customer,M,College,Married,Blue
Existing Customer,M,College,Unknown,Blue
Existing Customer,F,Uneducated,Single,Blue
Existing Customer,M,Unknown,Divorced,Blue
Existing Customer,F,Graduate,Divorced,Blue
Existing Customer,F,Unknown,Single,Blue
Existing Customer,M,High School,Single,Blue
Existing Customer,F,Graduate,Married,Blue
Existing Customer,F,College,Married,Blue
Existing Customer,F,Graduate,Married,Blue
Existing Customer,M,Unknown,Married,Blue
Existing Customer,F,Graduate,Married,Blue
Existing Customer,M,Graduate,Unknown,Blue
Existing Customer,F,Unknown,Unknown,Blue
Existing Customer,F,Unknown,Single,Blue
Existing Customer,F,Unknown,Single,Blue
Attrited Customer,F,Graduate,Married,Blue
Attrited Customer,F,Graduate,Divorced,Blue
Existing Customer,F,Graduate,Married,Blue
Existing Customer,F,High School,Married,Blue
Existing Customer,F,College,Married,Blue
Existing Customer,M,College,Married,Blue
Attrited Customer,F,Graduate,Married,Blue
Existing Customer,M,Post-Graduate,Unknown,Blue
Attrited Customer,M,Graduate,Single,Blue
Existing Customer,F,High School,Single,Blue
Existing Customer,M,Unknown,Single,Blue
Existing Customer,F,College,Single,Blue
Existing Customer,F,Graduate,Married,Blue
Existing Customer,F,Uneducated,Single,Blue
Existing Customer,F,Graduate,Married,Blue
Existing Customer,M,Graduate,Single,Blue
Attrited Customer,M,College,Unknown,Blue
Existing Customer,M,High School,Married,Blue
Existing Customer,M,College,Single,Blue
Existing Customer,F,High School,Single,Blue
Attrited Customer,F,Graduate,Unknown,Blue
Existing Customer,F,Uneducated,Married,Blue
Existing Customer,F,Post-Graduate,Married,Blue
Attrited Customer,F,Unknown,Single,Blue
Attrited Customer,M,High School,Married,Blue
Existing Customer,F,High School,Single,Blue
Existing Customer,M,High School,Single,Blue
Existing Customer,F,High School,Single,Blue
Existing Customer,F,Uneducated,Unknown,Blue
Existing Customer,F,Post-Graduate,Single,Blue
Existing Customer,M,Graduate,Single,Blue
Existing Customer,M,High School,Single,Blue
Attrited Customer,M,High School,Married,Blue
Existing Customer,M,Graduate,Married,Blue
Attrited Customer,M,Unknown,Single,Blue
Existing Customer,F,Unknown,Married,Silver
Existing Customer,M,Graduate,Married,Blue
Existing Customer,F,Unknown,Married,Blue
Existing Customer,M,College,Married,Blue
Existing Customer,F,Uneducated,Single,Blue
Existing Customer,F,Graduate,Single,Blue
Existing Customer,M,Graduate,Married,Blue
Attrited Customer,F,Post-Graduate,Married,Blue
Existing Customer,F,Graduate,Divorced,Blue
Existing Customer,F,Unknown,Single,Blue
Attrited Customer,F,Unknown,Married,Blue
Existing Customer,F,High School,Single,Blue
Existing Customer,F,Uneducated,Married,Blue
Existing Customer,M,High School,Single,Blue
Existing Customer,F,High School,Divorced,Blue
Existing Customer,F,Uneducated,Single,Blue
Existing Customer,F,Graduate,Single,Blue
Existing Customer,M,Graduate,Married,Blue
Existing Customer,F,Unknown,Single,Blue
Attrited Customer,F,Graduate,Married,Blue
Existing Customer,F,Graduate,Married,Blue
Existing Customer,F,High School,Single,Blue
Existing Customer,F,Unknown,Single,Blue
Existing Customer,F,Graduate,Married,Blue
Existing Customer,M,High School,Divorced,Blue
Existing Customer,M,Unknown,Married,Silver
Existing Customer,F,Unknown,Single,Blue
Existing Customer,F,High School,Married,Blue
Attrited Customer,M,College,Single,Blue
Existing Customer,M,Graduate,Single,Blue
Existing Customer,F,Graduate,Single,Blue
Existing Customer,F,College,Single,Blue
Existing Customer,M,Graduate,Divorced,Blue
Existing Customer,M,College,Unknown,Blue
Existing Customer,M,Graduate,Single,Blue
Attrited Customer,F,College,Married,Blue
Existing Customer,M,College,Single,Silver
Existing Customer,M,Graduate,Single,Blue
Existing Customer,F,Doctorate,Unknown,Silver
Existing Customer,M,Uneducated,Married,Blue
Existing Customer,M,High School,Married,Blue
Existing Customer,M,Uneducated,Single,Blue
Existing Customer,M,Doctorate,Single,Blue
Existing Customer,F,High School,Unknown,Blue
Attrited Customer,M,Unknown,Single,Blue
Existing Customer,F,Graduate,Married,Blue
Attrited Customer,F,Unknown,Single,Blue
Existing Customer,M,Graduate,Single,Blue
Existing Customer,F,High School,Married,Blue
Existing Customer,F,High School,Married,Blue
Existing Customer,M,High School,Married,Blue
Existing Customer,M,Doctorate,Single,Blue
Attrited Customer,M,Unknown,Married,Blue
Attrited Customer,M,Unknown,Single,Blue
Attrited Customer,F,Doctorate,Single,Blue
Existing Customer,M,Unknown,Married,Blue
Existing Customer,F,Uneducated,Unknown,Blue
Existing Customer,F,High School,Married,Blue
Attrited Customer,M,High School,Married,Blue
Attrited Customer,M,Post-Graduate,Unknown,Blue
Existing Customer,M,College,Single,Blue
Existing Customer,F,High School,Divorced,Blue
Existing Customer,F,Graduate,Single,Blue
Existing Customer,M,Doctorate,Single,Blue
Existing Customer,M,Uneducated,Single,Blue
Attrited Customer,F,Graduate,Married,Blue
Existing Customer,M,Graduate,Married,Blue
Existing Customer,F,Unknown,Single,Blue
Existing Customer,M,Unknown,Married,Blue
Existing Customer,M,High School,Divorced,Blue
Attrited Customer,F,Post-Graduate,Married,Blue
Existing Customer,F,Graduate,Single,Blue
Attrited Customer,F,Graduate,Single,Blue
Existing Customer,M,Unknown,Unknown,Blue
Existing Customer,F,Graduate,Single,Blue
Existing Customer,F,Graduate,Married,Blue
Existing Customer,F,College,Unknown,Blue
Existing Customer,M,Doctorate,Single,Blue
Existing Customer,F,High School,Single,Blue
Existing Customer,M,College,Married,Blue
Attrited Customer,F,Doctorate,Divorced,Blue
Attrited Customer,M,Graduate,Single,Blue
Existing Customer,F,Graduate,Married,Blue
Existing Customer,F,High School,Single,Blue
Attrited Customer,F,Graduate,Married,Blue
Existing Customer,F,Uneducated,Single,Blue
Existing Customer,F,College,Married,Blue
Existing Customer,M,High School,Unknown,Blue
Existing Customer,F,Graduate,Single,Blue
Existing Customer,F,Graduate,Single,Blue
Existing Customer,M,Unknown,Divorced,Blue
Existing Customer,F,High School,Married,Blue
Attrited Customer,F,Unknown,Married,Blue
Existing Customer,F,Unknown,Single,Blue
Existing Customer,F,Post-Graduate,Single,Blue
Existing Customer,M,Graduate,Single,Silver
Existing Customer,F,Post-Graduate,Single,Blue
Attrited Customer,F,Graduate,Unknown,Blue
Existing Customer,F,High School,Single,Blue
Existing Customer,M,Uneducated,Divorced,Blue
Attrited Customer,M,High School,Married,Blue
Existing Customer,F,Uneducated,Single,Blue
Existing Customer,F,Graduate,Single,Blue
Attrited Customer,F,Graduate,Single,Blue
Existing Customer,M,Graduate,Single,Blue
Attrited Customer,M,Uneducated,Single,Blue
Existing Customer,F,Unknown,Single,Blue
Existing Customer,M,Unknown,Single,Blue
Existing Customer,F,High School,Divorced,Blue
Attrited Customer,F,College,Single,Blue
Existing Customer,F,High School,Single,Silver
Existing Customer,F,College,Married,Blue
Existing Customer,M,High School,Single,Blue
Existing Customer,F,Graduate,Unknown,Blue
Existing Customer,M,Graduate,Single,Blue
Attrited Customer,F,College,Married,Blue
Existing Customer,M,Graduate,Divorced,Blue
Existing Customer,F,Graduate,Married,Blue
Existing Customer,F,Uneducated,Single,Blue
Existing Customer,F,College,Single,Blue
Existing Customer,M,High School,Single,Silver
Existing Customer,M,High School,Single,Blue
Attrited Customer,M,Unknown,Married,Silver
Existing Customer,F,Unknown,Married,Blue
Existing Customer,F,Uneducated,Married,Blue
Existing Customer,F,Graduate,Single,Blue
Existing Customer,M,Unknown,Married,Blue
Existing Customer,F,Graduate,Married,Blue
Existing Customer,M,Post-Graduate,Single,Blue
Existing Customer,F,Doctorate,Single,Blue
Existing Customer,F,Unknown,Married,Blue
Existing Customer,F,Doctorate,Divorced,Blue
Existing Customer,M,Unknown,Married,Blue
Existing Customer,M,High School,Single,Blue
Attrited Customer,F,Unknown,Single,Blue
Attrited Customer,M,Graduate,Single,Blue
Existing Customer,F,High School,Single,Blue
Attrited Customer,F,Unknown,Single,Blue
Existing Customer,F,Graduate,Married,Blue
Attrited Customer,F,Graduate,Married,Blue
Existing Customer,F,Uneducated,Single,Blue
Existing Customer,M,College,Single,Blue
Existing Customer,F,Unknown,Unknown,Blue
Existing Customer,M,Graduate,Single,Blue
Attrited Customer,F,Graduate,Single,Blue
Existing Customer,F,Post-Graduate,Single,Blue
Existing Customer,F,Unknown,Divorced,Blue
Attrited Customer,M,Graduate,Single,Blue
Existing Customer,M,College,Married,Blue
Existing Customer,M,Graduate,Single,Blue
Existing Customer,F,High School,Unknown,Blue
Attrited Customer,F,Unknown,Single,Blue
Attrited Customer,F,Graduate,Divorced,Blue
Existing Customer,M,High School,Married,Blue
Existing Customer,M,Uneducated,Single,Blue
Existing Customer,F,Uneducated,Single,Blue
Existing Customer,F,Uneducated,Unknown,Blue
Existing Customer,M,Uneducated,Single,Blue
Attrited Customer,M,Uneducated,Single,Blue
Existing Customer,F,Uneducated,Married,Blue
Existing Customer,F,Graduate,Single,Blue
Existing Customer,F,Doctorate,Married,Blue
Existing Customer,F,Uneducated,Divorced,Blue
Existing Customer,F,Graduate,Single,Blue
Existing Customer,F,Uneducated,Married,Blue
Existing Customer,F,Unknown,Divorced,Blue
Attrited Customer,F,Graduate,Single,Blue
Existing Customer,F,High School,Married,Blue
Existing Customer,F,Graduate,Single,Blue
Existing Customer,F,Doctorate,Divorced,Blue
Existing Customer,F,High School,Married,Silver
Existing Customer,F,Unknown,Single,Blue
Existing Customer,F,High School,Single,Blue
Existing Customer,F,Graduate,Married,Blue
Existing Customer,M,High School,Divorced,Blue
Existing Customer,F,Uneducated,Married,Blue
Attrited Customer,M,Unknown,Married,Blue
Existing Customer,F,Graduate,Single,Blue
Attrited Customer,F,Unknown,Single,Blue
Existing Customer,F,High School,Single,Blue
Existing Customer,F,Graduate,Married,Blue
Existing Customer,F,Unknown,Single,Blue
Existing Customer,M,Unknown,Married,Blue
Existing Customer,F,High School,Single,Blue
Existing Customer,M,High School,Single,Blue
Existing Customer,F,High School,Married,Blue
Attrited Customer,F,Graduate,Single,Blue
Existing Customer,M,Unknown,Married,Blue
Existing Customer,M,Graduate,Single,Blue
Existing Customer,M,Unknown,Single,Blue
Existing Customer,F,Unknown,Single,Blue
Existing Customer,M,Post-Graduate,Married,Blue
Attrited Customer,F,Uneducated,Married,Blue
Existing Customer,M,Graduate,Divorced,Blue
Existing Customer,M,Graduate,Single,Blue
Attrited Customer,F,College,Single,Blue
Existing Customer,F,College,Married,Blue
Existing Customer,F,Graduate,Single,Blue
Existing Customer,F,Uneducated,Single,Blue
Attrited Customer,M,Unknown,Single,Blue
Attrited Customer,F,Graduate,Married,Blue
Existing Customer,F,Post-Graduate,Single,Blue
Existing Customer,M,Uneducated,Single,Blue
Existing Customer,M,Unknown,Married,Blue
Existing Customer,F,Graduate,Single,Blue
Existing Customer,M,Unknown,Single,Blue
Attrited Customer,F,Uneducated,Single,Blue
Existing Customer,F,Uneducated,Married,Blue
Existing Customer,F,Graduate,Unknown,Blue
Attrited Customer,F,Uneducated,Single,Blue
Existing Customer,M,Graduate,Single,Blue
Existing Customer,F,Unknown,Married,Blue
Existing Customer,F,High School,Divorced,Blue
Existing Customer,F,Post-Graduate,Married,Blue
Existing Customer,M,Uneducated,Unknown,Blue
Attrited Customer,F,Unknown,Single,Blue
Existing Customer,F,High School,Divorced,Blue
Existing Customer,M,Graduate,Divorced,Blue
Existing Customer,F,Graduate,Divorced,Blue
Attrited Customer,F,Graduate,Married,Blue
Existing Customer,M,High School,Married,Blue
Existing Customer,F,Graduate,Single,Gold
Existing Customer,F,High School,Unknown,Blue
Existing Customer,M,High School,Married,Silver
Existing Customer,F,Graduate,Married,Blue
Attrited Customer,F,Uneducated,Single,Blue
Existing Customer,F,Doctorate,Married,Blue
Existing Customer,F,Post-Graduate,Married,Blue
Attrited Customer,F,Unknown,Married,Blue
Existing Customer,F,Graduate,Married,Blue
Existing Customer,F,Uneducated,Single,Blue
Existing Customer,F,Graduate,Married,Blue
Existing Customer,F,Graduate,Unknown,Blue
Existing Customer,M,High School,Single,Blue
Attrited Customer,F,Graduate,Single,Blue
Existing Customer,M,Uneducated,Unknown,Blue
Existing Customer,M,Graduate,Divorced,Blue
Existing Customer,F,High School,Single,Blue
Existing Customer,F,Graduate,Single,Blue
Existing Customer,M,Graduate,Married,Blue
Existing Customer,F,Graduate,Single,Blue
Existing Customer,F,Unknown,Married,Blue
Attrited Customer,F,Uneducated,Married,Blue
Attrited Customer,F,Doctorate,Married,Blue
Existing Customer,F,Unknown,Unknown,Blue
Existing Customer,F,High School,Married,Blue
Existing Customer,F,Post-Graduate,Married,Blue
Existing Customer,F,Unknown,Divorced,Blue
Attrited Customer,M,College,Married,Blue
Existing Customer,F,Graduate,Single,Blue
Existing Customer,M,Unknown,Divorced,Blue
Existing Customer,F,College,Married,Blue
Existing Customer,F,Unknown,Single,Blue
Existing Customer,F,Graduate,Married,Blue
Attrited Customer,F,Graduate,Unknown,Blue
Attrited Customer,F,Graduate,Single,Blue
Existing Customer,M,Unknown,Divorced,Blue
Existing Customer,F,Unknown,Single,Blue
Existing Customer,F,High School,Divorced,Blue
Existing Customer,M,Unknown,Unknown,Blue
Attrited Customer,M,Uneducated,Married,Blue
Existing Customer,F,Unknown,Married,Blue
Existing Customer,F,Graduate,Single,Blue
Existing Customer,M,Uneducated,Single,Blue
Existing Customer,M,Graduate,Married,Blue
Existing Customer,F,Graduate,Married,Blue
Existing Customer,F,Unknown,Unknown,Blue
Attrited Customer,F,Graduate,Married,Blue
Existing Customer,M,Graduate,Married,Blue
Existing Customer,F,Graduate,Married,Blue
Attrited Customer,F,College,Married,Blue
Existing Customer,M,Uneducated,Divorced,Blue
Existing Customer,M,Graduate,Single,Blue
Attrited Customer,F,Doctorate,Married,Blue
Existing Customer,F,College,Single,Blue
Existing Customer,F,College,Married,Blue
Attrited Customer,M,High School,Unknown,Blue
Existing Customer,F,College,Married,Blue
Existing Customer,M,Graduate,Unknown,Blue
Existing Customer,M,Uneducated,Single,Blue
Existing Customer,F,Unknown,Married,Blue
Existing Customer,F,Graduate,Single,Blue
Attrited Customer,F,Graduate,Divorced,Blue
Existing Customer,M,College,Single,Silver
Existing Customer,F,Graduate,Married,Blue
Existing Customer,F,Graduate,Married,Blue
Existing Customer,F,Graduate,Single,Blue
Existing Customer,M,High School,Single,Blue
Existing Customer,M,Uneducated,Married,Blue
Existing Customer,M,Graduate,Divorced,Blue
Attrited Customer,M,Graduate,Single,Blue
Attrited Customer,F,Graduate,Single,Blue
Attrited Customer,M,Graduate,Unknown,Blue
Attrited Customer,F,Unknown,Married,Blue
Existing Customer,M,Doctorate,Single,Blue
Existing Customer,M,Unknown,Single,Blue
Existing Customer,M,Graduate,Unknown,Blue
Existing Customer,F,Graduate,Married,Blue
Existing Customer,M,Unknown,Married,Silver
Existing Customer,F,High School,Single,Blue
Existing Customer,M,College,Unknown,Blue
Existing Customer,M,High School,Married,Blue
Attrited Customer,F,Graduate,Married,Blue
Existing Customer,M,Uneducated,Single,Blue
Attrited Customer,F,High School,Married,Blue
Attrited Customer,F,Post-Graduate,Divorced,Blue
Existing Customer,M,Graduate,Married,Blue
Existing Customer,F,Post-Graduate,Unknown,Blue
Existing Customer,F,High School,Married,Blue
Existing Customer,F,Unknown,Married,Blue
Existing Customer,F,College,Married,Blue
Existing Customer,M,Graduate,Married,Blue
Existing Customer,F,High School,Single,Blue
Existing Customer,F,Unknown,Single,Blue
Existing Customer,F,College,Single,Blue
Existing Customer,F,High School,Married,Blue
Existing Customer,M,Graduate,Single,Blue
Existing Customer,F,Unknown,Single,Blue
Existing Customer,M,College,Single,Blue
Existing Customer,F,Uneducated,Single,Blue
Attrited Customer,F,Graduate,Married,Blue
Existing Customer,M,College,Married,Blue
Attrited Customer,F,Graduate,Married,Blue
Existing Customer,F,Unknown,Married,Blue
Existing Customer,F,Unknown,Single,Blue
Attrited Customer,M,Uneducated,Married,Blue
Existing Customer,M,High School,Unknown,Blue
Existing Customer,M,Unknown,Divorced,Blue
Existing Customer,F,Uneducated,Married,Blue
Existing Customer,F,High School,Single,Blue
Attrited Customer,M,Unknown,Single,Blue
Existing Customer,M,High School,Married,Blue
Existing Customer,F,Graduate,Single,Blue
Existing Customer,F,Uneducated,Married,Blue
Attrited Customer,F,High School,Married,Blue
Existing Customer,F,Uneducated,Married,Blue
Existing Customer,F,Graduate,Single,Blue
Existing Customer,M,College,Married,Blue
Existing Customer,M,Graduate,Single,Blue
Existing Customer,F,College,Single,Blue
Existing Customer,F,Uneducated,Single,Blue
Existing Customer,F,Uneducated,Single,Blue
Existing Customer,F,Unknown,Married,Blue
Existing Customer,F,College,Divorced,Blue
Existing Customer,F,High School,Unknown,Blue
Attrited Customer,M,Graduate,Divorced,Blue
Existing Customer,F,College,Single,Blue
Existing Customer,M,Unknown,Married,Blue
Existing Customer,F,Graduate,Married,Blue
Existing Customer,M,Unknown,Married,Blue
Attrited Customer,F,College,Married,Blue
Existing Customer,M,College,Single,Blue
Attrited Customer,F,High School,Married,Blue
Attrited Customer,M,Doctorate,Married,Blue
Existing Customer,M,Uneducated,Married,Blue
Attrited Customer,F,Unknown,Married,Blue
Attrited Customer,M,Unknown,Single,Blue
Existing Customer,F,Uneducated,Single,Blue
Existing Customer,F,Uneducated,Married,Blue
Existing Customer,M,Uneducated,Married,Blue
Attrited Customer,M,Graduate,Single,Blue
Attrited Customer,F,Doctorate,Married,Blue
Existing Customer,M,Graduate,Married,Blue
Existing Customer,F,Doctorate,Divorced,Blue
Existing Customer,M,High School,Single,Blue
Existing Customer,F,Unknown,Divorced,Blue
Existing Customer,M,Uneducated,Unknown,Silver
Existing Customer,F,Post-Graduate,Divorced,Blue
Existing Customer,F,High School,Single,Blue
Attrited Customer,M,Uneducated,Married,Blue
Attrited Customer,M,High School,Single,Blue
Existing Customer,F,Uneducated,Divorced,Blue
Existing Customer,F,Graduate,Single,Blue
Existing Customer,M,Uneducated,Single,Blue
Existing Customer,F,Uneducated,Single,Silver
Existing Customer,F,High School,Married,Blue
Existing Customer,F,Unknown,Single,Blue
Existing Customer,F,Uneducated,Single,Blue
Existing Customer,F,High School,Married,Blue
Attrited Customer,F,College,Married,Blue
Existing Customer,M,High School,Single,Blue
Existing Customer,F,Post-Graduate,Divorced,Blue
Existing Customer,M,Graduate,Single,Blue
Attrited Customer,F,Doctorate,Unknown,Blue
Existing Customer,F,Graduate,Married,Blue
Existing Customer,F,Uneducated,Divorced,Blue
Attrited Customer,M,Uneducated,Single,Blue
Attrited Customer,M,College,Single,Blue
Existing Customer,F,Graduate,Married,Blue
Existing Customer,F,High School,Single,Blue
Existing Customer,F,Uneducated,Divorced,Blue
Existing Customer,F,Unknown,Married,Blue
Attrited Customer,M,High School,Married,Silver
Existing Customer,M,Unknown,Married,Blue
Existing Customer,M,Unknown,Single,Blue
Existing Customer,M,Graduate,Married,Blue
Attrited Customer,F,Unknown,Married,Blue
Existing Customer,F,Graduate,Single,Blue
Existing Customer,F,Graduate,Single,Blue
Existing Customer,F,Uneducated,Single,Blue
Attrited Customer,F,Uneducated,Single,Blue
Attrited Customer,F,Unknown,Married,Blue
Existing Customer,F,Doctorate,Divorced,Blue
Attrited Customer,F,Post-Graduate,Divorced,Blue
Existing Customer,F,Graduate,Unknown,Blue
Existing Customer,F,Post-Graduate,Married,Blue
Attrited Customer,F,High School,Married,Blue
Attrited Customer,M,Unknown,Single,Blue
Existing Customer,F,High School,Single,Blue
Existing Customer,F,Uneducated,Single,Blue
Existing Customer,F,Graduate,Single,Blue
Existing Customer,F,College,Single,Blue
Existing Customer,M,College,Single,Blue
Attrited Customer,M,High School,Single,Blue
Existing Customer,F,Unknown,Married,Blue
Existing Customer,F,High School,Married,Blue
Existing Customer,M,Graduate,Unknown,Blue
Existing Customer,M,Graduate,Married,Silver
Existing Customer,F,Post-Graduate,Single,Blue
Existing Customer,F,High School,Married,Blue
Attrited Customer,F,Uneducated,Married,Blue
Existing Customer,M,High School,Married,Blue
Attrited Customer,F,Post-Graduate,Unknown,Blue
Attrited Customer,M,Graduate,Married,Blue
Existing Customer,M,Unknown,Married,Gold
Existing Customer,M,Doctorate,Unknown,Blue
Existing Customer,M,Uneducated,Unknown,Blue
Existing Customer,M,Unknown,Married,Blue
Existing Customer,F,High School,Married,Blue
Attrited Customer,F,Graduate,Married,Blue
Existing Customer,M,High School,Married,Blue
Existing Customer,F,High School,Married,Blue
Existing Customer,F,Graduate,Divorced,Blue
Existing Customer,F,Graduate,Single,Blue
Existing Customer,M,High School,Single,Blue
Existing Customer,F,Post-Graduate,Unknown,Blue
Existing Customer,F,Unknown,Married,Blue
Existing Customer,M,Doctorate,Unknown,Blue
Attrited Customer,F,Uneducated,Single,Blue
Existing Customer,F,Uneducated,Single,Blue
Attrited Customer,M,Unknown,Married,Blue
Existing Customer,M,High School,Unknown,Blue
Existing Customer,F,Unknown,Unknown,Blue
Existing Customer,M,Uneducated,Single,Blue
Existing Customer,M,Uneducated,Married,Blue
Existing Customer,F,College,Single,Blue
Attrited Customer,F,Unknown,Single,Blue
Attrited Customer,F,Uneducated,Married,Blue
Attrited Customer,F,Uneducated,Single,Blue
Existing Customer,F,Graduate,Married,Blue
Existing Customer,M,Uneducated,Married,Blue
Existing Customer,F,Doctorate,Married,Blue
Existing Customer,F,Graduate,Married,Blue
Existing Customer,M,Doctorate,Single,Blue
Existing Customer,F,Graduate,Married,Blue
Existing Customer,M,Doctorate,Married,Silver
Existing Customer,F,Doctorate,Married,Blue
Existing Customer,F,High School,Married,Blue
Existing Customer,F,Graduate,Married,Blue
Attrited Customer,M,Uneducated,Single,Blue
Existing Customer,M,High School,Single,Blue
Attrited Customer,F,Unknown,Married,Blue
Existing Customer,F,Graduate,Unknown,Blue
Existing Customer,F,Unknown,Unknown,Blue
Existing Customer,M,Doctorate,Unknown,Silver
Existing Customer,F,Uneducated,Single,Blue
Existing Customer,F,Uneducated,Single,Blue
Existing Customer,F,Graduate,Single,Blue
Attrited Customer,F,College,Single,Blue
Existing Customer,F,Doctorate,Single,Blue
Attrited Customer,F,Uneducated,Single,Blue
Attrited Customer,F,College,Married,Blue
Existing Customer,M,Unknown,Married,Blue
Existing Customer,F,Graduate,Married,Blue
Existing Customer,F,Graduate,Divorced,Blue
Existing Customer,F,Unknown,Married,Blue
Existing Customer,M,High School,Married,Blue
Existing Customer,F,Uneducated,Single,Blue
Existing Customer,M,College,Single,Blue
Existing Customer,M,High School,Single,Blue
Existing Customer,M,Graduate,Single,Blue
Existing Customer,F,Doctorate,Single,Blue
Attrited Customer,F,Uneducated,Divorced,Blue
Existing Customer,F,College,Married,Blue
Existing Customer,M,High School,Married,Blue
Existing Customer,M,College,Divorced,Blue
Existing Customer,M,Unknown,Unknown,Blue
Existing Customer,M,Uneducated,Single,Blue
Attrited Customer,M,Uneducated,Single,Blue
Attrited Customer,F,Doctorate,Married,Blue
Attrited Customer,F,Graduate,Married,Blue
Existing Customer,M,High School,Single,Blue
Existing Customer,F,College,Single,Blue
Existing Customer,F,Graduate,Single,Blue
Existing Customer,F,High School,Married,Blue
Attrited Customer,F,Graduate,Single,Blue
Existing Customer,M,Unknown,Married,Blue
Existing Customer,M,Graduate,Married,Blue
Existing Customer,M,College,Married,Blue
Existing Customer,F,High School,Divorced,Blue
Existing Customer,M,Uneducated,Single,Blue
Existing Customer,F,High School,Married,Blue
Existing Customer,F,Doctorate,Single,Blue
Existing Customer,M,Uneducated,Married,Blue
Existing Customer,F,Uneducated,Single,Blue
Existing Customer,F,Uneducated,Single,Blue
Attrited Customer,F,Doctorate,Married,Blue
Existing Customer,M,Uneducated,Single,Blue
Existing Customer,F,Doctorate,Single,Blue
Attrited Customer,F,Uneducated,Single,Blue
Existing Customer,M,Graduate,Single,Blue
Attrited Customer,F,Graduate,Married,Blue
Existing Customer,F,College,Married,Blue
Existing Customer,F,High School,Married,Blue
Existing Customer,M,Unknown,Married,Blue
Existing Customer,F,College,Single,Blue
Existing Customer,M,Unknown,Single,Blue
Existing Customer,M,High School,Married,Blue
Existing Customer,M,High School,Married,Blue
Attrited Customer,F,High School,Single,Blue
Attrited Customer,M,Graduate,Married,Blue
Attrited Customer,M,Uneducated,Single,Blue
Existing Customer,F,Graduate,Unknown,Blue
Existing Customer,F,Graduate,Married,Blue
Existing Customer,F,Doctorate,Single,Blue
Existing Customer,F,High School,Divorced,Blue
Existing Customer,F,Graduate,Single,Blue
Existing Customer,F,College,Married,Blue
Existing Customer,M,Uneducated,Married,Blue
Existing Customer,F,High School,Married,Blue
Existing Customer,F,Uneducated,Single,Blue
Existing Customer,F,Graduate,Divorced,Blue
Existing Customer,F,Graduate,Single,Blue
Existing Customer,F,Unknown,Single,Blue
Existing Customer,F,Graduate,Married,Blue
Existing Customer,M,College,Married,Blue
Existing Customer,F,Uneducated,Married,Blue
Existing Customer,M,Graduate,Married,Blue
Existing Customer,F,Graduate,Married,Blue
Attrited Customer,F,High School,Single,Blue
Existing Customer,F,Post-Graduate,Married,Blue
Attrited Customer,F,High School,Married,Blue
Attrited Customer,M,Post-Graduate,Single,Blue
Attrited Customer,F,Graduate,Married,Blue
Existing Customer,F,Uneducated,Married,Blue
Existing Customer,F,High School,Single,Blue
Attrited Customer,F,Unknown,Married,Blue
Existing Customer,F,High School,Married,Blue
Existing Customer,F,Uneducated,Single,Blue
Existing Customer,M,Uneducated,Unknown,Blue
Existing Customer,F,Uneducated,Single,Blue
Existing Customer,M,Graduate,Married,Blue
Attrited Customer,F,College,Married,Blue
Attrited Customer,F,College,Married,Blue
Existing Customer,F,High School,Single,Blue
Existing Customer,F,High School,Married,Blue
Existing Customer,F,Uneducated,Single,Blue
Existing Customer,M,Uneducated,Divorced,Blue
Existing Customer,F,Uneducated,Single,Blue
Attrited Customer,F,Unknown,Married,Blue
Existing Customer,M,Graduate,Single,Blue
Existing Customer,F,Unknown,Single,Blue
Existing Customer,F,Graduate,Single,Blue
Existing Customer,F,Doctorate,Married,Blue
Attrited Customer,F,Graduate,Divorced,Blue
Attrited Customer,F,Unknown,Married,Blue
Existing Customer,F,College,Single,Blue
Existing Customer,F,Graduate,Single,Blue
Existing Customer,M,Graduate,Married,Silver
Attrited Customer,F,High School,Single,Blue
Existing Customer,M,High School,Single,Blue
Existing Customer,F,Unknown,Married,Blue
Attrited Customer,F,Uneducated,Divorced,Blue
Existing Customer,F,Graduate,Single,Blue
Existing Customer,F,Graduate,Unknown,Blue
Existing Customer,F,Uneducated,Single,Blue
Existing Customer,M,Unknown,Single,Blue
Existing Customer,M,High School,Married,Blue
Existing Customer,F,Post-Graduate,Single,Blue
Attrited Customer,F,Post-Graduate,Married,Blue
Existing Customer,M,Graduate,Married,Blue
Attrited Customer,F,Graduate,Married,Blue
Existing Customer,M,Unknown,Single,Blue
Existing Customer,M,College,Married,Blue
Existing Customer,F,High School,Single,Blue
Existing Customer,F,College,Married,Blue
Attrited Customer,F,Uneducated,Single,Blue
Existing Customer,M,Unknown,Single,Blue
Existing Customer,F,Graduate,Single,Blue
Attrited Customer,F,Uneducated,Single,Blue
Existing Customer,F,Graduate,Single,Blue
Existing Customer,M,High School,Single,Blue
Existing Customer,M,Post-Graduate,Married,Blue
Attrited Customer,F,Graduate,Single,Blue
Attrited Customer,F,Post-Graduate,Married,Blue
Attrited Customer,F,High School,Divorced,Blue
Existing Customer,F,Graduate,Single,Blue
Existing Customer,F,Unknown,Single,Blue
Existing Customer,M,High School,Single,Blue
Existing Customer,F,Unknown,Single,Blue
Existing Customer,F,College,Married,Blue
Existing Customer,F,Uneducated,Married,Blue
Existing Customer,F,Graduate,Divorced,Blue
Existing Customer,F,Graduate,Married,Blue
Existing Customer,M,High School,Single,Blue
Existing Customer,M,Unknown,Single,Blue
Existing Customer,M,Unknown,Married,Blue
Existing Customer,M,Graduate,Married,Blue
Existing Customer,M,Unknown,Single,Blue
Existing Customer,F,Unknown,Married,Blue
Existing Customer,F,Graduate,Married,Blue
Existing Customer,F,Uneducated,Married,Blue
Existing Customer,F,Graduate,Married,Blue
Existing Customer,F,Doctorate,Unknown,Blue
Existing Customer,M,Graduate,Single,Blue
Existing Customer,F,Graduate,Married,Blue
Attrited Customer,F,Unknown,Single,Blue
Existing Customer,F,Unknown,Single,Blue
Existing Customer,F,Unknown,Married,Blue
Attrited Customer,F,High School,Single,Blue
Attrited Customer,M,Unknown,Single,Blue
Existing Customer,F,Graduate,Unknown,Blue
Existing Customer,M,Graduate,Married,Blue
Existing Customer,F,Uneducated,Single,Blue
Existing Customer,M,Uneducated,Single,Blue
Existing Customer,M,High School,Single,Blue
Existing Customer,M,College,Single,Blue
Existing Customer,M,Doctorate,Single,Blue
Existing Customer,M,Uneducated,Married,Blue
Attrited Customer,F,Doctorate,Married,Blue
Existing Customer,F,Graduate,Single,Blue
Existing Customer,M,High School,Single,Blue
Existing Customer,M,Graduate,Divorced,Blue
Existing Customer,F,Uneducated,Single,Blue
Existing Customer,M,Uneducated,Unknown,Blue
Attrited Customer,F,Graduate,Unknown,Blue
Existing Customer,F,Post-Graduate,Single,Blue
Existing Customer,F,Uneducated,Married,Blue
Existing Customer,M,Graduate,Single,Blue
Existing Customer,F,Graduate,Married,Blue
Attrited Customer,F,College,Single,Blue
Existing Customer,F,Uneducated,Married,Blue
Existing Customer,F,High School,Married,Blue
Attrited Customer,F,Graduate,Married,Blue
Attrited Customer,M,Unknown,Single,Blue
Existing Customer,M,Graduate,Married,Blue
Existing Customer,F,Uneducated,Married,Blue
Existing Customer,F,Graduate,Single,Blue
Existing Customer,F,Doctorate,Single,Blue
Existing Customer,F,High School,Married,Blue
Existing Customer,F,Unknown,Single,Blue
Attrited Customer,F,Graduate,Single,Blue
Existing Customer,F,Graduate,Single,Blue
Existing Customer,M,Graduate,Married,Blue
Existing Customer,F,Uneducated,Divorced,Blue
Attrited Customer,F,Unknown,Married,Blue
Existing Customer,F,High School,Unknown,Blue
Attrited Customer,F,Unknown,Single,Blue
Existing Customer,F,Post-Graduate,Single,Blue
Existing Customer,M,Uneducated,Married,Blue
Existing Customer,M,Uneducated,Married,Blue
Existing Customer,F,High School,Unknown,Blue
Existing Customer,F,High School,Married,Blue
Existing Customer,F,Graduate,Single,Blue
Existing Customer,F,Unknown,Single,Blue
Existing Customer,M,High School,Single,Blue
Existing Customer,F,Graduate,Married,Blue
Attrited Customer,M,High School,Unknown,Blue
Existing Customer,M,Graduate,Married,Blue
Attrited Customer,M,Uneducated,Single,Blue
Existing Customer,F,Graduate,Married,Blue
Attrited Customer,F,Uneducated,Single,Blue
Attrited Customer,F,Graduate,Unknown,Blue
Existing Customer,F,High School,Single,Blue
Existing Customer,F,Uneducated,Married,Blue
Existing Customer,F,Graduate,Unknown,Blue
Attrited Customer,F,High School,Single,Blue
Existing Customer,M,Uneducated,Single,Blue
Attrited Customer,F,Uneducated,Single,Blue
Attrited Customer,F,Uneducated,Single,Blue
Existing Customer,M,College,Single,Blue
Attrited Customer,F,Uneducated,Single,Blue
Attrited Customer,F,Doctorate,Divorced,Blue
Existing Customer,F,Uneducated,Single,Blue
Existing Customer,M,College,Single,Blue
Existing Customer,F,College,Married,Blue
Existing Customer,F,Uneducated,Single,Blue
Attrited Customer,F,Uneducated,Divorced,Blue
Existing Customer,M,Graduate,Married,Blue
Existing Customer,F,Graduate,Married,Blue
Existing Customer,M,College,Married,Blue
Attrited Customer,F,Doctorate,Single,Blue
Existing Customer,F,Uneducated,Married,Blue
Existing Customer,F,Doctorate,Single,Blue
Existing Customer,F,High School,Single,Blue
Existing Customer,F,Uneducated,Single,Blue
Existing Customer,F,High School,Single,Blue
Existing Customer,F,Unknown,Married,Blue
Existing Customer,F,Graduate,Divorced,Blue
Existing Customer,F,Unknown,Married,Blue
Existing Customer,F,High School,Single,Blue
Existing Customer,F,Graduate,Single,Blue
Existing Customer,F,High School,Married,Blue
Existing Customer,F,High School,Married,Blue
Attrited Customer,F,High School,Married,Blue
Attrited Customer,F,Uneducated,Divorced,Blue
Existing Customer,M,Graduate,Married,Blue
Existing Customer,M,Graduate,Single,Blue
Existing Customer,F,Graduate,Married,Blue
Existing Customer,F,High School,Single,Blue
Existing Customer,F,Graduate,Single,Blue
Existing Customer,M,Post-Graduate,Unknown,Blue
Existing Customer,F,Graduate,Married,Blue
Existing Customer,F,Graduate,Single,Blue
Existing Customer,F,Uneducated,Married,Blue
Existing Customer,F,Graduate,Married,Blue
Attrited Customer,M,Post-Graduate,Married,Blue
Attrited Customer,F,High School,Married,Blue
Existing Customer,F,Unknown,Married,Blue
Existing Customer,F,Uneducated,Single,Blue
Existing Customer,F,High School,Married,Blue
Existing Customer,F,Unknown,Married,Blue
Existing Customer,F,Graduate,Single,Blue
Existing Customer,F,Graduate,Married,Blue
Existing Customer,F,Unknown,Single,Blue
Existing Customer,M,Unknown,Married,Blue
Existing Customer,M,Unknown,Unknown,Blue
Attrited Customer,M,Uneducated,Married,Blue
Attrited Customer,F,Doctorate,Single,Blue
Existing Customer,F,High School,Married,Blue
Existing Customer,F,Uneducated,Married,Blue
Existing Customer,M,Unknown,Single,Blue
Existing Customer,M,Graduate,Single,Blue
Existing Customer,M,Graduate,Single,Blue
Existing Customer,F,College,Married,Blue
Existing Customer,M,Graduate,Married,Blue
Existing Customer,F,Unknown,Married,Blue
Existing Customer,F,High School,Married,Blue
Attrited Customer,F,Graduate,Married,Blue
Existing Customer,F,High School,Single,Blue
Existing Customer,M,College,Married,Blue
Existing Customer,F,Graduate,Married,Blue
Existing Customer,M,Uneducated,Married,Blue
Existing Customer,F,College,Married,Blue
Existing Customer,F,Doctorate,Single,Blue
Attrited Customer,F,Unknown,Married,Blue
Existing Customer,F,Uneducated,Single,Blue
Attrited Customer,M,High School,Married,Blue
Existing Customer,F,High School,Married,Blue
Existing Customer,F,Unknown,Married,Blue
Existing Customer,F,Graduate,Single,Blue
Existing Customer,F,Post-Graduate,Unknown,Blue
Existing Customer,F,College,Single,Blue
Existing Customer,F,Graduate,Married,Blue
Attrited Customer,F,Unknown,Single,Blue
Existing Customer,F,Post-Graduate,Single,Blue
Attrited Customer,F,Graduate,Single,Blue
Existing Customer,F,Uneducated,Single,Blue
Existing Customer,F,College,Single,Blue
Existing Customer,M,Graduate,Divorced,Blue
Existing Customer,F,High School,Divorced,Blue
Existing Customer,F,Uneducated,Married,Blue
Existing Customer,F,Graduate,Single,Blue
Attrited Customer,F,Unknown,Married,Blue
Existing Customer,F,College,Unknown,Blue
Existing Customer,F,Uneducated,Married,Blue
Existing Customer,M,Graduate,Unknown,Blue
Attrited Customer,M,Uneducated,Single,Blue
Existing Customer,M,High School,Married,Blue
Existing Customer,M,Unknown,Single,Blue
Existing Customer,F,Graduate,Married,Blue
Existing Customer,M,Doctorate,Married,Blue
Existing Customer,F,Graduate,Married,Blue
Existing Customer,F,Uneducated,Single,Blue
Existing Customer,F,High School,Divorced,Blue
Attrited Customer,M,Graduate,Single,Blue
Attrited Customer,F,Graduate,Married,Blue
Existing Customer,F,Uneducated,Married,Blue
Existing Customer,M,Unknown,Married,Blue
Existing Customer,M,Doctorate,Married,Blue
Existing Customer,M,Unknown,Single,Blue
Existing Customer,F,High School,Single,Blue
Existing Customer,F,Graduate,Married,Blue
Existing Customer,F,Graduate,Single,Blue
Attrited Customer,F,Graduate,Unknown,Blue
Attrited Customer,F,Unknown,Single,Blue
Existing Customer,F,High School,Unknown,Blue
Existing Customer,F,High School,Single,Blue
Attrited Customer,F,Graduate,Single,Blue
Existing Customer,F,Graduate,Married,Blue
Existing Customer,F,Uneducated,Single,Blue
Existing Customer,F,Uneducated,Divorced,Blue
Attrited Customer,M,High School,Single,Blue
Existing Customer,F,Uneducated,Single,Blue
Existing Customer,F,Graduate,Unknown,Blue
Attrited Customer,F,Uneducated,Single,Blue
Existing Customer,M,Graduate,Married,Blue
Existing Customer,M,High School,Divorced,Blue
Existing Customer,M,Unknown,Single,Blue
Existing Customer,F,Graduate,Married,Blue
Existing Customer,F,Doctorate,Single,Blue
Attrited Customer,F,Unknown,Married,Blue
Attrited Customer,M,Doctorate,Unknown,Blue
Existing Customer,F,Uneducated,Single,Blue
Existing Customer,F,Graduate,Divorced,Blue
Existing Customer,F,Graduate,Married,Blue
Existing Customer,F,High School,Married,Blue
Existing Customer,M,Uneducated,Single,Blue
Existing Customer,F,Unknown,Single,Blue
Existing Customer,F,High School,Single,Blue
Existing Customer,M,High School,Married,Blue
Existing Customer,F,Graduate,Unknown,Blue
Existing Customer,M,Post-Graduate,Married,Blue
Existing Customer,F,Graduate,Married,Blue
Existing Customer,F,Graduate,Divorced,Blue
Existing Customer,F,College,Unknown,Blue
Existing Customer,F,Uneducated,Single,Blue
Attrited Customer,F,Graduate,Married,Blue
Existing Customer,F,Uneducated,Married,Blue
Attrited Customer,F,Graduate,Single,Blue
Existing Customer,F,High School,Single,Blue
Existing Customer,F,Unknown,Single,Blue
Attrited Customer,F,Graduate,Single,Blue
Existing Customer,F,Uneducated,Married,Blue
Existing Customer,M,Uneducated,Single,Blue
Attrited Customer,F,Unknown,Married,Blue
Existing Customer,M,Doctorate,Single,Blue
Existing Customer,F,Unknown,Married,Blue
Existing Customer,F,Unknown,Married,Blue
Existing Customer,F,Unknown,Single,Blue
Existing Customer,F,Uneducated,Married,Blue
Existing Customer,F,Unknown,Single,Blue
Existing Customer,F,Uneducated,Married,Blue
Existing Customer,F,Doctorate,Single,Blue
Existing Customer,F,Uneducated,Unknown,Blue
Existing Customer,F,High School,Married,Blue
Existing Customer,F,Graduate,Single,Blue
Existing Customer,F,Unknown,Married,Blue
Existing Customer,F,Graduate,Married,Blue
Existing Customer,M,College,Unknown,Blue
Existing Customer,F,College,Single,Blue
Attrited Customer,M,Post-Graduate,Unknown,Blue
Existing Customer,M,Uneducated,Married,Blue
Existing Customer,F,Graduate,Single,Blue
Existing Customer,F,High School,Single,Blue
Existing Customer,F,Doctorate,Unknown,Blue
Existing Customer,M,High School,Single,Blue
Attrited Customer,F,Graduate,Divorced,Blue
Attrited Customer,M,Post-Graduate,Married,Blue
Attrited Customer,F,High School,Single,Blue
Existing Customer,F,Unknown,Single,Blue
Existing Customer,F,High School,Divorced,Blue
Existing Customer,F,Uneducated,Married,Blue
Existing Customer,F,College,Married,Blue
Attrited Customer,F,High School,Single,Blue
Existing Customer,F,Graduate,Divorced,Blue
Existing Customer,F,Unknown,Married,Blue
Existing Customer,F,High School,Single,Blue
Existing Customer,F,Graduate,Married,Blue
Existing Customer,F,Graduate,Single,Blue
Existing Customer,M,Unknown,Married,Blue
Existing Customer,M,Graduate,Unknown,Blue
Attrited Customer,F,Unknown,Single,Silver
Existing Customer,M,College,Single,Gold
Attrited Customer,M,Graduate,Single,Blue
Existing Customer,F,College,Single,Blue
Existing Customer,F,Unknown,Single,Blue
Existing Customer,M,College,Single,Blue
Existing Customer,F,Graduate,Single,Blue
Existing Customer,M,Post-Graduate,Married,Blue
Existing Customer,M,Post-Graduate,Single,Blue
Existing Customer,F,High School,Married,Blue
Existing Customer,F,High School,Single,Blue
Existing Customer,F,Unknown,Single,Blue
Existing Customer,F,Unknown,Married,Blue
Existing Customer,F,College,Single,Blue
Existing Customer,M,High School,Married,Blue
Existing Customer,F,Unknown,Single,Blue
Existing Customer,M,College,Single,Blue
Existing Customer,F,High School,Unknown,Blue
Existing Customer,F,High School,Single,Blue
Existing Customer,F,Doctorate,Single,Blue
Existing Customer,M,Graduate,Married,Blue
Existing Customer,F,High School,Married,Blue
Existing Customer,F,College,Single,Blue
Attrited Customer,F,High School,Single,Blue
Existing Customer,F,Unknown,Single,Blue
Existing Customer,F,Unknown,Single,Blue
Existing Customer,M,Post-Graduate,Divorced,Blue
Existing Customer,M,Graduate,Single,Blue
Existing Customer,F,Doctorate,Married,Blue
Existing Customer,M,High School,Single,Silver
Existing Customer,F,Uneducated,Married,Blue
Existing Customer,F,Graduate,Single,Blue
Existing Customer,F,Graduate,Unknown,Blue
Attrited Customer,F,College,Married,Blue
Existing Customer,M,Unknown,Married,Silver
Existing Customer,F,Graduate,Single,Blue
Existing Customer,M,High School,Single,Silver
Existing Customer,F,Uneducated,Single,Blue
Existing Customer,F,College,Married,Blue
Existing Customer,F,High School,Single,Blue
Attrited Customer,F,Unknown,Married,Blue
Existing Customer,F,High School,Single,Blue
Existing Customer,F,Unknown,Married,Blue
Existing Customer,F,Doctorate,Married,Blue
Existing Customer,M,Unknown,Divorced,Blue
Attrited Customer,M,Post-Graduate,Single,Blue
Existing Customer,M,College,Single,Blue
Existing Customer,F,Uneducated,Single,Blue
Existing Customer,M,High School,Married,Blue
Attrited Customer,F,Doctorate,Single,Blue
Existing Customer,F,High School,Single,Blue
Existing Customer,M,Uneducated,Single,Blue
Existing Customer,F,Graduate,Married,Blue
Existing Customer,F,High School,Married,Blue
Existing Customer,F,Post-Graduate,Married,Blue
Attrited Customer,F,Graduate,Single,Blue
Existing Customer,M,Graduate,Single,Blue
Existing Customer,M,Uneducated,Married,Gold
Existing Customer,F,Unknown,Single,Blue
Existing Customer,M,Graduate,Unknown,Blue
Existing Customer,F,Graduate,Married,Blue
Existing Customer,F,High School,Married,Blue
Attrited Customer,F,Graduate,Married,Blue
Existing Customer,F,College,Single,Blue
Existing Customer,M,Uneducated,Single,Blue
Attrited Customer,F,High School,Married,Blue
Existing Customer,F,Graduate,Married,Blue
Existing Customer,M,Graduate,Married,Blue
Existing Customer,F,Graduate,Unknown,Blue
Attrited Customer,F,Graduate,Unknown,Blue
Existing Customer,M,College,Single,Blue
Existing Customer,F,Graduate,Divorced,Blue
Attrited Customer,F,Post-Graduate,Single,Blue
Existing Customer,F,Unknown,Single,Blue
Existing Customer,M,Graduate,Single,Blue
Existing Customer,F,Graduate,Single,Blue
Existing Customer,F,High School,Divorced,Blue
Existing Customer,F,Unknown,Married,Blue
Existing Customer,F,High School,Single,Blue
Attrited Customer,F,College,Unknown,Blue
Existing Customer,F,Uneducated,Married,Blue
Existing Customer,M,College,Single,Blue
Attrited Customer,M,Graduate,Single,Blue
Attrited Customer,F,College,Single,Blue
Attrited Customer,F,Graduate,Divorced,Blue
Existing Customer,F,Doctorate,Married,Blue
Existing Customer,F,Uneducated,Divorced,Blue
Existing Customer,F,Graduate,Married,Blue
Existing Customer,F,High School,Married,Blue
Attrited Customer,F,College,Married,Blue
Existing Customer,M,Unknown,Married,Blue
Attrited Customer,F,Unknown,Single,Blue
Existing Customer,F,Graduate,Single,Blue
Existing Customer,F,Unknown,Single,Blue
Existing Customer,F,High School,Single,Blue
Attrited Customer,M,High School,Single,Blue
Existing Customer,F,College,Married,Blue
Existing Customer,M,Post-Graduate,Divorced,Blue
Existing Customer,M,Doctorate,Unknown,Blue
Existing Customer,F,Unknown,Married,Blue
Existing Customer,M,College,Single,Blue
Attrited Customer,F,Doctorate,Married,Blue
Existing Customer,M,College,Single,Blue
Existing Customer,M,College,Married,Blue
Attrited Customer,F,Unknown,Married,Blue
Existing Customer,F,Uneducated,Divorced,Blue
Existing Customer,M,Graduate,Single,Blue
Existing Customer,M,Uneducated,Single,Blue
Attrited Customer,M,Unknown,Married,Blue
Existing Customer,F,Uneducated,Single,Blue
Existing Customer,F,Unknown,Married,Blue
Existing Customer,M,Post-Graduate,Unknown,Blue
Existing Customer,F,Unknown,Single,Blue
Attrited Customer,M,Graduate,Married,Blue
Existing Customer,F,Unknown,Single,Blue
Existing Customer,F,Unknown,Single,Blue
Existing Customer,F,High School,Married,Blue
Existing Customer,F,Unknown,Single,Blue
Existing Customer,M,Graduate,Single,Blue
Existing Customer,F,Unknown,Married,Blue
Existing Customer,F,Post-Graduate,Divorced,Blue
Existing Customer,M,College,Married,Blue
Existing Customer,M,College,Married,Blue
Existing Customer,F,High School,Married,Blue
Existing Customer,F,Unknown,Married,Blue
Existing Customer,M,College,Married,Blue
Existing Customer,F,High School,Married,Blue
Existing Customer,F,Doctorate,Single,Blue
Existing Customer,M,Graduate,Single,Blue
Existing Customer,M,Unknown,Married,Blue
Attrited Customer,F,Doctorate,Divorced,Blue
Existing Customer,F,Uneducated,Single,Blue
Existing Customer,F,Post-Graduate,Married,Blue
Existing Customer,F,Graduate,Single,Blue
Attrited Customer,F,Uneducated,Married,Blue
Existing Customer,F,Graduate,Married,Blue
Existing Customer,F,Doctorate,Single,Blue
Existing Customer,F,Graduate,Married,Blue
Existing Customer,F,College,Single,Blue
Existing Customer,M,Post-Graduate,Single,Blue
Existing Customer,F,Graduate,Single,Blue
Attrited Customer,F,Doctorate,Single,Blue
Existing Customer,F,High School,Single,Blue
Existing Customer,F,Unknown,Single,Blue
Attrited Customer,F,Graduate,Married,Blue
Existing Customer,M,Graduate,Single,Blue
Existing Customer,F,Unknown,Married,Blue
Attrited Customer,M,High School,Divorced,Blue
Existing Customer,F,Graduate,Single,Blue
Existing Customer,F,High School,Married,Blue
Existing Customer,F,College,Married,Blue
Existing Customer,F,Graduate,Married,Blue
Existing Customer,F,Uneducated,Single,Blue
Existing Customer,F,High School,Married,Blue
Existing Customer,F,Uneducated,Unknown,Blue
Existing Customer,F,Graduate,Married,Blue
Attrited Customer,F,College,Unknown,Blue
Existing Customer,F,Uneducated,Single,Blue
Attrited Customer,F,Doctorate,Married,Blue
Attrited Customer,F,Unknown,Married,Blue
Attrited Customer,M,Doctorate,Single,Blue
Attrited Customer,F,Doctorate,Divorced,Blue
Attrited Customer,F,Graduate,Married,Silver
Existing Customer,F,Graduate,Married,Blue
Existing Customer,F,Doctorate,Married,Blue
Existing Customer,F,Doctorate,Single,Blue
Existing Customer,M,Graduate,Single,Blue
Attrited Customer,F,High School,Single,Blue
Attrited Customer,F,Graduate,Single,Blue
Existing Customer,F,Graduate,Single,Blue
Existing Customer,F,Post-Graduate,Married,Blue
Existing Customer,F,High School,Single,Blue
Existing Customer,F,Graduate,Unknown,Blue
Existing Customer,F,College,Married,Blue
Attrited Customer,M,Uneducated,Married,Blue
Attrited Customer,M,Uneducated,Single,Blue
Existing Customer,M,Graduate,Married,Blue
Existing Customer,M,Unknown,Married,Blue
Existing Customer,F,Graduate,Unknown,Blue
Attrited Customer,F,Uneducated,Unknown,Blue
Existing Customer,F,College,Single,Blue
Existing Customer,F,Graduate,Single,Blue
Existing Customer,M,Unknown,Single,Blue
Attrited Customer,F,Graduate,Married,Blue
Existing Customer,F,High School,Single,Blue
Existing Customer,M,Post-Graduate,Married,Blue
Existing Customer,F,Graduate,Married,Blue
Existing Customer,M,High School,Married,Blue
Existing Customer,M,Unknown,Single,Blue
Existing Customer,F,High School,Single,Blue
Attrited Customer,M,High School,Unknown,Blue
Existing Customer,F,Graduate,Single,Blue
Attrited Customer,F,High School,Single,Blue
Existing Customer,F,Graduate,Single,Blue
Attrited Customer,M,High School,Single,Blue
Existing Customer,F,High School,Married,Blue
Existing Customer,M,College,Married,Blue
Existing Customer,M,Graduate,Single,Blue
Attrited Customer,M,Uneducated,Single,Blue
Existing Customer,F,Uneducated,Married,Blue
Existing Customer,F,College,Divorced,Blue
Attrited Customer,F,Graduate,Single,Blue
Attrited Customer,M,Graduate,Married,Blue
Attrited Customer,F,Graduate,Single,Blue
Attrited Customer,M,Unknown,Married,Blue
Existing Customer,F,Doctorate,Divorced,Blue
Attrited Customer,F,College,Married,Blue
Existing Customer,F,High School,Married,Blue
Existing Customer,F,College,Divorced,Blue
Existing Customer,M,High School,Married,Blue
Attrited Customer,M,Doctorate,Married,Blue
Existing Customer,M,Graduate,Single,Blue
Existing Customer,M,Uneducated,Divorced,Blue
Attrited Customer,F,High School,Single,Blue
Attrited Customer,M,Doctorate,Married,Blue
Attrited Customer,F,Unknown,Single,Blue
Existing Customer,F,Graduate,Married,Blue
Existing Customer,F,Graduate,Married,Blue
Existing Customer,F,Graduate,Married,Blue
Attrited Customer,F,Graduate,Married,Blue
Existing Customer,M,High School,Single,Blue
Existing Customer,F,Unknown,Divorced,Blue
Existing Customer,F,Graduate,Single,Blue
Attrited Customer,M,Graduate,Unknown,Silver
Attrited Customer,M,High School,Unknown,Blue
Existing Customer,F,Uneducated,Single,Blue
Existing Customer,M,Unknown,Married,Blue
Existing Customer,M,College,Married,Blue
Attrited Customer,M,Unknown,Single,Blue
Existing Customer,F,College,Single,Blue
Existing Customer,F,Unknown,Married,Blue
Existing Customer,F,Uneducated,Single,Blue
Existing Customer,F,Graduate,Single,Blue
Existing Customer,F,College,Single,Blue
Attrited Customer,F,Graduate,Married,Blue
Existing Customer,F,Graduate,Single,Blue
Attrited Customer,M,Unknown,Divorced,Blue
Existing Customer,F,Graduate,Single,Blue
Existing Customer,F,Graduate,Single,Blue
Existing Customer,F,College,Single,Blue
Existing Customer,F,High School,Single,Blue
Existing Customer,F,Graduate,Married,Blue
Existing Customer,F,Graduate,Single,Blue
Existing Customer,M,Graduate,Married,Silver
Existing Customer,F,Graduate,Married,Blue
Existing Customer,F,Doctorate,Divorced,Blue
Existing Customer,F,High School,Single,Blue
Existing Customer,F,Unknown,Married,Blue
Existing Customer,F,High School,Unknown,Blue
Existing Customer,F,Graduate,Single,Blue
Existing Customer,M,Unknown,Single,Blue
Existing Customer,F,Unknown,Single,Blue
Existing Customer,M,Uneducated,Single,Blue
Attrited Customer,F,Uneducated,Single,Blue
Existing Customer,F,High School,Single,Blue
Existing Customer,F,Graduate,Single,Blue
Attrited Customer,F,Graduate,Divorced,Blue
Existing Customer,M,Graduate,Married,Blue
Existing Customer,F,Graduate,Single,Blue
Existing Customer,F,Graduate,Single,Silver
Existing Customer,M,Post-Graduate,Married,Blue
Existing Customer,F,College,Married,Blue
Existing Customer,M,College,Married,Blue
Attrited Customer,F,Graduate,Divorced,Blue
Existing Customer,M,Unknown,Single,Blue
Existing Customer,F,Graduate,Married,Blue
Attrited Customer,F,High School,Married,Blue
Existing Customer,F,High School,Single,Blue
Existing Customer,M,Graduate,Single,Blue
Attrited Customer,F,Graduate,Married,Blue
Existing Customer,F,Uneducated,Single,Blue
Existing Customer,F,Post-Graduate,Married,Blue
Existing Customer,M,Unknown,Married,Blue
Attrited Customer,F,Graduate,Unknown,Blue
Existing Customer,F,High School,Single,Blue
Existing Customer,M,Graduate,Single,Blue
Attrited Customer,F,Graduate,Single,Blue
Existing Customer,M,High School,Single,Blue
Existing Customer,F,Uneducated,Single,Blue
Existing Customer,M,Graduate,Married,Blue
Attrited Customer,M,College,Married,Blue
Existing Customer,F,Unknown,Married,Blue
Existing Customer,M,High School,Married,Blue
Existing Customer,M,Uneducated,Single,Blue
Existing Customer,F,College,Married,Blue
Existing Customer,F,Unknown,Married,Blue
Existing Customer,F,High School,Single,Blue
Existing Customer,F,High School,Single,Blue
Existing Customer,F,High School,Single,Blue
Existing Customer,M,High School,Single,Blue
Existing Customer,M,High School,Single,Silver
Existing Customer,F,Post-Graduate,Single,Blue
Existing Customer,F,High School,Single,Blue
Existing Customer,F,Unknown,Unknown,Blue
Existing Customer,F,Unknown,Single,Blue
Attrited Customer,F,Graduate,Single,Blue
Existing Customer,F,Uneducated,Single,Blue
Existing Customer,F,High School,Married,Blue
Existing Customer,F,High School,Married,Blue
Attrited Customer,F,Uneducated,Single,Blue
Existing Customer,M,Graduate,Single,Blue
Existing Customer,F,High School,Married,Blue
Existing Customer,F,Uneducated,Married,Blue
Existing Customer,F,Graduate,Married,Blue
Existing Customer,F,High School,Married,Blue
Attrited Customer,M,Graduate,Married,Blue
Existing Customer,F,College,Unknown,Blue
Attrited Customer,F,Uneducated,Divorced,Blue
Attrited Customer,M,Graduate,Divorced,Blue
Existing Customer,F,Post-Graduate,Unknown,Blue
Existing Customer,F,Unknown,Married,Blue
Existing Customer,F,Post-Graduate,Married,Blue
Existing Customer,F,Uneducated,Single,Blue
Existing Customer,F,College,Divorced,Blue
Attrited Customer,M,Uneducated,Single,Blue
Existing Customer,F,Graduate,Divorced,Blue
Existing Customer,M,Doctorate,Single,Silver
Existing Customer,M,Uneducated,Married,Blue
Existing Customer,F,Unknown,Single,Blue
Existing Customer,F,Graduate,Married,Blue
Existing Customer,F,High School,Married,Blue
Existing Customer,F,Graduate,Married,Blue
Existing Customer,F,Uneducated,Divorced,Blue
Attrited Customer,F,Doctorate,Married,Blue
Existing Customer,M,High School,Single,Blue
Existing Customer,F,Graduate,Single,Blue
Existing Customer,F,High School,Single,Blue
Existing Customer,F,High School,Divorced,Blue
Existing Customer,F,Graduate,Single,Blue
Existing Customer,F,Graduate,Married,Blue
Existing Customer,M,Unknown,Single,Silver
Existing Customer,F,Graduate,Married,Blue
Existing Customer,F,Uneducated,Married,Blue
Existing Customer,F,Uneducated,Single,Blue
Existing Customer,F,High School,Divorced,Blue
Existing Customer,M,High School,Married,Blue
Existing Customer,M,Graduate,Married,Blue
Existing Customer,F,High School,Single,Blue
Existing Customer,F,Unknown,Unknown,Blue
Existing Customer,M,High School,Single,Silver
Existing Customer,F,High School,Divorced,Blue
Existing Customer,F,Doctorate,Single,Blue
Attrited Customer,M,Uneducated,Single,Blue
Attrited Customer,F,Unknown,Single,Blue
Existing Customer,M,Graduate,Unknown,Blue
Existing Customer,F,Uneducated,Married,Blue
Existing Customer,M,High School,Married,Blue
Existing Customer,F,High School,Married,Blue
Existing Customer,M,High School,Married,Blue
Existing Customer,F,Unknown,Married,Blue
Existing Customer,F,Graduate,Divorced,Blue
Existing Customer,F,College,Divorced,Blue
Existing Customer,F,Graduate,Married,Blue
Attrited Customer,F,Graduate,Married,Blue
Existing Customer,M,Unknown,Single,Blue
Existing Customer,M,Uneducated,Married,Blue
Attrited Customer,F,High School,Married,Blue
Existing Customer,F,High School,Single,Blue
Existing Customer,F,Graduate,Single,Blue
Attrited Customer,F,Graduate,Single,Blue
Existing Customer,M,Graduate,Single,Blue
Existing Customer,M,Graduate,Married,Blue
Existing Customer,F,Doctorate,Married,Blue
Existing Customer,F,High School,Married,Blue
Existing Customer,F,Unknown,Married,Blue
Attrited Customer,F,High School,Single,Blue
Existing Customer,F,High School,Married,Blue
Existing Customer,F,Unknown,Single,Blue
Existing Customer,F,Uneducated,Married,Blue
Existing Customer,F,Graduate,Married,Blue
Existing Customer,F,Graduate,Married,Silver
Attrited Customer,M,Graduate,Single,Blue
Existing Customer,F,High School,Married,Blue
Existing Customer,F,College,Married,Blue
Existing Customer,M,Graduate,Single,Blue
Existing Customer,F,Uneducated,Single,Blue
Existing Customer,F,College,Single,Blue
Existing Customer,F,Uneducated,Single,Blue
Attrited Customer,F,Unknown,Single,Blue
Existing Customer,F,College,Married,Blue
Attrited Customer,F,Doctorate,Married,Blue
Existing Customer,M,Graduate,Single,Blue
Existing Customer,F,Graduate,Married,Blue
Existing Customer,F,Graduate,Single,Blue
Existing Customer,M,Graduate,Divorced,Blue
Existing Customer,F,Unknown,Married,Blue
Existing Customer,F,Graduate,Single,Blue
Existing Customer,F,Post-Graduate,Married,Silver
Existing Customer,F,Unknown,Single,Blue
Existing Customer,F,High School,Married,Blue
Existing Customer,F,High School,Single,Blue
Existing Customer,F,College,Married,Blue
Existing Customer,F,Graduate,Married,Blue
Attrited Customer,F,Graduate,Married,Blue
Attrited Customer,F,Doctorate,Married,Blue
Existing Customer,F,Post-Graduate,Unknown,Blue
Existing Customer,F,College,Married,Blue
Attrited Customer,F,Uneducated,Divorced,Blue
Existing Customer,F,Graduate,Married,Blue
Attrited Customer,M,Graduate,Divorced,Blue
Existing Customer,M,High School,Unknown,Blue
Existing Customer,F,Graduate,Married,Blue
Existing Customer,F,Post-Graduate,Married,Blue
Existing Customer,F,Graduate,Single,Blue
Existing Customer,F,Unknown,Married,Blue
Existing Customer,M,Unknown,Married,Blue
Existing Customer,M,Uneducated,Married,Blue
Existing Customer,F,Post-Graduate,Unknown,Blue
Existing Customer,F,Graduate,Unknown,Blue
Existing Customer,M,Uneducated,Single,Blue
Existing Customer,F,Graduate,Married,Blue
Existing Customer,F,Graduate,Single,Blue
Existing Customer,M,High School,Married,Blue
Existing Customer,F,Graduate,Married,Blue
Existing Customer,F,High School,Married,Blue
Existing Customer,F,Unknown,Married,Blue
Attrited Customer,F,Doctorate,Married,Blue
Existing Customer,F,Graduate,Unknown,Blue
Existing Customer,F,Uneducated,Married,Blue
Existing Customer,M,Uneducated,Married,Blue
Attrited Customer,F,Graduate,Single,Blue
Existing Customer,F,High School,Single,Blue
Existing Customer,M,High School,Single,Blue
Existing Customer,F,Post-Graduate,Single,Blue
Attrited Customer,M,High School,Unknown,Blue
Existing Customer,F,Graduate,Single,Blue
Existing Customer,M,Post-Graduate,Married,Blue
Attrited Customer,F,Unknown,Married,Blue
Attrited Customer,F,Graduate,Single,Blue
Existing Customer,M,Post-Graduate,Single,Blue
Existing Customer,F,High School,Married,Blue
Attrited Customer,F,Graduate,Unknown,Blue
Attrited Customer,F,Graduate,Married,Blue
Existing Customer,F,College,Married,Blue
Attrited Customer,M,Post-Graduate,Divorced,Blue
Attrited Customer,F,High School,Single,Blue
Existing Customer,F,Graduate,Married,Blue
Existing Customer,F,High School,Married,Blue
Existing Customer,F,Graduate,Married,Blue
Existing Customer,F,College,Single,Blue
Attrited Customer,F,Uneducated,Single,Blue
Existing Customer,F,Graduate,Single,Blue
Existing Customer,F,College,Divorced,Blue
Existing Customer,F,College,Married,Blue
Existing Customer,F,Graduate,Single,Blue
Existing Customer,F,Uneducated,Married,Blue
Existing Customer,F,Graduate,Married,Blue
Existing Customer,F,High School,Married,Blue
Existing Customer,F,Graduate,Divorced,Blue
Attrited Customer,F,High School,Married,Blue
Existing Customer,F,Uneducated,Single,Blue
Existing Customer,M,High School,Single,Blue
Existing Customer,F,College,Married,Blue
Existing Customer,F,Unknown,Married,Silver
Existing Customer,M,Graduate,Single,Blue
Existing Customer,M,College,Single,Blue
Existing Customer,F,High School,Single,Blue
Attrited Customer,F,Uneducated,Single,Blue
Existing Customer,M,High School,Married,Blue
Existing Customer,F,College,Single,Blue
Existing Customer,M,Unknown,Married,Blue
Attrited Customer,F,Graduate,Married,Blue
Existing Customer,M,Unknown,Single,Blue
Existing Customer,F,Uneducated,Unknown,Blue
Attrited Customer,F,Unknown,Divorced,Blue
Existing Customer,F,Unknown,Single,Blue
Existing Customer,F,Uneducated,Married,Blue
Attrited Customer,F,Graduate,Divorced,Blue
Existing Customer,M,Unknown,Single,Blue
Existing Customer,F,High School,Married,Blue
Existing Customer,M,Doctorate,Unknown,Blue
Existing Customer,F,Unknown,Married,Blue
Existing Customer,F,College,Unknown,Blue
Attrited Customer,F,High School,Married,Blue
Existing Customer,F,Unknown,Single,Blue
Attrited Customer,F,Graduate,Single,Blue
Existing Customer,M,Graduate,Married,Blue
Existing Customer,F,College,Married,Blue
Existing Customer,M,College,Married,Blue
Existing Customer,M,High School,Single,Silver
Attrited Customer,F,High School,Married,Blue
Existing Customer,F,Graduate,Married,Blue
Existing Customer,M,High School,Divorced,Blue
Attrited Customer,F,Graduate,Married,Blue
Existing Customer,M,Uneducated,Single,Blue
Attrited Customer,F,Graduate,Married,Blue
Existing Customer,F,Doctorate,Married,Blue
Existing Customer,F,College,Single,Blue
Existing Customer,F,Unknown,Married,Blue
Existing Customer,F,High School,Single,Blue
Existing Customer,M,High School,Married,Blue
Existing Customer,F,High School,Married,Blue
Existing Customer,F,Graduate,Divorced,Blue
Existing Customer,F,Graduate,Single,Blue
Existing Customer,F,High School,Unknown,Blue
Attrited Customer,F,High School,Married,Blue
Existing Customer,F,Uneducated,Single,Blue
Existing Customer,M,Graduate,Married,Blue
Existing Customer,F,High School,Single,Blue
Existing Customer,M,Graduate,Single,Blue
Attrited Customer,F,High School,Married,Blue
Existing Customer,F,Graduate,Single,Blue
Existing Customer,F,Post-Graduate,Single,Blue
Existing Customer,M,Uneducated,Divorced,Gold
Existing Customer,F,Doctorate,Single,Blue
Attrited Customer,M,College,Married,Blue
Existing Customer,F,High School,Single,Blue
Existing Customer,M,Uneducated,Divorced,Blue
Attrited Customer,F,Doctorate,Married,Blue
Existing Customer,F,College,Single,Blue
Existing Customer,F,Unknown,Married,Blue
Existing Customer,F,Graduate,Married,Blue
Existing Customer,F,Doctorate,Unknown,Blue
Existing Customer,M,High School,Married,Blue
Existing Customer,M,Graduate,Married,Silver
Existing Customer,F,Doctorate,Single,Blue
Existing Customer,M,College,Married,Blue
Existing Customer,M,Graduate,Married,Blue
Existing Customer,M,Graduate,Single,Blue
Existing Customer,M,Unknown,Married,Blue
Existing Customer,F,High School,Married,Blue
Attrited Customer,M,Graduate,Married,Silver
Existing Customer,M,Graduate,Married,Blue
Existing Customer,F,College,Single,Blue
Existing Customer,F,Graduate,Married,Blue
Attrited Customer,F,Unknown,Single,Blue
Existing Customer,M,Uneducated,Married,Blue
Existing Customer,M,Uneducated,Single,Blue
Attrited Customer,F,High School,Single,Blue
Existing Customer,M,Graduate,Single,Blue
Existing Customer,M,Graduate,Married,Silver
Existing Customer,M,Uneducated,Married,Blue
Existing Customer,F,Doctorate,Single,Blue
Existing Customer,M,Post-Graduate,Married,Blue
Existing Customer,M,Uneducated,Married,Blue
Attrited Customer,M,High School,Married,Blue
Existing Customer,F,Graduate,Unknown,Blue
Existing Customer,F,Graduate,Married,Blue
Existing Customer,F,Graduate,Married,Blue
Existing Customer,F,Unknown,Single,Blue
Attrited Customer,F,Uneducated,Single,Blue
Existing Customer,F,Graduate,Single,Blue
Existing Customer,F,College,Married,Blue
Existing Customer,M,High School,Married,Blue
Attrited Customer,F,High School,Married,Blue
Existing Customer,F,Graduate,Single,Blue
Existing Customer,M,Unknown,Married,Blue
Existing Customer,F,Unknown,Unknown,Blue
Existing Customer,M,Graduate,Married,Blue
Existing Customer,F,Uneducated,Married,Blue
Attrited Customer,F,Graduate,Married,Blue
Existing Customer,F,Graduate,Single,Blue
Existing Customer,F,High School,Single,Blue
Attrited Customer,M,Uneducated,Unknown,Blue
Existing Customer,F,Graduate,Divorced,Blue
Attrited Customer,M,Uneducated,Married,Blue
Existing Customer,F,Graduate,Single,Blue
Existing Customer,F,High School,Married,Blue
Existing Customer,M,College,Single,Blue
Existing Customer,F,High School,Single,Blue
Attrited Customer,F,Graduate,Married,Blue
Existing Customer,F,Graduate,Married,Blue
Existing Customer,F,Uneducated,Unknown,Blue
Attrited Customer,F,High School,Married,Blue
Existing Customer,M,Graduate,Single,Blue
Existing Customer,F,Doctorate,Married,Blue
Existing Customer,F,Graduate,Single,Blue
Attrited Customer,F,Graduate,Single,Blue
Existing Customer,F,Unknown,Married,Blue
Existing Customer,F,College,Single,Blue
Existing Customer,F,Graduate,Single,Blue
Existing Customer,M,Uneducated,Divorced,Blue
Existing Customer,F,Unknown,Divorced,Blue
Existing Customer,F,High School,Single,Blue
Attrited Customer,M,High School,Single,Blue
Existing Customer,M,Uneducated,Married,Blue
Existing Customer,M,High School,Unknown,Blue
Existing Customer,F,Graduate,Divorced,Blue
Attrited Customer,M,Unknown,Single,Blue
Existing Customer,F,Unknown,Married,Blue
Existing Customer,F,Unknown,Married,Blue
Existing Customer,M,Uneducated,Married,Blue
Attrited Customer,F,Unknown,Single,Blue
Existing Customer,F,High School,Single,Blue
Existing Customer,M,Unknown,Single,Blue
Existing Customer,F,High School,Married,Blue
Existing Customer,M,College,Single,Blue
Existing Customer,F,Doctorate,Single,Blue
Existing Customer,M,Unknown,Married,Blue
Existing Customer,F,Post-Graduate,Married,Blue
Existing Customer,F,Graduate,Married,Blue
Attrited Customer,F,Graduate,Single,Blue
Existing Customer,F,Graduate,Single,Blue
Existing Customer,F,Post-Graduate,Married,Blue
Existing Customer,F,Uneducated,Divorced,Blue
Attrited Customer,F,Unknown,Married,Blue
Existing Customer,F,Graduate,Single,Blue
Existing Customer,M,Graduate,Single,Blue
Existing Customer,F,High School,Single,Blue
Existing Customer,F,Uneducated,Single,Blue
Existing Customer,M,High School,Married,Blue
Existing Customer,M,Post-Graduate,Married,Blue
Existing Customer,F,Graduate,Married,Blue
Existing Customer,F,High School,Married,Blue
Attrited Customer,M,Graduate,Single,Blue
Existing Customer,F,Post-Graduate,Married,Blue
Attrited Customer,F,College,Single,Blue
Attrited Customer,F,Uneducated,Married,Blue
Attrited Customer,F,High School,Married,Blue
Existing Customer,M,Doctorate,Single,Silver
Existing Customer,M,High School,Married,Blue
Existing Customer,F,Unknown,Single,Blue
Existing Customer,M,High School,Single,Blue
Existing Customer,F,Uneducated,Single,Blue
Existing Customer,M,Post-Graduate,Single,Blue
Existing Customer,F,Post-Graduate,Married,Blue
Existing Customer,F,High School,Married,Blue
Existing Customer,M,Uneducated,Married,Blue
Existing Customer,M,Graduate,Single,Blue
Existing Customer,F,Unknown,Single,Blue
Existing Customer,F,High School,Married,Blue
Existing Customer,M,Doctorate,Married,Blue
Existing Customer,F,Graduate,Married,Blue
Existing Customer,M,High School,Married,Blue
Attrited Customer,F,High School,Single,Blue
Attrited Customer,F,Post-Graduate,Married,Blue
Existing Customer,F,High School,Single,Blue
Attrited Customer,F,Graduate,Married,Blue
Existing Customer,F,Graduate,Married,Blue
Existing Customer,M,Graduate,Married,Blue
Attrited Customer,M,Uneducated,Married,Blue
Existing Customer,F,Uneducated,Single,Blue
Existing Customer,M,Doctorate,Single,Blue
Existing Customer,F,Unknown,Married,Blue
Existing Customer,M,High School,Single,Silver
Existing Customer,F,Unknown,Single,Blue
Existing Customer,F,Unknown,Married,Blue
Existing Customer,F,High School,Single,Blue
Existing Customer,M,Graduate,Single,Blue
Existing Customer,F,Graduate,Married,Blue
Existing Customer,M,College,Married,Blue
Existing Customer,F,Post-Graduate,Unknown,Blue
Existing Customer,M,College,Single,Silver
Existing Customer,M,Graduate,Married,Blue
Existing Customer,F,Unknown,Divorced,Blue
Attrited Customer,F,College,Married,Blue
Existing Customer,M,Unknown,Married,Blue
Existing Customer,F,College,Married,Blue
Existing Customer,M,Post-Graduate,Single,Silver
Existing Customer,F,Graduate,Married,Blue
Existing Customer,M,High School,Single,Blue
Existing Customer,F,Graduate,Divorced,Blue
Existing Customer,F,College,Single,Blue
Attrited Customer,F,Graduate,Married,Blue
Attrited Customer,F,Graduate,Married,Blue
Attrited Customer,F,Unknown,Divorced,Blue
Existing Customer,F,Unknown,Divorced,Blue
Existing Customer,F,High School,Married,Blue
Existing Customer,F,Graduate,Married,Blue
Existing Customer,M,High School,Single,Blue
Existing Customer,F,Graduate,Single,Blue
Existing Customer,F,College,Single,Blue
Existing Customer,F,Graduate,Married,Blue
Existing Customer,F,College,Married,Blue
Existing Customer,F,Graduate,Unknown,Blue
Existing Customer,F,High School,Divorced,Blue
Existing Customer,F,High School,Divorced,Blue
Attrited Customer,M,Uneducated,Single,Gold
Existing Customer,M,College,Married,Blue
Existing Customer,F,Graduate,Married,Blue
Existing Customer,F,High School,Unknown,Blue
Existing Customer,F,High School,Married,Blue
Existing Customer,F,Post-Graduate,Married,Blue
Attrited Customer,F,Uneducated,Married,Blue
Existing Customer,M,High School,Single,Blue
Existing Customer,F,Graduate,Married,Blue
Existing Customer,F,College,Married,Blue
Existing Customer,F,College,Married,Blue
Existing Customer,F,Post-Graduate,Married,Blue
Existing Customer,F,High School,Divorced,Blue
Existing Customer,M,Graduate,Married,Blue
Existing Customer,F,High School,Single,Blue
Attrited Customer,M,Unknown,Single,Blue
Existing Customer,M,College,Single,Blue
Existing Customer,F,High School,Married,Blue
Attrited Customer,F,College,Married,Blue
Existing Customer,M,High School,Married,Blue
Existing Customer,F,College,Divorced,Blue
Existing Customer,F,Unknown,Single,Blue
Existing Customer,F,High School,Married,Blue
Existing Customer,F,Uneducated,Single,Blue
Existing Customer,F,Unknown,Married,Blue
Existing Customer,F,Graduate,Divorced,Blue
Attrited Customer,F,Doctorate,Single,Blue
Existing Customer,M,High School,Divorced,Blue
Existing Customer,F,Graduate,Married,Blue
Existing Customer,F,Graduate,Married,Blue
Attrited Customer,F,Graduate,Single,Blue
Existing Customer,F,Doctorate,Divorced,Blue
Existing Customer,F,Unknown,Single,Blue
Existing Customer,F,Graduate,Single,Blue
Attrited Customer,M,Uneducated,Married,Blue
Existing Customer,F,Graduate,Married,Blue
Existing Customer,M,Post-Graduate,Divorced,Blue
Existing Customer,F,High School,Divorced,Blue
Existing Customer,M,Graduate,Married,Blue
Existing Customer,M,Graduate,Single,Blue
Existing Customer,F,High School,Married,Blue
Existing Customer,M,Graduate,Single,Blue
Existing Customer,F,Uneducated,Married,Blue
Existing Customer,M,College,Married,Blue
Existing Customer,M,College,Unknown,Blue
Existing Customer,F,College,Single,Blue
Existing Customer,F,Unknown,Married,Blue
Existing Customer,F,Uneducated,Unknown,Blue
Existing Customer,F,High School,Single,Blue
Existing Customer,F,College,Married,Blue
Existing Customer,F,High School,Single,Blue
Existing Customer,F,Unknown,Married,Blue
Existing Customer,F,Unknown,Married,Blue
Existing Customer,F,High School,Married,Blue
Attrited Customer,F,Unknown,Married,Blue
Existing Customer,M,Post-Graduate,Single,Silver
Existing Customer,F,Graduate,Single,Blue
Existing Customer,F,Graduate,Married,Blue
Existing Customer,F,College,Single,Blue
Existing Customer,M,High School,Single,Blue
Existing Customer,M,Doctorate,Single,Blue
Existing Customer,F,Unknown,Single,Blue
Existing Customer,F,Graduate,Single,Blue
Existing Customer,F,Doctorate,Single,Blue
Existing Customer,F,Graduate,Single,Blue
Attrited Customer,F,High School,Married,Blue
Existing Customer,M,Uneducated,Unknown,Blue
Existing Customer,F,Post-Graduate,Married,Blue
Existing Customer,M,Uneducated,Married,Blue
Existing Customer,F,Graduate,Single,Blue
Attrited Customer,F,Doctorate,Married,Blue
Existing Customer,F,Graduate,Single,Blue
Existing Customer,F,Graduate,Married,Blue
Existing Customer,M,Unknown,Single,Blue
Existing Customer,F,High School,Married,Blue
Existing Customer,F,Graduate,Divorced,Blue
Existing Customer,F,High School,Single,Blue
Existing Customer,F,Uneducated,Married,Blue
Existing Customer,F,Graduate,Married,Blue
Attrited Customer,F,College,Married,Blue
Existing Customer,F,Graduate,Unknown,Blue
Existing Customer,F,College,Married,Blue
Existing Customer,F,College,Married,Blue
Existing Customer,F,Graduate,Married,Blue
Existing Customer,F,Doctorate,Married,Blue
Existing Customer,M,Unknown,Single,Blue
Attrited Customer,F,Graduate,Married,Blue
Existing Customer,F,Post-Graduate,Married,Blue
Attrited Customer,F,High School,Single,Blue
Existing Customer,F,Unknown,Single,Blue
Attrited Customer,F,High School,Single,Blue
Existing Customer,F,College,Married,Blue
Existing Customer,M,Uneducated,Single,Blue
Attrited Customer,F,Graduate,Single,Blue
Existing Customer,F,Uneducated,Single,Blue
Existing Customer,F,High School,Unknown,Blue
Existing Customer,F,Graduate,Unknown,Blue
Attrited Customer,F,High School,Unknown,Blue
Existing Customer,F,Post-Graduate,Single,Blue
Existing Customer,M,Graduate,Married,Blue
Attrited Customer,F,Doctorate,Divorced,Blue
Existing Customer,M,College,Married,Blue
Existing Customer,F,Unknown,Unknown,Blue
Existing Customer,F,Unknown,Single,Blue
Existing Customer,F,Graduate,Married,Blue
Existing Customer,M,Unknown,Married,Blue
Existing Customer,F,Unknown,Unknown,Blue
Attrited Customer,M,Doctorate,Married,Blue
Existing Customer,M,Doctorate,Married,Blue
Attrited Customer,F,Unknown,Single,Blue
Attrited Customer,F,Uneducated,Married,Blue
Existing Customer,F,Post-Graduate,Single,Blue
Attrited Customer,F,Graduate,Single,Blue
Existing Customer,F,Unknown,Unknown,Blue
Existing Customer,F,Unknown,Single,Blue
Existing Customer,F,Graduate,Married,Blue
Existing Customer,M,Post-Graduate,Single,Blue
Existing Customer,F,Graduate,Single,Silver
Existing Customer,F,Graduate,Single,Blue
Attrited Customer,F,College,Single,Blue
Existing Customer,M,Uneducated,Single,Blue
Attrited Customer,F,Unknown,Single,Blue
Existing Customer,F,High School,Married,Blue
Existing Customer,M,Graduate,Divorced,Blue
Attrited Customer,F,Graduate,Single,Blue
Existing Customer,F,College,Single,Blue
Existing Customer,F,College,Single,Blue
Attrited Customer,F,Graduate,Married,Blue
Existing Customer,F,Graduate,Single,Blue
Existing Customer,F,High School,Married,Blue
Existing Customer,F,College,Divorced,Blue
Existing Customer,F,Unknown,Single,Blue
Existing Customer,F,Unknown,Married,Blue
Existing Customer,F,Graduate,Married,Blue
Existing Customer,F,Graduate,Single,Blue
Existing Customer,F,High School,Single,Blue
Existing Customer,F,Uneducated,Divorced,Blue
Existing Customer,M,Doctorate,Married,Blue
Existing Customer,F,Uneducated,Single,Blue
Existing Customer,F,High School,Married,Blue
Attrited Customer,F,High School,Married,Blue
Existing Customer,F,Unknown,Married,Blue
Existing Customer,M,Unknown,Married,Blue
Existing Customer,M,High School,Married,Blue
Existing Customer,F,Graduate,Unknown,Blue
Existing Customer,F,College,Married,Blue
Attrited Customer,F,Doctorate,Single,Blue
Existing Customer,F,Doctorate,Single,Blue
Existing Customer,M,High School,Single,Blue
Existing Customer,F,Post-Graduate,Divorced,Blue
Existing Customer,M,Graduate,Married,Blue
Existing Customer,F,Graduate,Unknown,Blue
Existing Customer,F,College,Married,Blue
Existing Customer,F,High School,Married,Blue
Existing Customer,F,Graduate,Single,Blue
Existing Customer,F,Graduate,Divorced,Blue
Existing Customer,F,Graduate,Single,Blue
Attrited Customer,F,High School,Single,Blue
Existing Customer,F,Uneducated,Single,Blue
Attrited Customer,F,Post-Graduate,Married,Blue
Existing Customer,F,Post-Graduate,Single,Blue
Existing Customer,F,High School,Married,Blue
Existing Customer,F,High School,Unknown,Blue
Existing Customer,M,Unknown,Married,Blue
Existing Customer,F,Post-Graduate,Married,Blue
Existing Customer,M,Uneducated,Single,Blue
Existing Customer,F,Uneducated,Married,Blue
Attrited Customer,F,Uneducated,Single,Blue
Existing Customer,F,Graduate,Married,Blue
Attrited Customer,M,Unknown,Single,Blue
Attrited Customer,F,Doctorate,Single,Blue
Existing Customer,F,Post-Graduate,Single,Blue
Existing Customer,F,Doctorate,Unknown,Blue
Attrited Customer,M,Doctorate,Unknown,Blue
Existing Customer,F,College,Single,Blue
Existing Customer,F,College,Divorced,Blue
Attrited Customer,F,High School,Single,Blue
Existing Customer,F,Unknown,Single,Blue
Existing Customer,M,High School,Married,Blue
Attrited Customer,F,High School,Married,Blue
Existing Customer,F,Unknown,Divorced,Blue
Existing Customer,M,Unknown,Single,Blue
Existing Customer,F,Post-Graduate,Single,Blue
Existing Customer,F,High School,Single,Blue
Existing Customer,M,High School,Single,Blue
Existing Customer,M,Graduate,Single,Blue
Attrited Customer,M,High School,Married,Blue
Attrited Customer,F,Unknown,Unknown,Blue
Existing Customer,M,Graduate,Married,Blue
Existing Customer,F,Uneducated,Single,Blue
Existing Customer,M,Graduate,Single,Blue
Existing Customer,F,High School,Married,Blue
Existing Customer,F,Graduate,Married,Blue
Existing Customer,M,Graduate,Divorced,Blue
Existing Customer,F,Graduate,Single,Blue
Existing Customer,F,Graduate,Single,Blue
Existing Customer,M,Uneducated,Unknown,Blue
Existing Customer,M,Post-Graduate,Married,Blue
Attrited Customer,M,Uneducated,Single,Blue
Existing Customer,F,High School,Married,Blue
Attrited Customer,M,Graduate,Married,Blue
Attrited Customer,F,Graduate,Married,Blue
Existing Customer,F,Uneducated,Single,Blue
Existing Customer,F,Graduate,Married,Blue
Attrited Customer,M,Graduate,Married,Blue
Existing Customer,F,Graduate,Unknown,Blue
Existing Customer,F,Graduate,Single,Blue
Existing Customer,F,High School,Single,Blue
Existing Customer,M,Unknown,Married,Blue
Attrited Customer,M,Graduate,Unknown,Blue
Attrited Customer,F,Unknown,Single,Blue
Existing Customer,M,High School,Single,Blue
Existing Customer,M,Graduate,Married,Blue
Existing Customer,F,High School,Single,Blue
Existing Customer,F,Graduate,Single,Silver
Attrited Customer,M,Uneducated,Married,Blue
Existing Customer,M,High School,Married,Blue
Existing Customer,F,Post-Graduate,Married,Blue
Existing Customer,M,High School,Single,Blue
Existing Customer,F,Graduate,Single,Blue
Attrited Customer,M,Uneducated,Married,Blue
Existing Customer,F,High School,Married,Blue
Attrited Customer,M,High School,Married,Blue
Existing Customer,M,Graduate,Married,Blue
Existing Customer,F,Unknown,Single,Blue
Existing Customer,F,Post-Graduate,Married,Blue
Existing Customer,F,Uneducated,Married,Blue
Existing Customer,F,Graduate,Single,Blue
Existing Customer,M,Post-Graduate,Single,Blue
Existing Customer,F,Unknown,Single,Blue
Existing Customer,F,Graduate,Married,Blue
Attrited Customer,F,Post-Graduate,Married,Blue
Existing Customer,F,Graduate,Single,Blue
Existing Customer,M,Graduate,Divorced,Blue
Existing Customer,F,Post-Graduate,Single,Blue
Existing Customer,F,Graduate,Married,Blue
Existing Customer,F,Graduate,Married,Blue
Attrited Customer,M,Graduate,Married,Blue
Existing Customer,F,Graduate,Single,Blue
Existing Customer,F,Post-Graduate,Single,Blue
Attrited Customer,F,Doctorate,Single,Blue
Existing Customer,M,Graduate,Single,Blue
Attrited Customer,M,Doctorate,Single,Blue
Existing Customer,M,High School,Divorced,Blue
Existing Customer,F,Graduate,Married,Blue
Existing Customer,M,Unknown,Married,Blue
Existing Customer,M,Uneducated,Single,Silver
Existing Customer,M,High School,Unknown,Blue
Attrited Customer,F,High School,Married,Blue
Existing Customer,F,College,Unknown,Blue
Attrited Customer,M,Graduate,Married,Blue
Existing Customer,F,College,Single,Blue
Existing Customer,M,Graduate,Married,Blue
Existing Customer,F,High School,Married,Silver
Existing Customer,F,Unknown,Single,Blue
Attrited Customer,M,Uneducated,Single,Blue
Existing Customer,F,High School,Married,Blue
Existing Customer,F,High School,Single,Blue
Existing Customer,F,Uneducated,Single,Blue
Attrited Customer,F,Graduate,Single,Blue
Existing Customer,M,Uneducated,Single,Blue
Existing Customer,F,Post-Graduate,Married,Blue
Existing Customer,F,Unknown,Married,Blue
Attrited Customer,M,High School,Married,Blue
Existing Customer,F,Uneducated,Single,Blue
Existing Customer,F,Unknown,Married,Blue
Existing Customer,F,Graduate,Married,Blue
Existing Customer,M,Graduate,Married,Blue
Existing Customer,F,Graduate,Single,Blue
Existing Customer,F,Unknown,Single,Blue
Existing Customer,M,Graduate,Married,Blue
Attrited Customer,F,College,Divorced,Blue
Attrited Customer,F,Uneducated,Unknown,Blue
Existing Customer,F,Post-Graduate,Married,Blue
Attrited Customer,F,High School,Unknown,Blue
Existing Customer,F,High School,Unknown,Blue
Existing Customer,F,Graduate,Single,Blue
Attrited Customer,F,Post-Graduate,Single,Blue
Existing Customer,F,Graduate,Married,Blue
Existing Customer,M,College,Married,Blue
Attrited Customer,F,Uneducated,Married,Blue
Existing Customer,M,Unknown,Unknown,Blue
Existing Customer,F,Unknown,Single,Blue
Existing Customer,M,College,Single,Silver
Existing Customer,M,Doctorate,Married,Blue
Existing Customer,F,High School,Single,Blue
Attrited Customer,F,High School,Unknown,Gold
Existing Customer,F,Uneducated,Single,Blue
Existing Customer,F,High School,Married,Blue
Existing Customer,F,Post-Graduate,Married,Blue
Existing Customer,M,Graduate,Divorced,Blue
Existing Customer,F,Graduate,Single,Blue
Existing Customer,F,Graduate,Single,Blue
Attrited Customer,F,College,Married,Blue
Attrited Customer,F,Uneducated,Married,Blue
Attrited Customer,F,Unknown,Married,Blue
Existing Customer,F,Graduate,Married,Blue
Existing Customer,F,High School,Single,Blue
Existing Customer,M,Graduate,Single,Blue
Existing Customer,F,Graduate,Married,Blue
Existing Customer,F,Uneducated,Unknown,Blue
Existing Customer,F,High School,Married,Blue
Existing Customer,F,Graduate,Unknown,Blue
Existing Customer,F,Graduate,Single,Blue
Existing Customer,M,Graduate,Married,Blue
Existing Customer,F,Graduate,Married,Blue
Existing Customer,M,Uneducated,Married,Silver
Existing Customer,F,High School,Married,Blue
Existing Customer,F,Graduate,Married,Blue
Attrited Customer,M,Uneducated,Single,Blue
Existing Customer,F,Graduate,Single,Blue
Existing Customer,F,Graduate,Single,Blue
Existing Customer,F,Graduate,Married,Blue
Existing Customer,M,High School,Unknown,Blue
Existing Customer,M,High School,Unknown,Blue
Attrited Customer,M,High School,Single,Blue
Existing Customer,F,Uneducated,Married,Blue
Existing Customer,F,Graduate,Single,Blue
Existing Customer,M,College,Single,Blue
Attrited Customer,F,Graduate,Married,Blue
Existing Customer,F,Unknown,Married,Blue
Attrited Customer,F,Unknown,Single,Blue
Existing Customer,M,Graduate,Married,Blue
Existing Customer,F,Unknown,Married,Blue
Existing Customer,F,College,Divorced,Blue
Existing Customer,M,High School,Married,Blue
Existing Customer,M,Graduate,Divorced,Blue
Existing Customer,F,Unknown,Single,Blue
Existing Customer,M,Unknown,Single,Blue
Attrited Customer,F,Graduate,Married,Blue
Existing Customer,M,Graduate,Married,Blue
Existing Customer,F,Unknown,Single,Blue
Existing Customer,F,College,Married,Blue
Existing Customer,F,High School,Married,Blue
Attrited Customer,F,High School,Divorced,Blue
Existing Customer,M,Uneducated,Divorced,Blue
Existing Customer,F,Graduate,Unknown,Blue
Existing Customer,M,High School,Married,Blue
Existing Customer,M,Post-Graduate,Divorced,Blue
Attrited Customer,F,Graduate,Single,Blue
Attrited Customer,F,Graduate,Single,Blue
Existing Customer,F,High School,Single,Blue
Existing Customer,F,Doctorate,Married,Blue
Attrited Customer,F,Graduate,Married,Blue
Attrited Customer,F,Doctorate,Single,Blue
Existing Customer,F,High School,Married,Blue
Existing Customer,F,Graduate,Single,Blue
Existing Customer,F,High School,Married,Blue
Existing Customer,F,Graduate,Single,Blue
Existing Customer,M,Uneducated,Married,Blue
Existing Customer,F,Unknown,Single,Blue
Attrited Customer,F,Graduate,Single,Blue
Existing Customer,F,High School,Married,Blue
Attrited Customer,F,College,Single,Blue
Existing Customer,F,Graduate,Unknown,Blue
Attrited Customer,F,College,Single,Blue
Existing Customer,M,High School,Married,Blue
Attrited Customer,F,Unknown,Single,Blue
Existing Customer,F,High School,Divorced,Blue
Attrited Customer,F,High School,Married,Blue
Existing Customer,M,Unknown,Single,Blue
Existing Customer,M,Unknown,Married,Blue
Existing Customer,F,High School,Married,Blue
Existing Customer,F,Unknown,Married,Blue
Existing Customer,M,Post-Graduate,Single,Blue
Existing Customer,F,Uneducated,Married,Blue
Attrited Customer,F,Graduate,Single,Blue
Attrited Customer,F,Post-Graduate,Single,Blue
Existing Customer,F,Doctorate,Married,Blue
Existing Customer,M,Uneducated,Married,Blue
Existing Customer,F,College,Single,Blue
Existing Customer,F,Unknown,Single,Blue
Existing Customer,M,Uneducated,Married,Blue
Existing Customer,F,Graduate,Married,Blue
Existing Customer,M,Graduate,Single,Blue
Existing Customer,M,Uneducated,Married,Blue
Attrited Customer,M,Graduate,Divorced,Blue
Attrited Customer,M,Uneducated,Unknown,Blue
Existing Customer,F,Graduate,Single,Blue
Existing Customer,M,Post-Graduate,Married,Blue
Existing Customer,M,Doctorate,Single,Blue
Attrited Customer,M,High School,Single,Blue
Existing Customer,F,High School,Single,Blue
Existing Customer,F,High School,Married,Blue
Existing Customer,M,Post-Graduate,Married,Blue
Existing Customer,M,High School,Single,Blue
Existing Customer,F,Uneducated,Single,Blue
Existing Customer,M,Post-Graduate,Divorced,Blue
Existing Customer,F,Post-Graduate,Single,Blue
Existing Customer,F,Uneducated,Single,Blue
Attrited Customer,M,High School,Single,Silver
Existing Customer,F,High School,Single,Blue
Existing Customer,F,Doctorate,Divorced,Blue
Existing Customer,F,High School,Married,Blue
Existing Customer,F,Unknown,Married,Blue
Existing Customer,F,College,Married,Blue
Attrited Customer,F,College,Single,Blue
Attrited Customer,F,Graduate,Single,Blue
Existing Customer,F,Graduate,Unknown,Blue
Attrited Customer,F,Unknown,Divorced,Blue
Existing Customer,M,Graduate,Married,Blue
Existing Customer,F,Uneducated,Unknown,Blue
Existing Customer,F,College,Divorced,Blue
Existing Customer,F,Graduate,Married,Blue
Attrited Customer,M,High School,Single,Blue
Existing Customer,F,Graduate,Married,Blue
Existing Customer,M,Graduate,Married,Blue
Existing Customer,F,Unknown,Unknown,Blue
Existing Customer,F,High School,Married,Blue
Attrited Customer,F,High School,Married,Blue
Attrited Customer,F,Unknown,Single,Blue
Existing Customer,M,Graduate,Unknown,Blue
Existing Customer,M,Unknown,Single,Blue
Existing Customer,M,Graduate,Married,Blue
Existing Customer,F,High School,Married,Blue
Existing Customer,F,Unknown,Single,Blue
Attrited Customer,F,Graduate,Single,Blue
Existing Customer,M,Graduate,Divorced,Blue
Attrited Customer,F,Graduate,Single,Blue
Attrited Customer,F,College,Single,Blue
Existing Customer,F,Graduate,Single,Blue
Attrited Customer,F,High School,Married,Blue
Attrited Customer,M,Unknown,Married,Blue
Existing Customer,F,High School,Unknown,Blue
Existing Customer,M,Unknown,Single,Blue
Existing Customer,F,High School,Unknown,Blue
Attrited Customer,M,Graduate,Divorced,Blue
Existing Customer,F,Unknown,Married,Blue
Existing Customer,M,Graduate,Single,Blue
Existing Customer,F,High School,Married,Blue
Existing Customer,F,Graduate,Married,Blue
Existing Customer,M,Uneducated,Married,Blue
Existing Customer,F,High School,Married,Blue
Existing Customer,F,Graduate,Married,Blue
Attrited Customer,F,Unknown,Divorced,Blue
Existing Customer,M,Graduate,Married,Blue
Attrited Customer,F,Uneducated,Single,Blue
Existing Customer,F,Uneducated,Single,Blue
Existing Customer,F,Unknown,Married,Blue
Attrited Customer,M,Graduate,Married,Blue
Existing Customer,F,College,Married,Blue
Existing Customer,F,Graduate,Single,Blue
Existing Customer,F,Post-Graduate,Single,Blue
Existing Customer,F,College,Single,Blue
Attrited Customer,M,College,Single,Blue
Existing Customer,M,High School,Married,Blue
Attrited Customer,F,Unknown,Single,Blue
Existing Customer,M,Graduate,Unknown,Blue
Existing Customer,M,College,Married,Blue
Existing Customer,M,Uneducated,Single,Blue
Existing Customer,M,Uneducated,Married,Blue
Attrited Customer,F,Unknown,Married,Blue
Attrited Customer,F,College,Single,Blue
Attrited Customer,F,Graduate,Married,Blue
Existing Customer,M,Uneducated,Married,Blue
Attrited Customer,F,Post-Graduate,Unknown,Blue
Existing Customer,F,Graduate,Single,Blue
Attrited Customer,F,Unknown,Single,Blue
Attrited Customer,F,Unknown,Single,Blue
Existing Customer,F,Unknown,Married,Blue
Existing Customer,F,Unknown,Married,Blue
Existing Customer,F,High School,Single,Blue
Existing Customer,F,Graduate,Unknown,Blue
Existing Customer,F,Unknown,Married,Blue
Existing Customer,F,Unknown,Divorced,Blue
Existing Customer,F,Unknown,Single,Blue
Attrited Customer,M,High School,Single,Blue
Existing Customer,M,Unknown,Unknown,Blue
Existing Customer,M,Doctorate,Married,Blue
Existing Customer,F,College,Single,Blue
Existing Customer,M,Graduate,Married,Blue
Existing Customer,F,Graduate,Single,Blue
Existing Customer,F,Post-Graduate,Married,Blue
Attrited Customer,M,Post-Graduate,Single,Silver
Existing Customer,F,High School,Single,Blue
Existing Customer,F,Uneducated,Married,Blue
Existing Customer,F,Post-Graduate,Married,Blue
Attrited Customer,F,Graduate,Divorced,Blue
Attrited Customer,M,Doctorate,Single,Blue
Attrited Customer,M,High School,Married,Blue
Existing Customer,F,Doctorate,Single,Blue
Attrited Customer,F,Unknown,Single,Blue
Existing Customer,F,Uneducated,Single,Blue
Existing Customer,F,High School,Married,Blue
Existing Customer,F,College,Single,Blue
Existing Customer,F,Graduate,Divorced,Blue
Existing Customer,F,Uneducated,Divorced,Blue
Existing Customer,F,High School,Single,Blue
Existing Customer,F,High School,Unknown,Blue
Existing Customer,M,Unknown,Unknown,Gold
Existing Customer,M,Unknown,Single,Blue
Existing Customer,F,Graduate,Single,Blue
Attrited Customer,F,Graduate,Unknown,Blue
Existing Customer,F,Unknown,Married,Blue
Existing Customer,F,Graduate,Married,Blue
Existing Customer,M,High School,Married,Blue
Existing Customer,M,High School,Single,Blue
Attrited Customer,F,Unknown,Single,Blue
Existing Customer,F,College,Married,Blue
Existing Customer,F,Uneducated,Unknown,Blue
Attrited Customer,M,Unknown,Married,Blue
Existing Customer,F,Unknown,Single,Blue
Existing Customer,F,Graduate,Single,Blue
Existing Customer,F,Uneducated,Married,Blue
Existing Customer,F,Graduate,Married,Blue
Existing Customer,F,Graduate,Married,Blue
Existing Customer,F,High School,Married,Silver
Existing Customer,F,Graduate,Divorced,Blue
Existing Customer,F,Graduate,Single,Blue
Existing Customer,M,Graduate,Divorced,Blue
Existing Customer,M,Graduate,Single,Blue
Existing Customer,F,Doctorate,Single,Blue
Existing Customer,F,Graduate,Single,Blue
Existing Customer,M,Unknown,Divorced,Blue
Existing Customer,M,Doctorate,Divorced,Blue
Attrited Customer,F,Graduate,Married,Blue
Existing Customer,M,College,Married,Silver
Existing Customer,F,Uneducated,Married,Blue
Existing Customer,F,Unknown,Single,Blue
Attrited Customer,F,High School,Unknown,Blue
Existing Customer,M,Post-Graduate,Single,Blue
Existing Customer,F,High School,Single,Blue
Existing Customer,F,Graduate,Single,Blue
Existing Customer,M,Graduate,Single,Blue
Existing Customer,M,Unknown,Married,Blue
Attrited Customer,F,Graduate,Married,Blue
Existing Customer,F,Post-Graduate,Unknown,Blue
Existing Customer,M,Uneducated,Married,Blue
Existing Customer,F,Graduate,Married,Blue
Existing Customer,M,High School,Married,Blue
Existing Customer,F,High School,Single,Blue
Existing Customer,M,Uneducated,Single,Blue
Attrited Customer,M,Graduate,Married,Blue
Existing Customer,F,High School,Single,Blue
Existing Customer,M,High School,Married,Blue
Attrited Customer,F,High School,Married,Blue
Existing Customer,F,Graduate,Married,Blue
Existing Customer,M,Post-Graduate,Single,Blue
Attrited Customer,F,High School,Married,Blue
Attrited Customer,F,Uneducated,Married,Blue
Existing Customer,F,Graduate,Single,Blue
Existing Customer,F,Unknown,Single,Blue
Attrited Customer,M,Graduate,Married,Blue
Existing Customer,M,Graduate,Single,Blue
Existing Customer,F,Doctorate,Single,Blue
Existing Customer,F,Unknown,Single,Blue
Attrited Customer,F,Unknown,Married,Blue
Existing Customer,F,Graduate,Married,Blue
Attrited Customer,F,Graduate,Married,Blue
Existing Customer,F,Uneducated,Unknown,Blue
Existing Customer,M,Graduate,Unknown,Blue
Existing Customer,M,Graduate,Single,Blue
Existing Customer,M,Graduate,Married,Blue
Existing Customer,M,Uneducated,Single,Blue
Existing Customer,F,Uneducated,Married,Blue
Existing Customer,F,Graduate,Single,Blue
Existing Customer,F,Graduate,Single,Blue
Existing Customer,M,College,Divorced,Blue
Existing Customer,F,Graduate,Single,Blue
Attrited Customer,M,Uneducated,Married,Blue
Existing Customer,M,Unknown,Married,Blue
Existing Customer,F,Post-Graduate,Married,Blue
Existing Customer,F,Post-Graduate,Single,Blue
Existing Customer,F,High School,Married,Silver
Existing Customer,M,Post-Graduate,Married,Blue
Existing Customer,F,Graduate,Married,Blue
Existing Customer,F,Doctorate,Single,Blue
Existing Customer,F,High School,Single,Blue
Existing Customer,F,Graduate,Married,Blue
Existing Customer,F,High School,Single,Blue
Existing Customer,F,Post-Graduate,Divorced,Blue
Existing Customer,F,High School,Married,Blue
Existing Customer,F,Unknown,Single,Blue
Existing Customer,F,Uneducated,Married,Blue
Existing Customer,F,Doctorate,Divorced,Blue
Attrited Customer,F,High School,Married,Blue
Existing Customer,M,Graduate,Married,Blue
Existing Customer,F,Uneducated,Single,Blue
Existing Customer,M,Uneducated,Single,Blue
Existing Customer,F,High School,Married,Blue
Existing Customer,M,Uneducated,Single,Blue
Existing Customer,M,Uneducated,Unknown,Blue
Existing Customer,F,Graduate,Single,Blue
Attrited Customer,F,High School,Single,Blue
Existing Customer,M,Graduate,Single,Blue
Existing Customer,F,Uneducated,Married,Blue
Existing Customer,F,Uneducated,Married,Blue
Existing Customer,F,Uneducated,Divorced,Blue
Existing Customer,F,Uneducated,Married,Blue
Existing Customer,F,College,Unknown,Blue
Attrited Customer,M,Graduate,Married,Blue
Existing Customer,F,Graduate,Married,Blue
Attrited Customer,M,Graduate,Single,Blue
Existing Customer,F,Post-Graduate,Single,Blue
Attrited Customer,F,Graduate,Married,Blue
Attrited Customer,M,Post-Graduate,Single,Blue
Existing Customer,F,Unknown,Unknown,Blue
Existing Customer,F,High School,Single,Blue
Existing Customer,F,Uneducated,Single,Blue
Existing Customer,F,Unknown,Single,Blue
Existing Customer,F,Uneducated,Married,Blue
Existing Customer,F,Graduate,Married,Blue
Existing Customer,F,Doctorate,Single,Blue
Existing Customer,F,Graduate,Married,Blue
Existing Customer,M,Graduate,Single,Blue
Existing Customer,F,Unknown,Divorced,Blue
Attrited Customer,F,Graduate,Single,Blue
Existing Customer,M,Unknown,Unknown,Blue
Existing Customer,F,Graduate,Married,Blue
Existing Customer,F,High School,Unknown,Blue
Existing Customer,F,High School,Single,Gold
Existing Customer,F,Graduate,Married,Blue
Existing Customer,M,High School,Single,Blue
Existing Customer,M,Graduate,Married,Blue
Attrited Customer,F,Graduate,Married,Blue
Existing Customer,F,Uneducated,Married,Blue
Existing Customer,F,Graduate,Married,Blue
Existing Customer,F,College,Single,Blue
Attrited Customer,F,Uneducated,Married,Blue
Existing Customer,M,Unknown,Single,Blue
Existing Customer,F,Graduate,Single,Blue
Existing Customer,M,Unknown,Married,Blue
Existing Customer,M,Post-Graduate,Single,Blue
Existing Customer,F,Post-Graduate,Divorced,Blue
Existing Customer,F,Uneducated,Single,Blue
Existing Customer,F,Graduate,Married,Blue
Existing Customer,F,High School,Married,Blue
Existing Customer,F,High School,Unknown,Blue
Existing Customer,F,Graduate,Married,Blue
Existing Customer,F,High School,Single,Blue
Existing Customer,F,High School,Married,Blue
Existing Customer,F,Unknown,Single,Blue
Existing Customer,F,College,Unknown,Blue
Existing Customer,F,Uneducated,Single,Blue
Existing Customer,F,Uneducated,Married,Blue
Existing Customer,F,College,Married,Blue
Attrited Customer,F,Unknown,Married,Blue
Existing Customer,F,Post-Graduate,Single,Blue
Existing Customer,F,Graduate,Married,Silver
Attrited Customer,F,Unknown,Unknown,Blue
Existing Customer,F,High School,Unknown,Blue
Existing Customer,F,Graduate,Married,Blue
Existing Customer,F,Unknown,Single,Blue
Existing Customer,F,Graduate,Married,Blue
Existing Customer,F,Graduate,Married,Blue
Attrited Customer,M,Unknown,Divorced,Blue
Existing Customer,F,Uneducated,Single,Blue
Existing Customer,F,Unknown,Married,Blue
Existing Customer,M,Graduate,Single,Blue
Existing Customer,F,Graduate,Single,Blue
Existing Customer,F,Uneducated,Married,Blue
Existing Customer,F,Graduate,Married,Blue
Attrited Customer,F,Post-Graduate,Married,Blue
Attrited Customer,F,Graduate,Married,Blue
Existing Customer,F,Graduate,Divorced,Blue
Existing Customer,F,Uneducated,Single,Blue
Existing Customer,F,College,Married,Blue
Existing Customer,M,Uneducated,Unknown,Blue
Attrited Customer,F,Unknown,Married,Blue
Existing Customer,F,Uneducated,Married,Blue
Attrited Customer,F,High School,Single,Blue
Existing Customer,M,Unknown,Unknown,Blue
Existing Customer,M,Unknown,Single,Blue
Existing Customer,M,College,Divorced,Blue
Existing Customer,F,Graduate,Married,Blue
Attrited Customer,F,Graduate,Divorced,Blue
Existing Customer,F,Graduate,Married,Blue
Existing Customer,F,High School,Single,Blue
Existing Customer,M,Graduate,Married,Blue
Existing Customer,F,Uneducated,Married,Blue
Existing Customer,F,Unknown,Married,Blue
Existing Customer,M,Graduate,Unknown,Blue
Existing Customer,F,Graduate,Unknown,Blue
Existing Customer,M,Unknown,Divorced,Blue
Existing Customer,M,Unknown,Married,Blue
Existing Customer,M,College,Single,Blue
Attrited Customer,F,Uneducated,Single,Blue
Existing Customer,F,Unknown,Single,Blue
Existing Customer,F,Graduate,Unknown,Blue
Existing Customer,F,High School,Single,Blue
Existing Customer,F,Graduate,Single,Blue
Existing Customer,F,High School,Single,Blue
Existing Customer,F,Graduate,Married,Blue
Existing Customer,F,College,Single,Blue
Existing Customer,F,Graduate,Single,Blue
Attrited Customer,F,High School,Married,Blue
Attrited Customer,F,High School,Unknown,Blue
Existing Customer,F,Graduate,Married,Blue
Existing Customer,F,Uneducated,Divorced,Blue
Existing Customer,F,High School,Unknown,Blue
Existing Customer,F,Unknown,Married,Blue
Existing Customer,F,Post-Graduate,Single,Blue
Existing Customer,M,Graduate,Married,Blue
Existing Customer,F,Graduate,Single,Blue
Existing Customer,M,Uneducated,Single,Blue
Existing Customer,F,Graduate,Single,Blue
Existing Customer,F,High School,Unknown,Blue
Attrited Customer,M,Graduate,Single,Blue
Existing Customer,F,Graduate,Single,Blue
Existing Customer,F,Uneducated,Married,Blue
Existing Customer,F,Graduate,Single,Blue
Attrited Customer,M,Doctorate,Divorced,Blue
Existing Customer,F,College,Married,Blue
Existing Customer,F,College,Married,Blue
Existing Customer,F,High School,Single,Blue
Existing Customer,F,Graduate,Single,Blue
Existing Customer,M,Post-Graduate,Single,Blue
Existing Customer,F,Uneducated,Single,Blue
Existing Customer,F,Graduate,Single,Blue
Existing Customer,F,High School,Married,Blue
Existing Customer,F,Graduate,Divorced,Blue
Existing Customer,F,Graduate,Married,Blue
Existing Customer,F,Unknown,Single,Blue
Existing Customer,F,High School,Married,Blue
Attrited Customer,F,Graduate,Married,Blue
Existing Customer,F,Graduate,Divorced,Blue
Existing Customer,F,Post-Graduate,Married,Blue
Existing Customer,F,College,Single,Blue
Existing Customer,M,College,Married,Blue
Existing Customer,F,Graduate,Single,Blue
Existing Customer,M,College,Divorced,Blue
Existing Customer,F,Graduate,Single,Blue
Existing Customer,F,High School,Single,Blue
Attrited Customer,F,College,Married,Blue
Existing Customer,F,Unknown,Divorced,Blue
Existing Customer,F,Uneducated,Single,Blue
Existing Customer,F,College,Married,Blue
Existing Customer,M,Graduate,Unknown,Blue
Existing Customer,F,Graduate,Married,Blue
Existing Customer,F,High School,Single,Blue
Existing Customer,F,High School,Single,Blue
Existing Customer,F,Graduate,Single,Blue
Existing Customer,F,Graduate,Single,Blue
Existing Customer,F,Graduate,Single,Blue
Attrited Customer,F,Uneducated,Married,Blue
Existing Customer,F,Doctorate,Married,Blue
Attrited Customer,M,Doctorate,Married,Silver
Attrited Customer,M,College,Married,Blue
Existing Customer,F,High School,Single,Blue
Attrited Customer,M,Unknown,Married,Blue
Existing Customer,F,Unknown,Single,Blue
Existing Customer,M,High School,Single,Blue
Existing Customer,F,Unknown,Single,Blue
Attrited Customer,F,Post-Graduate,Married,Blue
Existing Customer,F,Doctorate,Married,Blue
Attrited Customer,M,College,Single,Blue
Attrited Customer,F,Uneducated,Married,Blue
Existing Customer,F,Graduate,Single,Blue
Existing Customer,F,Graduate,Married,Blue
Existing Customer,F,Unknown,Single,Blue
Existing Customer,M,Graduate,Single,Blue
Existing Customer,F,Graduate,Married,Blue
Existing Customer,F,Graduate,Married,Blue
Existing Customer,F,Uneducated,Married,Blue
Existing Customer,F,Unknown,Single,Blue
Existing Customer,F,Graduate,Single,Blue
Existing Customer,F,High School,Single,Blue
Existing Customer,F,College,Divorced,Blue
Existing Customer,F,Post-Graduate,Single,Blue
Existing Customer,F,Graduate,Married,Blue
Existing Customer,F,Graduate,Single,Blue
Existing Customer,F,Uneducated,Married,Blue
Existing Customer,F,College,Married,Blue
Existing Customer,M,College,Single,Blue
Existing Customer,F,Uneducated,Divorced,Blue
Existing Customer,M,Graduate,Single,Blue
Attrited Customer,F,College,Single,Blue
Existing Customer,M,Graduate,Single,Blue
Attrited Customer,M,Uneducated,Single,Blue
Existing Customer,M,Graduate,Divorced,Blue
Attrited Customer,M,Graduate,Unknown,Blue
Existing Customer,F,Graduate,Single,Blue
Existing Customer,F,Graduate,Single,Blue
Existing Customer,F,Graduate,Single,Blue
Existing Customer,M,Graduate,Single,Blue
Attrited Customer,M,High School,Married,Blue
Existing Customer,F,Graduate,Single,Blue
Existing Customer,M,Graduate,Divorced,Blue
Existing Customer,F,Uneducated,Married,Blue
Existing Customer,F,Graduate,Married,Blue
Existing Customer,F,Graduate,Married,Blue
Existing Customer,F,High School,Married,Blue
Attrited Customer,M,Post-Graduate,Divorced,Silver
Existing Customer,F,High School,Single,Blue
Existing Customer,F,Uneducated,Married,Blue
Existing Customer,M,High School,Single,Blue
Existing Customer,F,Graduate,Single,Blue
Existing Customer,F,Unknown,Married,Blue
Attrited Customer,F,Unknown,Single,Blue
Attrited Customer,F,Post-Graduate,Single,Blue
Existing Customer,F,High School,Single,Blue
Existing Customer,F,College,Divorced,Blue
Existing Customer,F,College,Single,Blue
Existing Customer,F,Post-Graduate,Single,Blue
Existing Customer,F,Unknown,Single,Blue
Existing Customer,F,College,Married,Blue
Existing Customer,F,High School,Married,Blue
Existing Customer,M,Unknown,Married,Blue
Existing Customer,F,Graduate,Single,Blue
Attrited Customer,F,Uneducated,Divorced,Blue
Existing Customer,F,Post-Graduate,Married,Blue
Existing Customer,M,Graduate,Single,Blue
Attrited Customer,F,Unknown,Single,Blue
Attrited Customer,M,Uneducated,Married,Blue
Existing Customer,F,Uneducated,Single,Blue
Existing Customer,M,College,Married,Blue
Existing Customer,M,Graduate,Single,Blue
Existing Customer,F,Uneducated,Married,Blue
Existing Customer,M,High School,Single,Blue
Existing Customer,F,High School,Married,Blue
Attrited Customer,M,Doctorate,Single,Blue
Existing Customer,F,High School,Married,Blue
Existing Customer,F,Unknown,Married,Blue
Existing Customer,M,Graduate,Married,Blue
Existing Customer,F,Uneducated,Single,Blue
Existing Customer,M,Uneducated,Unknown,Blue
Existing Customer,M,Uneducated,Married,Blue
Attrited Customer,M,Uneducated,Unknown,Blue
Existing Customer,F,Graduate,Married,Blue
Attrited Customer,F,Graduate,Married,Blue
Attrited Customer,M,Unknown,Married,Blue
Existing Customer,F,College,Married,Blue
Existing Customer,M,Graduate,Single,Blue
Existing Customer,F,High School,Single,Blue
Existing Customer,M,Graduate,Single,Silver
Existing Customer,F,Uneducated,Married,Blue
Existing Customer,M,Graduate,Single,Blue
Attrited Customer,F,Uneducated,Unknown,Blue
Existing Customer,F,Unknown,Married,Blue
Existing Customer,F,Unknown,Married,Blue
Existing Customer,F,Graduate,Married,Blue
Existing Customer,M,Uneducated,Single,Blue
Attrited Customer,F,High School,Single,Blue
Existing Customer,M,Graduate,Single,Blue
Existing Customer,F,Graduate,Single,Blue
Existing Customer,F,High School,Married,Blue
Existing Customer,F,Graduate,Married,Blue
Existing Customer,F,Unknown,Married,Blue
Existing Customer,M,Graduate,Single,Blue
Existing Customer,F,Unknown,Single,Blue
Existing Customer,F,Graduate,Married,Blue
Existing Customer,F,Graduate,Married,Blue
Existing Customer,M,Unknown,Single,Blue
Attrited Customer,F,High School,Married,Blue
Existing Customer,F,Uneducated,Married,Blue
Attrited Customer,M,College,Married,Blue
Existing Customer,M,Unknown,Married,Blue
Existing Customer,M,Doctorate,Divorced,Blue
Existing Customer,M,Post-Graduate,Single,Blue
Existing Customer,M,Unknown,Single,Blue
Existing Customer,F,Graduate,Married,Blue
Existing Customer,F,Graduate,Single,Blue
Existing Customer,M,Graduate,Married,Blue
Attrited Customer,M,College,Married,Blue
Attrited Customer,F,Unknown,Single,Blue
Existing Customer,F,Unknown,Single,Blue
Existing Customer,F,Post-Graduate,Single,Blue
Existing Customer,F,Uneducated,Married,Blue
Existing Customer,F,College,Married,Blue
Existing Customer,F,Doctorate,Married,Blue
Existing Customer,M,High School,Married,Blue
Existing Customer,F,Uneducated,Married,Blue
Existing Customer,F,Uneducated,Married,Blue
Existing Customer,F,College,Unknown,Blue
Existing Customer,F,Graduate,Married,Blue
Existing Customer,F,Graduate,Single,Blue
Existing Customer,M,High School,Married,Blue
Attrited Customer,F,Graduate,Married,Blue
Existing Customer,M,High School,Divorced,Blue
Existing Customer,F,High School,Single,Blue
Attrited Customer,M,College,Married,Silver
Existing Customer,F,Graduate,Married,Blue
Existing Customer,M,Unknown,Single,Blue
Attrited Customer,F,Uneducated,Divorced,Blue
Existing Customer,F,Uneducated,Married,Blue
Existing Customer,F,College,Divorced,Blue
Existing Customer,F,Uneducated,Unknown,Blue
Existing Customer,F,Graduate,Married,Blue
Existing Customer,F,College,Married,Blue
Existing Customer,F,High School,Single,Blue
Existing Customer,F,Graduate,Married,Blue
Existing Customer,F,Unknown,Married,Blue
Existing Customer,M,High School,Single,Blue
Existing Customer,F,High School,Married,Blue
Attrited Customer,F,High School,Married,Blue
Existing Customer,M,Post-Graduate,Married,Blue
Existing Customer,F,Graduate,Married,Silver
Existing Customer,F,High School,Married,Blue
Existing Customer,F,Graduate,Single,Blue
Attrited Customer,F,Post-Graduate,Married,Blue
Existing Customer,F,Graduate,Single,Blue
Existing Customer,F,Post-Graduate,Divorced,Blue
Existing Customer,M,Graduate,Single,Blue
Attrited Customer,F,Unknown,Single,Blue
Existing Customer,F,Unknown,Single,Blue
Attrited Customer,F,Uneducated,Married,Blue
Attrited Customer,F,Unknown,Married,Blue
Existing Customer,F,College,Divorced,Blue
Existing Customer,M,College,Married,Blue
Existing Customer,F,Graduate,Single,Blue
Existing Customer,F,Uneducated,Single,Blue
Existing Customer,F,College,Married,Blue
Existing Customer,M,Graduate,Married,Blue
Attrited Customer,M,Graduate,Married,Blue
Existing Customer,M,High School,Single,Blue
Existing Customer,F,High School,Married,Blue
Attrited Customer,F,Uneducated,Single,Blue
Existing Customer,M,Graduate,Single,Silver
Existing Customer,M,Doctorate,Single,Blue
Existing Customer,F,College,Married,Blue
Existing Customer,F,Uneducated,Divorced,Blue
Existing Customer,M,High School,Married,Blue
Attrited Customer,F,College,Married,Blue
Attrited Customer,M,Post-Graduate,Married,Blue
Attrited Customer,M,Unknown,Single,Blue
Existing Customer,M,Graduate,Single,Blue
Existing Customer,F,College,Single,Blue
Existing Customer,F,Unknown,Single,Blue
Existing Customer,F,High School,Married,Blue
Existing Customer,F,High School,Married,Blue
Existing Customer,M,Unknown,Married,Blue
Existing Customer,F,Uneducated,Married,Blue
Attrited Customer,M,Graduate,Married,Blue
Existing Customer,F,High School,Married,Blue
Existing Customer,M,Graduate,Single,Blue
Existing Customer,F,Graduate,Married,Blue
Attrited Customer,M,Graduate,Single,Blue
Existing Customer,M,Graduate,Single,Blue
Existing Customer,F,High School,Single,Blue
Existing Customer,M,Unknown,Single,Blue
Existing Customer,M,Unknown,Married,Blue
Existing Customer,F,Graduate,Married,Blue
Existing Customer,F,Post-Graduate,Married,Blue
Existing Customer,F,High School,Married,Blue
Attrited Customer,F,Uneducated,Married,Blue
Existing Customer,M,Graduate,Married,Blue
Existing Customer,M,Unknown,Unknown,Blue
Existing Customer,F,Graduate,Married,Blue
Attrited Customer,F,Graduate,Married,Blue
Existing Customer,F,Uneducated,Married,Blue
Attrited Customer,M,College,Unknown,Blue
Existing Customer,M,High School,Married,Blue
Existing Customer,F,Graduate,Married,Blue
Existing Customer,F,High School,Married,Blue
Existing Customer,M,Graduate,Married,Blue
Attrited Customer,M,Graduate,Married,Blue
Attrited Customer,F,College,Unknown,Blue
Existing Customer,F,Graduate,Single,Blue
Attrited Customer,F,High School,Married,Blue
Attrited Customer,F,Graduate,Unknown,Blue
Existing Customer,F,Doctorate,Married,Blue
Existing Customer,F,High School,Married,Blue
Existing Customer,F,High School,Married,Blue
Existing Customer,F,College,Divorced,Blue
Existing Customer,F,College,Married,Blue
Attrited Customer,F,Graduate,Married,Blue
Attrited Customer,M,High School,Unknown,Blue
Attrited Customer,F,Graduate,Divorced,Blue
Existing Customer,F,College,Single,Blue
Existing Customer,M,Graduate,Married,Silver
Existing Customer,F,Graduate,Married,Blue
Existing Customer,F,Uneducated,Divorced,Blue
Existing Customer,F,Graduate,Unknown,Blue
Existing Customer,M,Graduate,Unknown,Blue
Existing Customer,M,Post-Graduate,Single,Blue
Existing Customer,F,Graduate,Divorced,Blue
Attrited Customer,F,High School,Single,Blue
Existing Customer,M,Uneducated,Single,Blue
Existing Customer,F,High School,Single,Blue
Existing Customer,F,High School,Divorced,Gold
Existing Customer,F,Uneducated,Married,Blue
Existing Customer,F,Unknown,Single,Blue
Existing Customer,F,Graduate,Married,Blue
Existing Customer,M,Doctorate,Single,Blue
Existing Customer,F,College,Single,Blue
Existing Customer,F,Post-Graduate,Single,Blue
Existing Customer,F,Graduate,Married,Blue
Existing Customer,F,Unknown,Single,Blue
Existing Customer,F,High School,Single,Blue
Existing Customer,F,Graduate,Married,Blue
Existing Customer,M,High School,Single,Blue
Existing Customer,M,Unknown,Single,Blue
Existing Customer,F,Unknown,Single,Blue
Existing Customer,M,College,Married,Silver
Existing Customer,F,College,Single,Blue
Existing Customer,M,Graduate,Unknown,Blue
Attrited Customer,M,College,Married,Blue
Existing Customer,F,High School,Unknown,Blue
Attrited Customer,F,High School,Married,Blue
Existing Customer,F,High School,Single,Blue
Existing Customer,F,Unknown,Single,Blue
Existing Customer,F,Unknown,Married,Blue
Existing Customer,F,Graduate,Single,Blue
Attrited Customer,M,High School,Divorced,Blue
Existing Customer,M,Unknown,Married,Blue
Existing Customer,F,High School,Married,Blue
Existing Customer,F,College,Single,Blue
Existing Customer,F,Post-Graduate,Married,Blue
Existing Customer,F,High School,Married,Blue
Existing Customer,F,Graduate,Single,Blue
Existing Customer,M,Graduate,Married,Blue
Attrited Customer,F,Unknown,Married,Blue
Existing Customer,F,High School,Single,Blue
Attrited Customer,F,Doctorate,Single,Blue
Existing Customer,M,High School,Married,Blue
Existing Customer,F,Unknown,Single,Blue
Existing Customer,F,Unknown,Single,Blue
Existing Customer,F,Uneducated,Married,Blue
Attrited Customer,M,Doctorate,Divorced,Blue
Existing Customer,M,High School,Married,Blue
Attrited Customer,F,Graduate,Married,Blue
Existing Customer,F,Unknown,Married,Blue
Existing Customer,F,Unknown,Single,Blue
Existing Customer,F,Graduate,Married,Blue
Existing Customer,F,Uneducated,Married,Blue
Existing Customer,F,Uneducated,Single,Blue
Existing Customer,M,High School,Married,Blue
Existing Customer,F,High School,Single,Blue
Attrited Customer,F,Unknown,Married,Blue
Existing Customer,M,High School,Married,Blue
Existing Customer,M,Graduate,Single,Blue
Existing Customer,F,Graduate,Married,Silver
Existing Customer,F,Unknown,Married,Blue
Existing Customer,M,Uneducated,Married,Blue
Existing Customer,F,Unknown,Single,Blue
Attrited Customer,F,Graduate,Married,Blue
Existing Customer,F,Graduate,Married,Blue
Existing Customer,F,Unknown,Single,Blue
Existing Customer,F,High School,Divorced,Blue
Existing Customer,F,Uneducated,Married,Blue
Attrited Customer,M,Graduate,Married,Blue
Existing Customer,M,Graduate,Single,Blue
Existing Customer,F,Graduate,Married,Blue
Existing Customer,F,College,Married,Blue
Existing Customer,F,Graduate,Married,Blue
Attrited Customer,F,High School,Single,Blue
Existing Customer,F,Uneducated,Single,Blue
Existing Customer,M,Graduate,Single,Blue
Existing Customer,F,Unknown,Single,Blue
Existing Customer,F,Unknown,Single,Blue
Attrited Customer,F,Graduate,Married,Blue
Existing Customer,F,High School,Married,Blue
Existing Customer,F,Unknown,Single,Blue
Existing Customer,F,Uneducated,Unknown,Blue
Existing Customer,F,Graduate,Unknown,Blue
Existing Customer,F,College,Married,Blue
Existing Customer,F,Post-Graduate,Married,Blue
Attrited Customer,F,College,Married,Blue
Existing Customer,F,Graduate,Single,Blue
Existing Customer,M,Graduate,Married,Blue
Attrited Customer,M,Graduate,Single,Blue
Existing Customer,M,High School,Unknown,Blue
Existing Customer,F,High School,Single,Blue
Existing Customer,M,Uneducated,Divorced,Blue
Existing Customer,F,Uneducated,Single,Blue
Existing Customer,F,Uneducated,Single,Blue
Existing Customer,F,Graduate,Divorced,Blue
Existing Customer,F,Uneducated,Single,Blue
Existing Customer,F,Uneducated,Married,Blue
Existing Customer,F,Graduate,Married,Blue
Existing Customer,M,Unknown,Married,Blue
Existing Customer,F,Graduate,Single,Blue
Attrited Customer,F,Unknown,Married,Blue
Existing Customer,F,Unknown,Single,Blue
Attrited Customer,F,Post-Graduate,Married,Blue
Existing Customer,F,Uneducated,Married,Blue
Existing Customer,F,Graduate,Married,Blue
Existing Customer,F,Uneducated,Divorced,Blue
Attrited Customer,F,Doctorate,Unknown,Blue
Existing Customer,M,Graduate,Married,Blue
Existing Customer,M,College,Divorced,Blue
Attrited Customer,F,Graduate,Single,Blue
Existing Customer,M,High School,Married,Blue
Existing Customer,F,Unknown,Married,Blue
Existing Customer,M,High School,Single,Blue
Existing Customer,M,College,Married,Blue
Existing Customer,F,Unknown,Unknown,Blue
Existing Customer,F,Unknown,Single,Blue
Attrited Customer,F,Uneducated,Married,Blue
Existing Customer,F,Uneducated,Married,Blue
Existing Customer,M,Unknown,Single,Blue
Existing Customer,M,College,Married,Blue
Attrited Customer,M,High School,Single,Silver
Existing Customer,F,Uneducated,Unknown,Blue
Existing Customer,F,Graduate,Single,Blue
Existing Customer,F,High School,Single,Blue
Existing Customer,F,Unknown,Married,Blue
Existing Customer,F,Post-Graduate,Unknown,Blue
Existing Customer,F,College,Unknown,Blue
Existing Customer,F,Graduate,Single,Blue
Existing Customer,F,Doctorate,Single,Blue
Attrited Customer,F,Graduate,Divorced,Blue
Existing Customer,M,Unknown,Married,Blue
Attrited Customer,F,High School,Married,Blue
Existing Customer,F,Unknown,Single,Blue
Existing Customer,F,Doctorate,Married,Blue
Existing Customer,M,High School,Married,Blue
Existing Customer,F,Graduate,Single,Blue
Attrited Customer,F,Uneducated,Single,Blue
Existing Customer,F,Unknown,Married,Blue
Existing Customer,F,Graduate,Single,Blue
Attrited Customer,F,Post-Graduate,Single,Blue
Existing Customer,F,Graduate,Divorced,Blue
Existing Customer,F,Unknown,Single,Blue
Existing Customer,F,Graduate,Single,Blue
Existing Customer,F,High School,Single,Blue
Existing Customer,M,Graduate,Unknown,Blue
Attrited Customer,M,Graduate,Unknown,Blue
Existing Customer,M,Unknown,Married,Blue
Existing Customer,F,High School,Single,Blue
Existing Customer,M,High School,Single,Blue
Existing Customer,F,Graduate,Single,Blue
Existing Customer,M,Graduate,Single,Blue
Existing Customer,F,College,Single,Blue
Existing Customer,F,Unknown,Single,Blue
Existing Customer,M,Graduate,Single,Blue
Attrited Customer,M,Post-Graduate,Single,Blue
Existing Customer,F,Uneducated,Single,Blue
Existing Customer,M,Unknown,Single,Silver
Attrited Customer,M,Unknown,Unknown,Blue
Existing Customer,F,Graduate,Married,Blue
Existing Customer,M,Doctorate,Divorced,Blue
Existing Customer,F,Graduate,Single,Blue
Existing Customer,F,Doctorate,Single,Blue
Existing Customer,F,Doctorate,Single,Blue
Existing Customer,F,Uneducated,Divorced,Blue
Existing Customer,F,Uneducated,Married,Blue
Existing Customer,F,Graduate,Married,Blue
Attrited Customer,F,Graduate,Married,Blue
Existing Customer,M,Graduate,Married,Blue
Attrited Customer,F,Unknown,Married,Blue
Existing Customer,F,Unknown,Single,Blue
Existing Customer,F,College,Married,Blue
Existing Customer,F,High School,Married,Blue
Existing Customer,F,Graduate,Married,Blue
Existing Customer,M,Unknown,Single,Blue
Existing Customer,F,Unknown,Single,Blue
Attrited Customer,F,Graduate,Unknown,Blue
Existing Customer,M,College,Single,Silver
Attrited Customer,M,Graduate,Single,Blue
Existing Customer,F,Uneducated,Married,Blue
Attrited Customer,F,Unknown,Married,Blue
Attrited Customer,F,High School,Married,Blue
Existing Customer,M,Doctorate,Married,Blue
Existing Customer,F,Graduate,Single,Blue
Existing Customer,M,High School,Single,Blue
Existing Customer,M,Graduate,Divorced,Blue
Existing Customer,M,Uneducated,Unknown,Blue
Attrited Customer,F,Graduate,Single,Blue
Existing Customer,F,Unknown,Single,Blue
Existing Customer,F,Uneducated,Married,Blue
Attrited Customer,F,Doctorate,Married,Blue
Attrited Customer,F,High School,Single,Blue
Existing Customer,F,Uneducated,Single,Blue
Existing Customer,F,Uneducated,Married,Blue
Attrited Customer,F,Uneducated,Single,Blue
Existing Customer,F,College,Married,Blue
Existing Customer,F,High School,Unknown,Blue
Existing Customer,F,Uneducated,Married,Blue
Attrited Customer,F,Unknown,Single,Blue
Existing Customer,M,High School,Married,Blue
Existing Customer,F,Uneducated,Unknown,Blue
Attrited Customer,F,College,Married,Blue
Existing Customer,F,Uneducated,Married,Blue
Existing Customer,F,Post-Graduate,Single,Blue
Attrited Customer,F,Uneducated,Divorced,Blue
Attrited Customer,F,High School,Divorced,Blue
Existing Customer,M,Graduate,Single,Silver
Existing Customer,F,Unknown,Married,Blue
Existing Customer,M,Unknown,Single,Blue
Existing Customer,F,High School,Married,Blue
Attrited Customer,F,High School,Married,Blue
Existing Customer,F,Doctorate,Married,Blue
Attrited Customer,M,College,Single,Blue
Existing Customer,M,Graduate,Married,Blue
Attrited Customer,M,Unknown,Married,Blue
Existing Customer,F,Graduate,Single,Blue
Existing Customer,F,Uneducated,Married,Blue
Existing Customer,M,Unknown,Unknown,Blue
Existing Customer,F,Unknown,Married,Blue
Existing Customer,F,High School,Divorced,Blue
Existing Customer,F,High School,Single,Blue
Attrited Customer,F,Graduate,Single,Blue
Existing Customer,F,Graduate,Single,Blue
Existing Customer,F,Uneducated,Single,Blue
Existing Customer,F,Unknown,Single,Blue
Existing Customer,F,College,Married,Blue
Existing Customer,F,College,Single,Blue
Existing Customer,M,Unknown,Single,Blue
Existing Customer,F,Uneducated,Married,Blue
Existing Customer,F,College,Married,Blue
Existing Customer,F,Uneducated,Single,Blue
Attrited Customer,F,Uneducated,Single,Blue
Existing Customer,F,Doctorate,Single,Blue
Existing Customer,F,High School,Married,Blue
Existing Customer,F,Uneducated,Divorced,Blue
Existing Customer,F,Graduate,Single,Blue
Existing Customer,F,Graduate,Married,Blue
Existing Customer,F,College,Married,Blue
Attrited Customer,M,Uneducated,Married,Blue
Existing Customer,F,Uneducated,Unknown,Blue
Existing Customer,M,College,Married,Blue
Existing Customer,F,Uneducated,Single,Blue
Existing Customer,F,High School,Single,Blue
Existing Customer,F,College,Married,Blue
Attrited Customer,F,Unknown,Married,Blue
Attrited Customer,M,High School,Married,Blue
Existing Customer,M,Unknown,Single,Blue
Attrited Customer,F,College,Divorced,Blue
Existing Customer,M,Graduate,Single,Blue
Existing Customer,F,Graduate,Married,Blue
Attrited Customer,F,Post-Graduate,Divorced,Blue
Existing Customer,F,High School,Married,Blue
Existing Customer,F,College,Single,Blue
Existing Customer,M,College,Single,Blue
Existing Customer,F,Graduate,Single,Blue
Existing Customer,M,Graduate,Single,Blue
Existing Customer,F,Graduate,Single,Blue
Existing Customer,F,Unknown,Single,Blue
Attrited Customer,F,Graduate,Married,Blue
Existing Customer,F,Unknown,Married,Blue
Existing Customer,F,Graduate,Divorced,Blue
Existing Customer,F,Post-Graduate,Married,Blue
Existing Customer,F,Unknown,Single,Blue
Existing Customer,M,Unknown,Single,Blue
Attrited Customer,F,Graduate,Married,Blue
Existing Customer,M,Graduate,Married,Blue
Existing Customer,F,Graduate,Married,Blue
Existing Customer,F,High School,Married,Blue
Existing Customer,M,Unknown,Single,Blue
Existing Customer,F,High School,Married,Blue
Existing Customer,M,High School,Single,Blue
Existing Customer,F,Graduate,Married,Blue
Existing Customer,F,Unknown,Single,Blue
Existing Customer,M,Graduate,Divorced,Blue
Existing Customer,F,Graduate,Single,Blue
Existing Customer,F,High School,Married,Blue
Existing Customer,F,Graduate,Married,Blue
Existing Customer,M,Post-Graduate,Married,Blue
Existing Customer,F,Graduate,Married,Silver
Existing Customer,F,High School,Single,Blue
Existing Customer,M,High School,Single,Blue
Existing Customer,M,High School,Married,Blue
Existing Customer,F,Graduate,Single,Blue
Existing Customer,F,High School,Single,Blue
Existing Customer,F,College,Single,Blue
Existing Customer,F,Graduate,Married,Blue
Attrited Customer,F,Graduate,Married,Blue
Existing Customer,M,Graduate,Single,Blue
Existing Customer,F,Doctorate,Single,Blue
Existing Customer,F,Uneducated,Married,Blue
Attrited Customer,F,High School,Divorced,Blue
Attrited Customer,F,Graduate,Single,Blue
Existing Customer,F,Uneducated,Single,Blue
Existing Customer,F,Graduate,Married,Blue
Attrited Customer,F,Uneducated,Married,Blue
Existing Customer,M,High School,Married,Blue
Existing Customer,F,Unknown,Married,Blue
Existing Customer,F,Graduate,Married,Blue
Attrited Customer,F,Graduate,Married,Blue
Existing Customer,F,Graduate,Married,Blue
Existing Customer,F,College,Married,Blue
Attrited Customer,M,High School,Divorced,Blue
Existing Customer,M,Graduate,Married,Blue
Existing Customer,F,Graduate,Married,Blue
Attrited Customer,M,Unknown,Single,Blue
Attrited Customer,F,Uneducated,Married,Blue
Existing Customer,F,Graduate,Married,Blue
Existing Customer,F,College,Single,Blue
Existing Customer,M,Graduate,Single,Blue
Attrited Customer,F,College,Single,Blue
Existing Customer,F,Unknown,Married,Blue
Existing Customer,M,Unknown,Single,Blue
Existing Customer,F,Graduate,Single,Blue
Existing Customer,F,High School,Divorced,Blue
Existing Customer,M,Post-Graduate,Married,Blue
Existing Customer,F,Graduate,Single,Blue
Attrited Customer,F,Graduate,Married,Blue
Existing Customer,M,Unknown,Married,Blue
Existing Customer,F,High School,Single,Blue
Existing Customer,F,Graduate,Unknown,Blue
Existing Customer,F,Graduate,Married,Blue
Existing Customer,M,Graduate,Single,Blue
Existing Customer,F,Graduate,Married,Blue
Attrited Customer,F,Graduate,Unknown,Blue
Attrited Customer,F,Graduate,Married,Blue
Existing Customer,M,High School,Single,Blue
Attrited Customer,F,Uneducated,Single,Blue
Attrited Customer,M,Post-Graduate,Single,Blue
Existing Customer,F,High School,Unknown,Blue
Attrited Customer,F,Doctorate,Single,Blue
Existing Customer,F,College,Divorced,Blue
Existing Customer,F,Graduate,Married,Blue
Attrited Customer,F,Graduate,Married,Blue
Attrited Customer,F,High School,Married,Blue
Existing Customer,F,Graduate,Single,Blue
Attrited Customer,M,Uneducated,Married,Blue
Existing Customer,F,College,Married,Blue
Existing Customer,F,Graduate,Divorced,Blue
Existing Customer,F,Graduate,Married,Blue
Existing Customer,F,College,Married,Blue
Existing Customer,F,High School,Married,Blue
Existing Customer,F,Unknown,Single,Blue
Existing Customer,F,College,Married,Blue
Existing Customer,F,Uneducated,Single,Blue
Existing Customer,M,College,Married,Blue
Existing Customer,F,Uneducated,Single,Blue
Existing Customer,F,High School,Married,Blue
Existing Customer,F,Graduate,Married,Blue
Existing Customer,F,College,Divorced,Blue
Existing Customer,F,High School,Single,Blue
Existing Customer,F,Graduate,Married,Blue
Existing Customer,F,College,Single,Blue
Existing Customer,F,Graduate,Married,Blue
Existing Customer,F,High School,Married,Blue
Existing Customer,F,Unknown,Single,Blue
Existing Customer,F,College,Unknown,Blue
Attrited Customer,M,Graduate,Single,Blue
Existing Customer,F,College,Married,Blue
Existing Customer,F,Doctorate,Single,Blue
Existing Customer,F,Graduate,Married,Blue
Existing Customer,F,Uneducated,Single,Blue
Existing Customer,F,Uneducated,Married,Blue
Existing Customer,F,Graduate,Married,Blue
Existing Customer,F,High School,Married,Blue
Existing Customer,F,Graduate,Single,Blue
Existing Customer,F,Graduate,Single,Blue
Existing Customer,F,High School,Married,Blue
Existing Customer,F,Doctorate,Married,Blue
Existing Customer,F,Graduate,Single,Blue
Existing Customer,F,College,Married,Blue
Existing Customer,M,High School,Unknown,Blue
Existing Customer,F,College,Married,Blue
Existing Customer,F,Doctorate,Married,Blue
Attrited Customer,F,Unknown,Married,Blue
Existing Customer,F,Graduate,Married,Blue
Attrited Customer,F,Graduate,Married,Blue
Existing Customer,M,Graduate,Married,Blue
Existing Customer,F,Graduate,Single,Blue
Existing Customer,F,College,Single,Blue
Existing Customer,F,Uneducated,Married,Blue
Attrited Customer,M,Doctorate,Married,Blue
Existing Customer,F,Uneducated,Married,Blue
Existing Customer,F,Graduate,Divorced,Blue
Existing Customer,F,Uneducated,Single,Blue
Existing Customer,F,Graduate,Married,Blue
Attrited Customer,F,Graduate,Married,Blue
Existing Customer,F,Graduate,Single,Blue
Existing Customer,M,High School,Married,Blue
Existing Customer,M,Graduate,Married,Blue
Existing Customer,F,Graduate,Married,Blue
Existing Customer,F,Graduate,Unknown,Blue
Existing Customer,F,College,Unknown,Blue
Attrited Customer,M,College,Single,Blue
Existing Customer,M,Graduate,Married,Blue
Existing Customer,F,College,Single,Blue
Existing Customer,F,Unknown,Single,Blue
Existing Customer,F,Unknown,Single,Blue
Attrited Customer,M,High School,Married,Blue
Attrited Customer,F,College,Single,Blue
Existing Customer,F,High School,Married,Blue
Existing Customer,M,Graduate,Single,Blue
Existing Customer,M,Graduate,Married,Blue
Existing Customer,F,Doctorate,Unknown,Blue
Attrited Customer,F,Graduate,Single,Blue
Existing Customer,F,High School,Single,Blue
Attrited Customer,M,Graduate,Married,Blue
Existing Customer,F,Uneducated,Single,Blue
Attrited Customer,F,College,Single,Blue
Existing Customer,F,Post-Graduate,Married,Blue
Existing Customer,M,Graduate,Married,Blue
Existing Customer,M,Unknown,Single,Blue
Attrited Customer,M,College,Married,Blue
Existing Customer,F,High School,Single,Blue
Attrited Customer,F,High School,Unknown,Blue
Existing Customer,F,Unknown,Married,Blue
Existing Customer,F,Uneducated,Married,Blue
Existing Customer,F,Unknown,Single,Blue
Existing Customer,M,Unknown,Married,Blue
Existing Customer,F,Graduate,Married,Blue
Existing Customer,F,Graduate,Unknown,Blue
Existing Customer,F,College,Single,Blue
Existing Customer,F,Uneducated,Married,Blue
Existing Customer,F,High School,Married,Blue
Existing Customer,M,High School,Single,Blue
Existing Customer,M,Graduate,Single,Blue
Existing Customer,F,Post-Graduate,Unknown,Blue
Existing Customer,F,Uneducated,Married,Blue
Existing Customer,F,Graduate,Single,Blue
Existing Customer,M,High School,Divorced,Blue
Existing Customer,F,High School,Single,Blue
Existing Customer,F,Post-Graduate,Married,Blue
Existing Customer,F,Doctorate,Married,Blue
Existing Customer,F,Graduate,Married,Blue
Existing Customer,F,Unknown,Single,Blue
Existing Customer,F,College,Single,Blue
Existing Customer,M,College,Single,Blue
Existing Customer,F,Uneducated,Married,Blue
Existing Customer,F,Graduate,Unknown,Blue
Attrited Customer,F,Uneducated,Unknown,Blue
Existing Customer,F,High School,Married,Blue
Existing Customer,F,Unknown,Unknown,Blue
Existing Customer,F,Graduate,Married,Blue
Attrited Customer,M,High School,Single,Blue
Attrited Customer,F,College,Divorced,Blue
Existing Customer,M,Uneducated,Divorced,Blue
Existing Customer,F,Unknown,Married,Blue
Existing Customer,M,Unknown,Single,Blue
Existing Customer,F,High School,Unknown,Blue
Existing Customer,F,Graduate,Single,Blue
Existing Customer,M,Graduate,Unknown,Blue
Existing Customer,M,Uneducated,Single,Blue
Existing Customer,F,High School,Married,Blue
Existing Customer,M,College,Single,Blue
Existing Customer,F,Graduate,Divorced,Blue
Existing Customer,F,Graduate,Married,Blue
Existing Customer,F,Graduate,Married,Blue
Existing Customer,M,College,Married,Blue
Existing Customer,F,High School,Single,Blue
Attrited Customer,F,Unknown,Unknown,Blue
Existing Customer,F,Graduate,Married,Blue
Existing Customer,F,Graduate,Single,Blue
Existing Customer,F,High School,Single,Blue
Existing Customer,F,Graduate,Single,Blue
Existing Customer,F,Uneducated,Divorced,Blue
Attrited Customer,M,Unknown,Married,Blue
Existing Customer,F,Graduate,Married,Blue
Existing Customer,F,Uneducated,Unknown,Blue
Existing Customer,M,High School,Married,Blue
Existing Customer,M,High School,Divorced,Blue
Existing Customer,M,Graduate,Divorced,Blue
Existing Customer,M,Graduate,Single,Blue
Attrited Customer,F,College,Married,Blue
Existing Customer,F,College,Married,Blue
Existing Customer,F,College,Married,Blue
Existing Customer,F,High School,Married,Blue
Existing Customer,M,Graduate,Single,Blue
Existing Customer,F,Uneducated,Single,Blue
Existing Customer,M,Uneducated,Single,Blue
Existing Customer,F,Unknown,Married,Blue
Existing Customer,F,Graduate,Married,Blue
Existing Customer,M,Graduate,Married,Blue
Existing Customer,F,High School,Single,Blue
Existing Customer,F,Graduate,Unknown,Blue
Attrited Customer,F,Uneducated,Divorced,Blue
Existing Customer,F,High School,Unknown,Blue
Existing Customer,M,Graduate,Single,Blue
Existing Customer,M,College,Unknown,Blue
Existing Customer,F,Graduate,Single,Blue
Existing Customer,M,Unknown,Single,Blue
Existing Customer,M,High School,Married,Blue
Existing Customer,F,Graduate,Unknown,Blue
Existing Customer,F,Graduate,Married,Blue
Existing Customer,M,College,Single,Blue
Existing Customer,M,Graduate,Divorced,Blue
Existing Customer,M,Graduate,Married,Blue
Existing Customer,F,College,Married,Blue
Existing Customer,F,Graduate,Single,Blue
Existing Customer,F,College,Married,Blue
Existing Customer,F,Doctorate,Married,Blue
Existing Customer,F,Unknown,Married,Blue
Attrited Customer,F,High School,Married,Blue
Existing Customer,F,Uneducated,Divorced,Blue
Existing Customer,M,Post-Graduate,Single,Blue
Existing Customer,F,Graduate,Married,Blue
Existing Customer,F,Unknown,Divorced,Blue
Existing Customer,M,High School,Married,Blue
Existing Customer,M,Uneducated,Single,Blue
Existing Customer,F,Graduate,Unknown,Blue
Attrited Customer,F,High School,Single,Blue
Existing Customer,F,Graduate,Married,Blue
Existing Customer,F,Unknown,Married,Blue
Existing Customer,M,College,Married,Blue
Existing Customer,F,High School,Single,Blue
Existing Customer,M,Unknown,Married,Blue
Existing Customer,F,Uneducated,Single,Blue
Existing Customer,F,Post-Graduate,Married,Blue
Existing Customer,M,Graduate,Single,Blue
Existing Customer,F,Graduate,Married,Blue
Attrited Customer,F,College,Married,Blue
Attrited Customer,F,Unknown,Married,Blue
Attrited Customer,M,Uneducated,Married,Blue
Existing Customer,F,Doctorate,Married,Blue
Existing Customer,F,Post-Graduate,Divorced,Blue
Existing Customer,M,Graduate,Married,Blue
Existing Customer,F,Graduate,Divorced,Blue
Existing Customer,F,High School,Married,Blue
Existing Customer,F,College,Married,Blue
Attrited Customer,F,Graduate,Single,Blue
Existing Customer,F,High School,Single,Blue
Existing Customer,F,Unknown,Unknown,Blue
Existing Customer,F,Graduate,Single,Blue
Existing Customer,F,Graduate,Unknown,Blue
Attrited Customer,F,College,Married,Blue
Existing Customer,F,Graduate,Single,Blue
Existing Customer,F,Unknown,Married,Blue
Existing Customer,F,Graduate,Married,Blue
Existing Customer,F,Graduate,Single,Blue
Existing Customer,F,High School,Single,Blue
Attrited Customer,F,Doctorate,Married,Blue
Existing Customer,F,High School,Married,Blue
Existing Customer,F,Graduate,Single,Blue
Existing Customer,M,Graduate,Unknown,Blue
Existing Customer,F,Graduate,Divorced,Blue
Existing Customer,F,High School,Single,Silver
Existing Customer,M,High School,Married,Blue
Existing Customer,F,College,Married,Blue
Existing Customer,F,High School,Married,Blue
Existing Customer,F,Doctorate,Married,Blue
Existing Customer,F,Graduate,Single,Blue
Existing Customer,M,Unknown,Single,Blue
Existing Customer,F,Graduate,Divorced,Blue
Existing Customer,F,Doctorate,Single,Blue
Existing Customer,F,Graduate,Married,Blue
Existing Customer,M,College,Married,Blue
Existing Customer,F,Post-Graduate,Single,Blue
Existing Customer,F,Post-Graduate,Married,Blue
Existing Customer,F,Graduate,Single,Blue
Existing Customer,F,College,Married,Blue
Existing Customer,F,Unknown,Single,Blue
Existing Customer,F,Graduate,Unknown,Blue
Attrited Customer,F,Unknown,Single,Blue
Existing Customer,M,High School,Single,Blue
Existing Customer,M,High School,Single,Silver
Attrited Customer,F,Uneducated,Divorced,Blue
Existing Customer,F,Unknown,Single,Blue
Existing Customer,F,Graduate,Single,Blue
Attrited Customer,F,Graduate,Unknown,Blue
Existing Customer,M,College,Married,Silver
Existing Customer,F,Uneducated,Married,Blue
Existing Customer,F,Unknown,Unknown,Blue
Attrited Customer,F,High School,Unknown,Blue
Existing Customer,F,High School,Unknown,Blue
Existing Customer,F,Doctorate,Married,Blue
Existing Customer,F,Unknown,Single,Blue
Attrited Customer,F,College,Married,Blue
Existing Customer,F,Uneducated,Married,Blue
Attrited Customer,M,Uneducated,Divorced,Blue
Attrited Customer,F,Uneducated,Single,Blue
Attrited Customer,F,Unknown,Married,Blue
Existing Customer,F,Uneducated,Single,Blue
Attrited Customer,F,Unknown,Single,Blue
Attrited Customer,M,High School,Single,Blue
Existing Customer,F,High School,Married,Blue
Existing Customer,F,Uneducated,Single,Blue
Attrited Customer,M,Graduate,Single,Blue
Existing Customer,F,College,Unknown,Silver
Attrited Customer,F,High School,Single,Blue
Existing Customer,F,High School,Married,Blue
Existing Customer,F,Post-Graduate,Single,Blue
Existing Customer,F,Graduate,Married,Blue
Attrited Customer,F,Uneducated,Married,Blue
Existing Customer,M,Graduate,Divorced,Blue
Existing Customer,F,Uneducated,Married,Blue
Existing Customer,F,High School,Divorced,Blue
Existing Customer,F,Graduate,Single,Blue
Existing Customer,F,High School,Married,Blue
Existing Customer,F,Uneducated,Single,Blue
Attrited Customer,F,Graduate,Divorced,Blue
Existing Customer,M,Uneducated,Single,Blue
Existing Customer,F,Unknown,Single,Blue
Attrited Customer,F,Graduate,Single,Blue
Existing Customer,F,College,Married,Blue
Existing Customer,F,Graduate,Single,Blue
Existing Customer,F,Uneducated,Married,Blue
Existing Customer,F,Graduate,Married,Blue
Existing Customer,F,Graduate,Single,Blue
Existing Customer,F,Uneducated,Single,Blue
Existing Customer,M,Unknown,Unknown,Blue
Existing Customer,F,High School,Single,Blue
Attrited Customer,F,Unknown,Married,Blue
Existing Customer,F,High School,Single,Blue
Existing Customer,F,College,Divorced,Blue
Existing Customer,F,High School,Married,Blue
Attrited Customer,F,Unknown,Divorced,Blue
Existing Customer,F,Doctorate,Married,Blue
Existing Customer,F,Graduate,Married,Blue
Existing Customer,F,College,Married,Blue
Existing Customer,F,College,Married,Blue
Attrited Customer,F,Graduate,Married,Blue
Attrited Customer,F,Uneducated,Single,Blue
Existing Customer,F,Unknown,Single,Blue
Existing Customer,M,High School,Unknown,Blue
Existing Customer,F,College,Single,Blue
Existing Customer,F,Post-Graduate,Married,Blue
Existing Customer,F,Uneducated,Single,Blue
Attrited Customer,M,Graduate,Unknown,Blue
Existing Customer,F,Graduate,Single,Blue
Existing Customer,F,Unknown,Married,Blue
Existing Customer,F,Uneducated,Married,Blue
Existing Customer,F,College,Divorced,Blue
Attrited Customer,M,Uneducated,Single,Blue
Attrited Customer,F,High School,Married,Blue
Existing Customer,F,Graduate,Married,Blue
Existing Customer,F,Graduate,Married,Blue
Existing Customer,F,Graduate,Single,Blue
Existing Customer,M,Uneducated,Single,Blue
Existing Customer,F,Graduate,Divorced,Silver
Existing Customer,F,High School,Married,Blue
Existing Customer,M,Unknown,Married,Blue
Existing Customer,F,High School,Married,Blue
Existing Customer,M,High School,Single,Blue
Attrited Customer,F,Uneducated,Single,Blue
Existing Customer,F,High School,Single,Blue
Existing Customer,M,Graduate,Married,Blue
Existing Customer,M,High School,Unknown,Blue
Existing Customer,F,Doctorate,Married,Blue
Existing Customer,F,Graduate,Married,Blue
Existing Customer,F,College,Single,Blue
Existing Customer,F,Uneducated,Married,Blue
Existing Customer,F,Graduate,Married,Blue
Existing Customer,M,High School,Married,Blue
Attrited Customer,F,High School,Unknown,Blue
Attrited Customer,F,Graduate,Single,Blue
Existing Customer,F,College,Married,Blue
Existing Customer,M,Graduate,Single,Blue
Existing Customer,M,Uneducated,Married,Blue
Existing Customer,F,Graduate,Single,Blue
Existing Customer,F,Uneducated,Divorced,Blue
Existing Customer,M,Unknown,Married,Blue
Existing Customer,F,Uneducated,Married,Blue
Existing Customer,F,High School,Single,Blue
Existing Customer,F,Uneducated,Married,Blue
Attrited Customer,F,Graduate,Married,Blue
Existing Customer,F,Uneducated,Single,Blue
Existing Customer,F,Uneducated,Married,Blue
Existing Customer,F,College,Single,Blue
Existing Customer,M,Doctorate,Married,Blue
Existing Customer,F,High School,Married,Blue
Existing Customer,F,Graduate,Married,Blue
Attrited Customer,F,High School,Single,Blue
Existing Customer,F,Unknown,Married,Blue
Existing Customer,F,Unknown,Married,Blue
Existing Customer,F,Graduate,Single,Blue
Existing Customer,F,Graduate,Single,Blue
Existing Customer,F,Graduate,Single,Silver
Attrited Customer,F,Post-Graduate,Married,Blue
Existing Customer,F,Graduate,Single,Blue
Attrited Customer,F,Graduate,Single,Blue
Existing Customer,F,Post-Graduate,Married,Blue
Existing Customer,M,College,Unknown,Blue
Attrited Customer,F,High School,Married,Blue
Existing Customer,M,Graduate,Unknown,Blue
Attrited Customer,M,Uneducated,Married,Blue
Existing Customer,M,Graduate,Single,Blue
Attrited Customer,M,Uneducated,Single,Blue
Existing Customer,F,High School,Married,Blue
Existing Customer,F,College,Single,Blue
Existing Customer,M,Uneducated,Single,Blue
Attrited Customer,M,High School,Married,Blue
Existing Customer,M,Post-Graduate,Married,Blue
Existing Customer,F,College,Single,Blue
Existing Customer,F,College,Unknown,Blue
Existing Customer,M,Graduate,Married,Blue
Existing Customer,M,College,Single,Blue
Existing Customer,F,Uneducated,Married,Blue
Existing Customer,F,Uneducated,Married,Blue
Attrited Customer,F,Uneducated,Divorced,Blue
Attrited Customer,F,College,Married,Blue
Existing Customer,F,Uneducated,Divorced,Blue
Existing Customer,F,College,Married,Blue
Attrited Customer,F,Uneducated,Single,Blue
Existing Customer,F,Post-Graduate,Unknown,Blue
Existing Customer,F,Unknown,Married,Blue
Existing Customer,F,High School,Single,Blue
Existing Customer,M,Graduate,Married,Blue
Existing Customer,M,High School,Single,Blue
Existing Customer,F,High School,Single,Blue
Attrited Customer,F,High School,Divorced,Blue
Existing Customer,F,Unknown,Married,Blue
Existing Customer,M,High School,Married,Blue
Existing Customer,F,High School,Married,Blue
Existing Customer,M,Doctorate,Single,Blue
Existing Customer,M,Unknown,Married,Blue
Existing Customer,M,College,Divorced,Silver
Existing Customer,F,High School,Married,Blue
Existing Customer,F,Uneducated,Divorced,Blue
Existing Customer,M,Unknown,Single,Blue
Attrited Customer,F,Unknown,Divorced,Blue
Existing Customer,F,Graduate,Single,Blue
Existing Customer,M,High School,Single,Blue
Attrited Customer,F,High School,Married,Blue
Existing Customer,F,College,Married,Blue
Existing Customer,M,High School,Unknown,Blue
Existing Customer,F,High School,Single,Blue
Attrited Customer,F,Graduate,Single,Blue
Attrited Customer,F,Graduate,Unknown,Blue
Existing Customer,F,Graduate,Single,Blue
Existing Customer,F,Graduate,Married,Blue
Existing Customer,F,Post-Graduate,Single,Blue
Existing Customer,M,High School,Married,Silver
Existing Customer,F,Graduate,Single,Blue
Existing Customer,M,Graduate,Single,Blue
Existing Customer,M,Unknown,Single,Blue
Existing Customer,F,College,Single,Blue
Existing Customer,F,Graduate,Married,Blue
Existing Customer,M,High School,Married,Blue
Existing Customer,F,Graduate,Married,Blue
Existing Customer,M,High School,Unknown,Blue
Existing Customer,F,Doctorate,Married,Blue
Attrited Customer,F,Graduate,Single,Blue
Existing Customer,F,Graduate,Married,Blue
Existing Customer,F,Unknown,Single,Blue
Existing Customer,F,Uneducated,Married,Blue
Existing Customer,F,Uneducated,Married,Blue
Existing Customer,F,Unknown,Married,Blue
Existing Customer,F,Graduate,Married,Blue
Existing Customer,F,High School,Married,Blue
Existing Customer,F,Uneducated,Single,Blue
Existing Customer,M,Graduate,Single,Blue
Attrited Customer,F,Graduate,Married,Blue
Attrited Customer,F,Doctorate,Married,Blue
Existing Customer,M,Graduate,Single,Blue
Existing Customer,M,High School,Married,Blue
Existing Customer,F,Uneducated,Single,Blue
Existing Customer,F,Graduate,Single,Blue
Existing Customer,M,Graduate,Married,Blue
Existing Customer,M,Uneducated,Single,Blue
Existing Customer,F,Unknown,Unknown,Blue
Existing Customer,M,Graduate,Married,Blue
Existing Customer,F,High School,Married,Silver
Attrited Customer,M,High School,Single,Blue
Existing Customer,F,College,Married,Blue
Existing Customer,F,Doctorate,Single,Blue
Attrited Customer,F,College,Single,Blue
Existing Customer,F,Graduate,Married,Blue
Existing Customer,F,Unknown,Single,Blue
Existing Customer,F,Post-Graduate,Single,Blue
Existing Customer,F,Unknown,Divorced,Blue
Existing Customer,M,Graduate,Married,Blue
Attrited Customer,F,High School,Divorced,Blue
Attrited Customer,M,College,Single,Blue
Attrited Customer,M,Graduate,Single,Blue
Attrited Customer,F,Graduate,Single,Blue
Existing Customer,F,Uneducated,Single,Blue
Existing Customer,F,Graduate,Single,Blue
Existing Customer,F,Graduate,Married,Blue
Existing Customer,M,High School,Married,Blue
Existing Customer,F,Unknown,Unknown,Blue
Attrited Customer,F,High School,Married,Blue
Existing Customer,M,Uneducated,Married,Blue
Existing Customer,F,College,Married,Blue
Existing Customer,F,College,Divorced,Blue
Existing Customer,F,Post-Graduate,Single,Blue
Existing Customer,F,Post-Graduate,Single,Blue
Attrited Customer,F,Unknown,Married,Blue
Existing Customer,F,Graduate,Unknown,Blue
Existing Customer,F,High School,Unknown,Blue
Existing Customer,M,High School,Married,Blue
Existing Customer,F,Uneducated,Married,Blue
Existing Customer,F,Graduate,Single,Blue
Existing Customer,F,High School,Married,Blue
Existing Customer,M,Post-Graduate,Married,Blue
Existing Customer,F,Graduate,Married,Blue
Attrited Customer,F,Unknown,Single,Blue
Existing Customer,M,Uneducated,Married,Blue
Existing Customer,F,Graduate,Married,Blue
Existing Customer,F,High School,Married,Blue
Existing Customer,M,Graduate,Single,Blue
Existing Customer,F,High School,Married,Blue
Existing Customer,F,Graduate,Single,Blue
Existing Customer,F,Unknown,Married,Blue
Existing Customer,F,Graduate,Married,Blue
Existing Customer,F,Unknown,Single,Blue
Existing Customer,F,High School,Single,Blue
Existing Customer,F,Unknown,Single,Blue
Existing Customer,F,Graduate,Single,Blue
Existing Customer,F,College,Married,Blue
Attrited Customer,F,Graduate,Married,Blue
Attrited Customer,F,Graduate,Single,Blue
Attrited Customer,F,Uneducated,Married,Blue
Existing Customer,F,Uneducated,Married,Blue
Attrited Customer,F,Doctorate,Married,Blue
Existing Customer,F,Graduate,Married,Blue
Existing Customer,F,Graduate,Single,Blue
Attrited Customer,F,Unknown,Single,Blue
Attrited Customer,M,High School,Single,Blue
Attrited Customer,F,Unknown,Single,Blue
Attrited Customer,F,Graduate,Single,Blue
Existing Customer,F,Graduate,Married,Blue
Existing Customer,M,Graduate,Single,Blue
Attrited Customer,F,Graduate,Single,Blue
Existing Customer,F,Uneducated,Single,Blue
Existing Customer,M,Post-Graduate,Married,Blue
Existing Customer,F,Doctorate,Married,Blue
Existing Customer,F,College,Married,Blue
Existing Customer,F,High School,Single,Blue
Existing Customer,F,Graduate,Single,Blue
Existing Customer,F,Graduate,Single,Blue
Attrited Customer,F,Doctorate,Married,Blue
Attrited Customer,F,Unknown,Divorced,Blue
Existing Customer,F,Graduate,Single,Blue
Existing Customer,M,College,Married,Blue
Existing Customer,F,Unknown,Single,Blue
Existing Customer,F,Unknown,Single,Blue
Existing Customer,F,College,Divorced,Blue
Attrited Customer,M,Unknown,Single,Blue
Existing Customer,F,College,Married,Blue
Existing Customer,F,Unknown,Single,Blue
Existing Customer,F,Graduate,Married,Blue
Existing Customer,F,High School,Married,Blue
Existing Customer,F,Graduate,Married,Blue
Existing Customer,F,High School,Unknown,Blue
Existing Customer,M,Unknown,Single,Blue
Existing Customer,M,Graduate,Married,Blue
Existing Customer,F,High School,Single,Blue
Existing Customer,M,College,Divorced,Blue
Attrited Customer,M,College,Married,Blue
Existing Customer,F,College,Married,Blue
Existing Customer,F,Uneducated,Single,Blue
Existing Customer,M,Uneducated,Single,Blue
Existing Customer,M,High School,Single,Blue
Existing Customer,M,Graduate,Single,Blue
Existing Customer,F,Doctorate,Married,Blue
Existing Customer,F,College,Married,Blue
Existing Customer,F,Graduate,Unknown,Blue
Existing Customer,F,Graduate,Married,Blue
Existing Customer,F,Uneducated,Single,Blue
Attrited Customer,F,High School,Single,Blue
Existing Customer,F,Uneducated,Married,Blue
Existing Customer,F,Post-Graduate,Single,Blue
Existing Customer,F,College,Single,Blue
Existing Customer,F,Unknown,Married,Blue
Attrited Customer,F,Graduate,Married,Blue
Existing Customer,F,Graduate,Divorced,Blue
Existing Customer,F,High School,Single,Blue
Existing Customer,F,High School,Divorced,Blue
Existing Customer,F,High School,Married,Blue
Attrited Customer,F,Graduate,Single,Blue
Existing Customer,F,Graduate,Married,Blue
Attrited Customer,F,Unknown,Married,Blue
Existing Customer,F,College,Married,Blue
Existing Customer,F,Doctorate,Married,Blue
Existing Customer,F,Graduate,Single,Blue
Existing Customer,M,Unknown,Married,Blue
Existing Customer,F,College,Single,Blue
Existing Customer,F,College,Single,Blue
Attrited Customer,F,Unknown,Married,Blue
Existing Customer,F,Graduate,Single,Blue
Existing Customer,F,Unknown,Divorced,Blue
Existing Customer,F,College,Single,Blue
Attrited Customer,F,Post-Graduate,Single,Blue
Existing Customer,F,High School,Single,Blue
Existing Customer,F,Unknown,Single,Blue
Existing Customer,F,High School,Single,Blue
Attrited Customer,F,High School,Married,Blue
Attrited Customer,M,Uneducated,Married,Blue
Existing Customer,M,Graduate,Single,Blue
Attrited Customer,F,High School,Married,Blue
Attrited Customer,F,High School,Single,Blue
Existing Customer,M,Uneducated,Married,Blue
Attrited Customer,M,Graduate,Married,Blue
Existing Customer,F,Graduate,Single,Blue
Existing Customer,F,Graduate,Married,Blue
Existing Customer,M,Graduate,Single,Blue
Existing Customer,F,Graduate,Married,Blue
Existing Customer,F,Doctorate,Married,Blue
Existing Customer,F,Post-Graduate,Married,Blue
Existing Customer,M,High School,Single,Blue
Existing Customer,F,High School,Single,Blue
Existing Customer,F,Doctorate,Single,Blue
Existing Customer,F,Graduate,Divorced,Blue
Existing Customer,M,High School,Married,Blue
Existing Customer,M,College,Married,Blue
Existing Customer,M,College,Unknown,Blue
Attrited Customer,F,High School,Unknown,Blue
Existing Customer,M,High School,Single,Blue
Existing Customer,F,Graduate,Single,Blue
Existing Customer,F,Uneducated,Single,Blue
Existing Customer,F,Unknown,Single,Blue
Attrited Customer,F,Graduate,Married,Blue
Attrited Customer,F,Graduate,Married,Blue
Attrited Customer,F,College,Married,Blue
Attrited Customer,F,Post-Graduate,Married,Blue
Existing Customer,F,Graduate,Single,Blue
Existing Customer,F,Uneducated,Divorced,Blue
Existing Customer,F,College,Married,Blue
Existing Customer,M,Unknown,Single,Blue
Existing Customer,F,Graduate,Single,Blue
Existing Customer,M,College,Married,Blue
Existing Customer,F,Uneducated,Single,Blue
Existing Customer,F,Unknown,Married,Blue
Existing Customer,M,Unknown,Married,Blue
Attrited Customer,F,Graduate,Single,Blue
Existing Customer,M,High School,Divorced,Blue
Existing Customer,F,Doctorate,Married,Blue
Attrited Customer,F,Uneducated,Married,Blue
Attrited Customer,F,Uneducated,Married,Blue
Attrited Customer,M,College,Divorced,Blue
Existing Customer,F,College,Unknown,Blue
Existing Customer,F,College,Single,Blue
Attrited Customer,F,Uneducated,Unknown,Blue
Existing Customer,M,Graduate,Married,Blue
Attrited Customer,F,College,Married,Blue
Existing Customer,F,Graduate,Married,Blue
Existing Customer,F,High School,Married,Blue
Existing Customer,F,Doctorate,Single,Blue
Attrited Customer,F,Graduate,Unknown,Blue
Existing Customer,F,Graduate,Married,Blue
Existing Customer,M,High School,Single,Blue
Attrited Customer,F,Uneducated,Single,Blue
Attrited Customer,F,High School,Married,Blue
Existing Customer,M,Uneducated,Single,Blue
Existing Customer,F,Graduate,Married,Blue
Existing Customer,F,Graduate,Unknown,Blue
Existing Customer,F,Unknown,Single,Blue
Attrited Customer,F,High School,Unknown,Blue
Existing Customer,M,Uneducated,Married,Blue
Existing Customer,M,High School,Single,Blue
Existing Customer,F,Graduate,Single,Blue
Existing Customer,F,Unknown,Single,Blue
Attrited Customer,F,College,Married,Blue
Existing Customer,F,High School,Single,Blue
Existing Customer,F,Graduate,Single,Blue
Existing Customer,F,Graduate,Single,Blue
Existing Customer,M,Graduate,Single,Blue
Attrited Customer,F,Graduate,Single,Blue
Existing Customer,F,College,Single,Blue
Existing Customer,F,Uneducated,Married,Blue
Attrited Customer,F,Graduate,Single,Blue
Existing Customer,F,Graduate,Married,Blue
Existing Customer,F,High School,Single,Blue
Existing Customer,F,Graduate,Married,Blue
Existing Customer,F,Graduate,Unknown,Blue
Existing Customer,F,Uneducated,Married,Blue
Attrited Customer,F,Doctorate,Single,Blue
Attrited Customer,F,Graduate,Single,Blue
Existing Customer,F,Unknown,Married,Blue
Existing Customer,F,Unknown,Married,Blue
Existing Customer,F,Unknown,Married,Blue
Existing Customer,M,Graduate,Married,Blue
Existing Customer,F,College,Single,Blue
Existing Customer,F,Graduate,Single,Blue
Existing Customer,F,Unknown,Single,Blue
Existing Customer,F,College,Single,Blue
Existing Customer,F,High School,Single,Blue
Existing Customer,F,Uneducated,Single,Blue
Existing Customer,M,Unknown,Single,Blue
Attrited Customer,F,High School,Married,Blue
Existing Customer,F,High School,Married,Blue
Attrited Customer,M,Graduate,Married,Blue
Existing Customer,F,Unknown,Married,Gold
Attrited Customer,F,Graduate,Single,Gold
Existing Customer,M,Graduate,Married,Blue
Existing Customer,M,Uneducated,Single,Blue
Existing Customer,F,College,Married,Blue
Existing Customer,M,High School,Single,Blue
Existing Customer,F,Post-Graduate,Single,Blue
Existing Customer,M,High School,Single,Blue
Existing Customer,M,High School,Married,Blue
Attrited Customer,F,High School,Married,Blue
Attrited Customer,F,College,Married,Blue
Existing Customer,F,Doctorate,Married,Blue
Existing Customer,M,Graduate,Single,Silver
Existing Customer,F,Graduate,Single,Blue
Existing Customer,F,Uneducated,Married,Blue
Existing Customer,F,Graduate,Single,Blue
Existing Customer,F,Graduate,Single,Blue
Attrited Customer,F,High School,Single,Blue
Attrited Customer,F,Unknown,Single,Blue
Attrited Customer,F,Uneducated,Married,Blue
Existing Customer,F,High School,Single,Blue
Existing Customer,F,Doctorate,Single,Blue
Attrited Customer,F,Graduate,Unknown,Blue
Existing Customer,F,Unknown,Single,Blue
Existing Customer,F,High School,Married,Blue
Attrited Customer,F,Uneducated,Single,Blue
Existing Customer,M,High School,Single,Blue
Existing Customer,M,College,Married,Blue
Existing Customer,F,High School,Divorced,Blue
Existing Customer,M,Graduate,Married,Blue
Existing Customer,F,College,Unknown,Blue
Existing Customer,F,Graduate,Married,Blue
Existing Customer,M,Uneducated,Married,Blue
Existing Customer,F,College,Married,Blue
Existing Customer,F,Graduate,Single,Blue
Existing Customer,M,Graduate,Married,Blue
Existing Customer,F,Graduate,Unknown,Blue
Existing Customer,F,Unknown,Single,Blue
Existing Customer,F,Graduate,Married,Blue
Existing Customer,F,High School,Unknown,Blue
Existing Customer,F,High School,Single,Blue
Existing Customer,F,College,Married,Blue
Existing Customer,F,High School,Single,Blue
Attrited Customer,F,Doctorate,Married,Blue
Attrited Customer,F,Graduate,Married,Blue
Existing Customer,M,College,Married,Blue
Existing Customer,F,Graduate,Married,Blue
Existing Customer,M,Unknown,Married,Blue
Existing Customer,F,Unknown,Single,Blue
Attrited Customer,F,Unknown,Married,Blue
Existing Customer,F,High School,Single,Blue
Existing Customer,F,Graduate,Unknown,Blue
Existing Customer,F,College,Single,Blue
Existing Customer,F,High School,Single,Blue
Attrited Customer,F,Doctorate,Single,Blue
Existing Customer,F,Uneducated,Single,Blue
Attrited Customer,M,High School,Unknown,Blue
Attrited Customer,F,High School,Single,Blue
Existing Customer,F,Doctorate,Married,Blue
Attrited Customer,M,Unknown,Single,Blue
Existing Customer,F,Unknown,Married,Blue
Existing Customer,F,College,Married,Blue
Existing Customer,F,Graduate,Married,Blue
Existing Customer,M,High School,Single,Blue
Existing Customer,F,High School,Married,Blue
Attrited Customer,F,College,Married,Blue
Existing Customer,M,College,Unknown,Blue
Existing Customer,F,Unknown,Married,Blue
Existing Customer,F,Unknown,Married,Blue
Existing Customer,F,Graduate,Married,Blue
Existing Customer,F,Unknown,Married,Blue
Existing Customer,F,Doctorate,Unknown,Blue
Existing Customer,F,High School,Divorced,Blue
Existing Customer,M,Doctorate,Single,Blue
Existing Customer,F,Unknown,Single,Blue
Existing Customer,M,High School,Single,Blue
Existing Customer,F,High School,Unknown,Blue
Existing Customer,F,High School,Single,Blue
Attrited Customer,M,College,Married,Blue
Existing Customer,F,High School,Single,Blue
Attrited Customer,M,Doctorate,Single,Blue
Existing Customer,F,Uneducated,Single,Blue
Attrited Customer,F,Unknown,Divorced,Blue
Attrited Customer,M,Graduate,Married,Blue
Existing Customer,F,Uneducated,Married,Blue
Existing Customer,M,College,Divorced,Blue
Attrited Customer,M,High School,Single,Blue
Existing Customer,M,High School,Single,Blue
Existing Customer,M,Graduate,Single,Blue
Existing Customer,M,Graduate,Married,Blue
Existing Customer,M,High School,Married,Blue
Existing Customer,F,College,Single,Blue
Existing Customer,F,High School,Single,Blue
Existing Customer,F,Graduate,Single,Blue
Existing Customer,M,Uneducated,Single,Blue
Attrited Customer,F,Graduate,Single,Blue
Existing Customer,F,Graduate,Single,Blue
Existing Customer,F,College,Single,Blue
Existing Customer,F,High School,Married,Blue
Existing Customer,F,Graduate,Married,Silver
Existing Customer,M,Unknown,Unknown,Blue
Attrited Customer,F,Graduate,Single,Blue
Existing Customer,F,Graduate,Married,Blue
Existing Customer,F,Graduate,Single,Blue
Existing Customer,F,Unknown,Married,Blue
Existing Customer,F,Graduate,Divorced,Blue
Existing Customer,F,Unknown,Married,Blue
Existing Customer,F,Unknown,Single,Blue
Existing Customer,M,Unknown,Single,Blue
Existing Customer,F,Doctorate,Married,Blue
Existing Customer,F,Uneducated,Single,Blue
Attrited Customer,M,College,Married,Blue
Existing Customer,F,Post-Graduate,Single,Blue
Existing Customer,F,Graduate,Married,Blue
Existing Customer,F,Graduate,Unknown,Blue
Attrited Customer,M,Unknown,Divorced,Blue
Existing Customer,M,High School,Married,Blue
Existing Customer,M,Unknown,Unknown,Silver
Existing Customer,F,Unknown,Single,Blue
Existing Customer,M,High School,Single,Silver
Attrited Customer,F,High School,Single,Blue
Existing Customer,F,High School,Married,Blue
Existing Customer,F,Graduate,Single,Blue
Existing Customer,F,High School,Single,Blue
Existing Customer,F,High School,Married,Blue
Existing Customer,F,High School,Single,Blue
Existing Customer,F,High School,Single,Blue
Existing Customer,M,Graduate,Single,Blue
Existing Customer,F,College,Married,Blue
Existing Customer,M,Uneducated,Single,Blue
Existing Customer,M,Uneducated,Single,Blue
Existing Customer,F,College,Single,Blue
Existing Customer,F,High School,Married,Blue
Attrited Customer,F,Graduate,Married,Blue
Attrited Customer,F,Graduate,Single,Blue
Attrited Customer,F,Graduate,Single,Blue
Attrited Customer,F,Graduate,Married,Blue
Existing Customer,F,Unknown,Married,Blue
Attrited Customer,F,High School,Married,Blue
Existing Customer,F,College,Married,Blue
Existing Customer,F,High School,Married,Blue
Existing Customer,F,Graduate,Married,Blue
Attrited Customer,F,High School,Unknown,Blue
Existing Customer,F,Graduate,Single,Blue
Existing Customer,F,Unknown,Married,Blue
Existing Customer,F,Graduate,Single,Blue
Existing Customer,M,Unknown,Married,Blue
Existing Customer,F,Graduate,Married,Blue
Existing Customer,F,Unknown,Single,Blue
Existing Customer,F,High School,Married,Blue
Existing Customer,F,Uneducated,Unknown,Blue
Existing Customer,M,Unknown,Single,Blue
Existing Customer,F,College,Single,Blue
Existing Customer,F,High School,Single,Blue
Attrited Customer,F,High School,Married,Blue
Existing Customer,F,Uneducated,Married,Blue
Existing Customer,M,Graduate,Single,Blue
Existing Customer,F,Graduate,Married,Blue
Existing Customer,M,Graduate,Single,Blue
Existing Customer,F,High School,Married,Blue
Existing Customer,F,Post-Graduate,Married,Blue
Attrited Customer,F,Unknown,Unknown,Blue
Existing Customer,F,Graduate,Married,Blue
Existing Customer,F,High School,Married,Blue
Existing Customer,M,High School,Divorced,Blue
Existing Customer,F,Unknown,Unknown,Blue
Existing Customer,M,College,Married,Blue
Existing Customer,F,High School,Married,Blue
Existing Customer,F,Post-Graduate,Married,Blue
Existing Customer,F,Doctorate,Single,Blue
Attrited Customer,F,Uneducated,Married,Blue
Existing Customer,M,Doctorate,Married,Blue
Existing Customer,M,Graduate,Unknown,Blue
Existing Customer,F,College,Married,Blue
Existing Customer,F,High School,Married,Blue
Existing Customer,F,Graduate,Unknown,Blue
Existing Customer,F,High School,Married,Blue
Existing Customer,M,College,Unknown,Blue
Existing Customer,F,Uneducated,Married,Blue
Existing Customer,F,High School,Single,Blue
Existing Customer,F,Graduate,Married,Blue
Existing Customer,F,High School,Divorced,Blue
Existing Customer,M,High School,Married,Silver
Existing Customer,M,Graduate,Married,Blue
Existing Customer,M,Graduate,Married,Blue
Existing Customer,F,Unknown,Married,Blue
Existing Customer,F,Unknown,Married,Blue
Existing Customer,M,College,Married,Blue
Existing Customer,M,Uneducated,Married,Blue
Existing Customer,F,High School,Divorced,Blue
Existing Customer,F,Uneducated,Married,Blue
Existing Customer,M,Doctorate,Single,Blue
Existing Customer,M,High School,Married,Blue
Attrited Customer,F,Graduate,Married,Blue
Existing Customer,M,Uneducated,Divorced,Blue
Existing Customer,F,Graduate,Married,Blue
Existing Customer,F,Uneducated,Single,Blue
Existing Customer,M,Unknown,Married,Blue
Existing Customer,F,Graduate,Unknown,Blue
Existing Customer,M,Unknown,Married,Blue
Existing Customer,F,Unknown,Married,Blue
Attrited Customer,F,High School,Single,Blue
Attrited Customer,F,Graduate,Married,Blue
Existing Customer,F,College,Divorced,Blue
Existing Customer,M,Doctorate,Married,Blue
Existing Customer,M,College,Single,Blue
Existing Customer,M,Doctorate,Married,Blue
Existing Customer,M,High School,Divorced,Blue
Existing Customer,F,Post-Graduate,Single,Blue
Existing Customer,M,High School,Single,Blue
Existing Customer,F,College,Single,Blue
Existing Customer,F,Uneducated,Single,Blue
Existing Customer,F,Doctorate,Single,Blue
Existing Customer,F,High School,Married,Blue
Existing Customer,F,High School,Married,Blue
Existing Customer,M,High School,Single,Blue
Existing Customer,F,Graduate,Married,Blue
Existing Customer,F,Unknown,Married,Blue
Existing Customer,F,College,Unknown,Blue
Existing Customer,F,Graduate,Single,Blue
Existing Customer,M,Graduate,Married,Blue
Existing Customer,F,Unknown,Single,Blue
Existing Customer,F,High School,Married,Blue
Existing Customer,F,Graduate,Married,Blue
Existing Customer,F,Unknown,Married,Blue
Existing Customer,F,College,Single,Blue
Existing Customer,M,Graduate,Married,Blue
Existing Customer,M,Graduate,Married,Blue
Attrited Customer,F,Uneducated,Single,Blue
Existing Customer,F,Uneducated,Married,Blue
Existing Customer,M,High School,Married,Blue
Attrited Customer,F,High School,Single,Blue
Existing Customer,F,Doctorate,Divorced,Blue
Existing Customer,F,High School,Unknown,Blue
Existing Customer,F,Uneducated,Single,Blue
Existing Customer,M,High School,Single,Blue
Existing Customer,M,Graduate,Married,Blue
Existing Customer,F,College,Married,Blue
Existing Customer,F,High School,Married,Blue
Existing Customer,F,Unknown,Single,Blue
Existing Customer,F,Graduate,Married,Blue
Existing Customer,F,Unknown,Single,Blue
Existing Customer,M,College,Married,Blue
Existing Customer,M,Graduate,Married,Blue
Existing Customer,F,Unknown,Married,Blue
Existing Customer,F,High School,Married,Blue
Existing Customer,F,College,Married,Blue
Existing Customer,F,Post-Graduate,Divorced,Blue
Existing Customer,F,High School,Single,Blue
Attrited Customer,M,Uneducated,Single,Blue
Existing Customer,F,Uneducated,Married,Blue
Existing Customer,F,Unknown,Married,Blue
Existing Customer,M,Uneducated,Divorced,Blue
Attrited Customer,F,Doctorate,Single,Blue
Existing Customer,F,Uneducated,Single,Blue
Existing Customer,F,Unknown,Married,Blue
Existing Customer,F,High School,Single,Blue
Existing Customer,F,Graduate,Single,Blue
Existing Customer,F,Graduate,Single,Blue
Existing Customer,F,Unknown,Married,Blue
Existing Customer,F,Graduate,Married,Blue
Attrited Customer,F,Graduate,Single,Blue
Existing Customer,F,Uneducated,Divorced,Blue
Existing Customer,F,Unknown,Single,Blue
Existing Customer,F,High School,Married,Blue
Existing Customer,F,High School,Married,Blue
Attrited Customer,F,Unknown,Married,Blue
Existing Customer,F,Uneducated,Married,Blue
Attrited Customer,F,Graduate,Single,Blue
Existing Customer,F,Uneducated,Single,Blue
Existing Customer,M,Uneducated,Single,Blue
Attrited Customer,F,Uneducated,Single,Blue
Existing Customer,F,High School,Single,Blue
Attrited Customer,M,Unknown,Single,Blue
Existing Customer,M,College,Married,Blue
Existing Customer,F,Graduate,Divorced,Silver
Attrited Customer,M,Uneducated,Unknown,Blue
Existing Customer,F,College,Married,Blue
Existing Customer,M,Graduate,Single,Blue
Existing Customer,M,College,Single,Blue
Existing Customer,M,Unknown,Married,Blue
Existing Customer,F,Graduate,Married,Blue
Existing Customer,F,Uneducated,Married,Blue
Existing Customer,F,Uneducated,Single,Blue
Attrited Customer,M,Unknown,Single,Blue
Existing Customer,M,Graduate,Single,Blue
Existing Customer,F,College,Married,Blue
Existing Customer,F,High School,Divorced,Blue
Existing Customer,F,Unknown,Married,Blue
Existing Customer,M,High School,Unknown,Blue
Existing Customer,F,Graduate,Married,Blue
Attrited Customer,F,High School,Married,Blue
Existing Customer,M,Graduate,Single,Blue
Attrited Customer,F,Unknown,Single,Blue
Attrited Customer,M,Doctorate,Married,Blue
Existing Customer,F,Unknown,Divorced,Blue
Existing Customer,F,Unknown,Unknown,Blue
Existing Customer,M,Uneducated,Single,Blue
Existing Customer,F,Graduate,Single,Blue
Existing Customer,F,High School,Single,Blue
Existing Customer,F,Graduate,Divorced,Blue
Existing Customer,F,Graduate,Single,Blue
Existing Customer,F,High School,Married,Blue
Existing Customer,F,High School,Married,Blue
Existing Customer,F,Unknown,Married,Blue
Existing Customer,F,Graduate,Divorced,Blue
Existing Customer,F,College,Divorced,Blue
Existing Customer,F,Unknown,Single,Blue
Existing Customer,F,High School,Married,Blue
Existing Customer,M,High School,Unknown,Blue
Existing Customer,F,Uneducated,Single,Blue
Existing Customer,F,Graduate,Married,Blue
Attrited Customer,F,High School,Single,Blue
Attrited Customer,F,Graduate,Single,Blue
Existing Customer,F,Graduate,Single,Blue
Existing Customer,F,Graduate,Single,Blue
Existing Customer,M,College,Single,Blue
Existing Customer,F,High School,Single,Blue
Existing Customer,F,Graduate,Single,Blue
Existing Customer,F,Uneducated,Single,Blue
Existing Customer,F,Graduate,Married,Blue
Existing Customer,F,Graduate,Married,Blue
Existing Customer,F,Unknown,Married,Blue
Attrited Customer,F,High School,Married,Blue
Existing Customer,M,Post-Graduate,Unknown,Blue
Existing Customer,F,Unknown,Married,Blue
Existing Customer,F,High School,Divorced,Blue
Existing Customer,F,Graduate,Unknown,Blue
Existing Customer,F,College,Married,Blue
Existing Customer,F,Uneducated,Unknown,Blue
Existing Customer,M,Graduate,Single,Blue
Existing Customer,F,Graduate,Married,Blue
Attrited Customer,F,Graduate,Unknown,Blue
Existing Customer,F,Graduate,Married,Blue
Existing Customer,F,College,Single,Blue
Existing Customer,F,High School,Single,Blue
Existing Customer,F,Graduate,Married,Blue
Existing Customer,F,Graduate,Married,Blue
Existing Customer,F,Graduate,Married,Blue
Existing Customer,F,Graduate,Married,Blue
Existing Customer,F,Graduate,Single,Blue
Existing Customer,F,Graduate,Married,Blue
Existing Customer,F,Uneducated,Single,Blue
Existing Customer,F,Unknown,Single,Blue
Existing Customer,F,Graduate,Married,Blue
Existing Customer,F,Uneducated,Unknown,Silver
Existing Customer,F,Unknown,Unknown,Blue
Existing Customer,F,College,Single,Blue
Existing Customer,F,College,Married,Blue
Existing Customer,M,Graduate,Single,Blue
Existing Customer,F,College,Married,Blue
Existing Customer,M,Graduate,Single,Blue
Existing Customer,F,High School,Single,Blue
Existing Customer,F,Unknown,Single,Blue
Existing Customer,F,Doctorate,Married,Blue
Existing Customer,F,College,Unknown,Silver
Existing Customer,M,Unknown,Married,Blue
Existing Customer,F,Graduate,Married,Blue
Existing Customer,F,High School,Unknown,Blue
Attrited Customer,F,High School,Married,Blue
Existing Customer,F,Graduate,Single,Blue
Existing Customer,F,High School,Married,Blue
Existing Customer,F,Unknown,Married,Blue
Existing Customer,F,College,Unknown,Blue
Existing Customer,M,Graduate,Married,Blue
Attrited Customer,M,Graduate,Single,Blue
Existing Customer,M,Uneducated,Married,Blue
Attrited Customer,F,Uneducated,Married,Blue
Existing Customer,M,Post-Graduate,Single,Blue
Existing Customer,F,Unknown,Single,Blue
Existing Customer,F,Doctorate,Single,Blue
Existing Customer,F,Unknown,Single,Blue
Existing Customer,M,Graduate,Unknown,Blue
Existing Customer,M,Unknown,Married,Blue
Existing Customer,F,Graduate,Married,Blue
Existing Customer,F,Unknown,Single,Blue
Attrited Customer,F,College,Single,Blue
Existing Customer,F,Unknown,Single,Blue
Existing Customer,F,Graduate,Married,Blue
Attrited Customer,F,High School,Single,Blue
Existing Customer,F,Graduate,Unknown,Blue
Existing Customer,F,Unknown,Married,Blue
Existing Customer,F,High School,Married,Blue
Existing Customer,F,High School,Married,Blue
Attrited Customer,F,Unknown,Married,Blue
Existing Customer,F,Graduate,Single,Blue
Existing Customer,F,Graduate,Married,Blue
Existing Customer,F,Graduate,Divorced,Blue
Existing Customer,F,Uneducated,Married,Blue
Existing Customer,F,High School,Married,Blue
Existing Customer,F,Uneducated,Married,Blue
Existing Customer,F,Graduate,Married,Blue
Existing Customer,F,Uneducated,Married,Blue
Existing Customer,M,Graduate,Single,Blue
Existing Customer,F,Graduate,Married,Blue
Existing Customer,F,Doctorate,Single,Blue
Existing Customer,F,Graduate,Single,Blue
Existing Customer,M,Graduate,Single,Blue
Attrited Customer,F,High School,Single,Blue
Existing Customer,F,Graduate,Married,Blue
Existing Customer,F,Unknown,Single,Blue
Attrited Customer,F,Graduate,Married,Blue
Existing Customer,F,Uneducated,Single,Blue
Existing Customer,F,Unknown,Married,Blue
Attrited Customer,F,Graduate,Unknown,Blue
Existing Customer,M,College,Single,Blue
Attrited Customer,M,High School,Married,Blue
Existing Customer,F,Doctorate,Married,Blue
Existing Customer,F,High School,Single,Blue
Existing Customer,M,Unknown,Unknown,Blue
Existing Customer,F,College,Married,Blue
Existing Customer,M,College,Single,Blue
Existing Customer,M,Graduate,Married,Blue
Existing Customer,F,Graduate,Single,Blue
Existing Customer,F,College,Single,Blue
Existing Customer,F,College,Unknown,Blue
Existing Customer,F,Uneducated,Married,Blue
Existing Customer,F,Uneducated,Single,Blue
Existing Customer,M,Unknown,Married,Blue
Existing Customer,M,Unknown,Single,Blue
Attrited Customer,F,Graduate,Married,Blue
Existing Customer,M,Uneducated,Married,Blue
Existing Customer,M,Doctorate,Single,Blue
Existing Customer,F,Uneducated,Unknown,Blue
Existing Customer,M,Doctorate,Single,Blue
Existing Customer,F,Graduate,Single,Blue
Attrited Customer,F,Uneducated,Unknown,Blue
Existing Customer,F,Unknown,Married,Blue
Existing Customer,F,Unknown,Single,Blue
Existing Customer,M,College,Single,Blue
Attrited Customer,F,Unknown,Unknown,Blue
Existing Customer,F,Unknown,Single,Blue
Existing Customer,F,Uneducated,Single,Blue
Existing Customer,F,Uneducated,Single,Blue
Existing Customer,F,Unknown,Married,Blue
Existing Customer,F,Graduate,Single,Blue
Existing Customer,M,High School,Single,Blue
Attrited Customer,F,Unknown,Single,Blue
Existing Customer,F,Graduate,Married,Blue
Attrited Customer,F,College,Single,Blue
Existing Customer,M,Uneducated,Single,Blue
Attrited Customer,F,Unknown,Unknown,Blue
Existing Customer,F,Graduate,Married,Blue
Existing Customer,F,Graduate,Married,Blue
Existing Customer,M,Uneducated,Married,Blue
Existing Customer,F,Uneducated,Married,Blue
Existing Customer,F,Post-Graduate,Married,Blue
Attrited Customer,F,High School,Married,Blue
Existing Customer,F,High School,Married,Blue
Existing Customer,F,College,Single,Blue
Existing Customer,F,Post-Graduate,Married,Blue
Existing Customer,M,Unknown,Single,Blue
Existing Customer,F,Graduate,Single,Blue
Existing Customer,F,College,Single,Blue
Attrited Customer,F,Graduate,Married,Blue
Existing Customer,F,Unknown,Married,Blue
Existing Customer,F,Graduate,Married,Blue
Existing Customer,F,Post-Graduate,Married,Blue
Attrited Customer,M,Graduate,Single,Blue
Existing Customer,F,Unknown,Married,Blue
Attrited Customer,F,Graduate,Married,Blue
Existing Customer,F,Uneducated,Single,Blue
Existing Customer,F,Doctorate,Married,Blue
Existing Customer,F,Graduate,Unknown,Blue
Existing Customer,F,Uneducated,Married,Blue
Existing Customer,F,Graduate,Single,Blue
Attrited Customer,F,Unknown,Single,Gold
Existing Customer,F,Uneducated,Single,Blue
Existing Customer,F,High School,Married,Blue
Existing Customer,F,Uneducated,Married,Blue
Existing Customer,F,Uneducated,Married,Blue
Existing Customer,F,High School,Single,Blue
Attrited Customer,M,High School,Single,Blue
Existing Customer,M,Graduate,Divorced,Silver
Existing Customer,F,Uneducated,Single,Blue
Existing Customer,F,Uneducated,Married,Blue
Existing Customer,F,Uneducated,Married,Blue
Attrited Customer,F,College,Single,Blue
Existing Customer,M,High School,Married,Blue
Attrited Customer,F,Uneducated,Single,Blue
Existing Customer,F,College,Single,Blue
Existing Customer,F,Graduate,Married,Blue
Existing Customer,F,Uneducated,Divorced,Blue
Existing Customer,F,High School,Married,Blue
Attrited Customer,F,High School,Unknown,Blue
Attrited Customer,F,High School,Single,Blue
Existing Customer,F,Unknown,Married,Blue
Existing Customer,F,High School,Single,Blue
Attrited Customer,F,Graduate,Married,Blue
Existing Customer,M,Graduate,Single,Blue
Existing Customer,M,College,Married,Blue
Existing Customer,M,High School,Married,Blue
Attrited Customer,M,Graduate,Divorced,Blue
Existing Customer,M,Post-Graduate,Married,Blue
Existing Customer,M,Graduate,Married,Blue
Existing Customer,F,Graduate,Married,Blue
Existing Customer,F,College,Married,Blue
Existing Customer,M,Graduate,Single,Blue
Attrited Customer,M,Unknown,Divorced,Blue
Existing Customer,F,Graduate,Single,Blue
Attrited Customer,M,Uneducated,Unknown,Blue
Attrited Customer,F,High School,Single,Blue
Attrited Customer,F,College,Married,Blue
Existing Customer,F,High School,Married,Blue
Existing Customer,F,Unknown,Unknown,Blue
Existing Customer,M,High School,Married,Blue
Existing Customer,F,Graduate,Single,Blue
Attrited Customer,F,Unknown,Married,Blue
Attrited Customer,M,High School,Divorced,Blue
Existing Customer,M,Graduate,Married,Blue
Attrited Customer,M,Post-Graduate,Married,Blue
Existing Customer,M,Uneducated,Divorced,Blue
Existing Customer,F,Post-Graduate,Married,Blue
Existing Customer,M,Graduate,Married,Blue
Existing Customer,F,College,Single,Blue
Existing Customer,M,High School,Married,Blue
Existing Customer,F,Graduate,Unknown,Blue
Existing Customer,F,Uneducated,Single,Blue
Existing Customer,M,Post-Graduate,Married,Blue
Existing Customer,M,High School,Married,Silver
Existing Customer,M,Graduate,Single,Gold
Existing Customer,M,Graduate,Single,Blue
Existing Customer,M,Unknown,Married,Blue
Existing Customer,M,High School,Married,Gold
Existing Customer,F,College,Married,Blue
Existing Customer,M,High School,Single,Blue
Existing Customer,M,Post-Graduate,Married,Blue
Existing Customer,F,Uneducated,Divorced,Blue
Existing Customer,M,Graduate,Single,Blue
Existing Customer,M,Uneducated,Married,Blue
Existing Customer,F,High School,Single,Blue
Existing Customer,M,Graduate,Unknown,Blue
Existing Customer,F,Unknown,Single,Blue
Existing Customer,M,Graduate,Married,Blue
Existing Customer,F,High School,Married,Gold
Existing Customer,F,Unknown,Single,Blue
Existing Customer,F,High School,Single,Blue
Existing Customer,M,Uneducated,Single,Blue
Existing Customer,F,Uneducated,Married,Blue
Existing Customer,M,Post-Graduate,Unknown,Gold
Existing Customer,F,Post-Graduate,Married,Blue
Existing Customer,F,High School,Single,Blue
Existing Customer,M,Unknown,Single,Blue
Existing Customer,F,Post-Graduate,Single,Blue
Existing Customer,M,College,Divorced,Blue
Existing Customer,F,College,Single,Blue
Existing Customer,M,Uneducated,Single,Blue
Attrited Customer,M,Graduate,Single,Blue
Existing Customer,M,Uneducated,Married,Blue
Existing Customer,F,High School,Married,Blue
Existing Customer,M,College,Unknown,Blue
Existing Customer,M,Graduate,Married,Blue
Existing Customer,M,High School,Unknown,Blue
Existing Customer,F,College,Married,Blue
Existing Customer,M,High School,Married,Blue
Existing Customer,F,College,Married,Blue
Existing Customer,F,Graduate,Single,Blue
Attrited Customer,M,Graduate,Married,Blue
Existing Customer,M,Uneducated,Single,Blue
Existing Customer,M,Unknown,Unknown,Blue
Existing Customer,F,Graduate,Married,Blue
Existing Customer,F,High School,Married,Blue
Existing Customer,F,Unknown,Single,Blue
Existing Customer,F,Uneducated,Unknown,Blue
Existing Customer,F,Post-Graduate,Single,Blue
Existing Customer,M,Doctorate,Single,Platinum
Existing Customer,M,Doctorate,Divorced,Blue
Existing Customer,M,Graduate,Single,Blue
Existing Customer,M,Graduate,Single,Blue
Existing Customer,M,Unknown,Single,Silver
Existing Customer,M,Graduate,Divorced,Blue
Existing Customer,F,High School,Single,Blue
Existing Customer,F,High School,Single,Silver
Existing Customer,M,Unknown,Divorced,Blue
Existing Customer,F,College,Single,Blue
Existing Customer,M,High School,Married,Blue
Existing Customer,F,High School,Single,Blue
Existing Customer,F,Graduate,Married,Blue
Existing Customer,M,Post-Graduate,Divorced,Blue
Existing Customer,F,Uneducated,Married,Blue
Existing Customer,M,High School,Single,Blue
Existing Customer,M,Graduate,Married,Blue
Existing Customer,M,High School,Married,Blue
Existing Customer,F,College,Single,Silver
Existing Customer,F,College,Married,Blue
Existing Customer,M,Graduate,Married,Gold
Existing Customer,M,Post-Graduate,Married,Blue
Existing Customer,F,Doctorate,Single,Silver
Existing Customer,M,High School,Single,Blue
Existing Customer,M,High School,Single,Blue
Existing Customer,F,Uneducated,Unknown,Silver
Existing Customer,M,Graduate,Unknown,Blue
Existing Customer,M,Graduate,Married,Blue
Existing Customer,F,Uneducated,Single,Blue
Existing Customer,M,Graduate,Single,Blue
Attrited Customer,F,Post-Graduate,Single,Blue
Existing Customer,M,Graduate,Married,Blue
Existing Customer,F,Doctorate,Married,Silver
Attrited Customer,F,High School,Single,Blue
Attrited Customer,F,High School,Married,Silver
Existing Customer,M,Uneducated,Single,Silver
Existing Customer,M,Graduate,Married,Blue
Existing Customer,M,Graduate,Unknown,Blue
Existing Customer,M,College,Married,Blue
Existing Customer,F,Doctorate,Married,Blue
Existing Customer,F,Graduate,Single,Blue
Existing Customer,F,Graduate,Married,Blue
Existing Customer,M,High School,Single,Blue
Existing Customer,M,Unknown,Married,Blue
Existing Customer,F,Graduate,Single,Silver
Attrited Customer,F,High School,Married,Silver
Existing Customer,M,Uneducated,Married,Gold
Existing Customer,F,Graduate,Single,Gold
Existing Customer,F,Graduate,Divorced,Blue
Existing Customer,M,Unknown,Unknown,Blue
Existing Customer,M,College,Single,Blue
Existing Customer,M,Doctorate,Unknown,Gold
Existing Customer,M,Graduate,Married,Blue
Existing Customer,F,High School,Married,Blue
Existing Customer,F,High School,Married,Blue
Existing Customer,M,College,Married,Blue
Existing Customer,F,Graduate,Unknown,Blue
Existing Customer,F,Graduate,Unknown,Blue
Existing Customer,M,College,Married,Silver
Existing Customer,M,College,Single,Blue
Existing Customer,M,High School,Single,Blue
Existing Customer,F,Graduate,Married,Blue
Existing Customer,F,Post-Graduate,Single,Blue
Existing Customer,M,Graduate,Married,Silver
Existing Customer,M,Uneducated,Single,Blue
Existing Customer,M,High School,Single,Blue
Existing Customer,M,College,Divorced,Blue
Existing Customer,F,College,Divorced,Blue
Existing Customer,F,Graduate,Single,Blue
Attrited Customer,F,Unknown,Married,Blue
Existing Customer,M,High School,Single,Blue
Existing Customer,M,High School,Single,Gold
Existing Customer,F,Unknown,Married,Blue
Existing Customer,M,High School,Unknown,Blue
Existing Customer,M,Uneducated,Divorced,Blue
Existing Customer,M,High School,Single,Silver
Existing Customer,M,Uneducated,Married,Blue
Existing Customer,F,Unknown,Married,Blue
Existing Customer,F,Graduate,Single,Blue
Existing Customer,F,Unknown,Single,Blue
Existing Customer,M,Graduate,Single,Blue
Existing Customer,F,Doctorate,Married,Blue
Existing Customer,M,Uneducated,Single,Blue
Existing Customer,M,Graduate,Single,Silver
Existing Customer,M,Graduate,Married,Blue
Attrited Customer,M,College,Single,Blue
Existing Customer,M,Uneducated,Married,Blue
Existing Customer,M,High School,Unknown,Blue
Existing Customer,M,Graduate,Single,Blue
Existing Customer,F,High School,Single,Blue
Existing Customer,M,High School,Divorced,Silver
Existing Customer,M,Graduate,Unknown,Silver
Existing Customer,F,Graduate,Unknown,Blue
Existing Customer,M,Uneducated,Single,Blue
Existing Customer,F,High School,Single,Blue
Existing Customer,M,Unknown,Married,Blue
Existing Customer,F,Post-Graduate,Married,Blue
Existing Customer,M,High School,Divorced,Silver
Existing Customer,F,Graduate,Divorced,Blue
Existing Customer,F,High School,Single,Blue
Existing Customer,M,Graduate,Married,Blue
Existing Customer,F,Graduate,Single,Blue
Existing Customer,M,High School,Single,Gold
Existing Customer,M,Unknown,Married,Blue
Attrited Customer,M,Doctorate,Married,Blue
Attrited Customer,F,Graduate,Single,Blue
Existing Customer,M,Uneducated,Single,Blue
Existing Customer,F,College,Single,Blue
Existing Customer,F,Doctorate,Single,Silver
Existing Customer,M,Post-Graduate,Unknown,Silver
Existing Customer,F,Graduate,Single,Blue
Existing Customer,M,Post-Graduate,Unknown,Blue
Existing Customer,F,Uneducated,Married,Blue
Existing Customer,F,College,Married,Silver
Existing Customer,M,High School,Divorced,Blue
Existing Customer,M,Graduate,Married,Blue
Existing Customer,M,High School,Married,Blue
Existing Customer,M,Uneducated,Single,Blue
Attrited Customer,F,Post-Graduate,Single,Blue
Existing Customer,F,Unknown,Unknown,Blue
Existing Customer,M,College,Married,Silver
Attrited Customer,M,Post-Graduate,Single,Blue
Existing Customer,M,Uneducated,Single,Blue
Existing Customer,M,Doctorate,Unknown,Blue
Existing Customer,M,Graduate,Married,Blue
Attrited Customer,F,Unknown,Married,Blue
Attrited Customer,M,High School,Single,Blue
Existing Customer,M,Uneducated,Married,Blue
Attrited Customer,M,Unknown,Unknown,Blue
Existing Customer,M,Graduate,Married,Silver
Existing Customer,M,Graduate,Married,Blue
Existing Customer,M,Graduate,Married,Blue
Existing Customer,F,Uneducated,Unknown,Blue
Existing Customer,F,High School,Single,Blue
Existing Customer,M,Graduate,Married,Silver
Existing Customer,F,College,Married,Silver
Attrited Customer,M,Graduate,Single,Gold
Existing Customer,M,Unknown,Unknown,Silver
Attrited Customer,F,Graduate,Single,Blue
Existing Customer,M,Uneducated,Married,Blue
Attrited Customer,M,Unknown,Single,Blue
Existing Customer,F,High School,Single,Blue
Existing Customer,M,Uneducated,Single,Blue
Existing Customer,F,High School,Married,Blue
Existing Customer,F,College,Single,Blue
Existing Customer,M,Doctorate,Divorced,Blue
Attrited Customer,M,Post-Graduate,Married,Blue
Existing Customer,F,Post-Graduate,Married,Blue
Existing Customer,F,Unknown,Single,Blue
Attrited Customer,M,High School,Married,Blue
Existing Customer,M,Uneducated,Married,Blue
Existing Customer,F,High School,Single,Gold
Existing Customer,F,Uneducated,Unknown,Blue
Attrited Customer,F,High School,Single,Blue
Existing Customer,F,Graduate,Single,Blue
Existing Customer,M,Graduate,Married,Blue
Existing Customer,F,Unknown,Married,Blue
Attrited Customer,F,High School,Single,Blue
Existing Customer,F,Graduate,Married,Silver
Existing Customer,F,Graduate,Unknown,Blue
Existing Customer,F,Graduate,Married,Blue
Existing Customer,F,Graduate,Single,Blue
Existing Customer,F,Uneducated,Married,Blue
Existing Customer,F,Unknown,Single,Blue
Existing Customer,F,College,Married,Blue
Existing Customer,M,Uneducated,Married,Blue
Attrited Customer,M,Post-Graduate,Single,Blue
Existing Customer,F,Graduate,Single,Silver
Existing Customer,M,Graduate,Single,Blue
Existing Customer,F,Unknown,Unknown,Gold
Existing Customer,M,Graduate,Married,Gold
Existing Customer,F,Unknown,Single,Silver
Existing Customer,F,Graduate,Unknown,Blue
Existing Customer,M,Uneducated,Unknown,Blue
Existing Customer,M,Unknown,Single,Gold
Existing Customer,M,High School,Divorced,Blue
Existing Customer,F,Uneducated,Married,Blue
Existing Customer,F,Uneducated,Married,Blue
Existing Customer,M,Unknown,Single,Blue
Existing Customer,F,High School,Married,Blue
Existing Customer,F,Graduate,Single,Blue
Existing Customer,M,Unknown,Married,Blue
Existing Customer,M,Graduate,Married,Silver
Attrited Customer,M,Post-Graduate,Single,Blue
Existing Customer,F,Graduate,Single,Blue
Existing Customer,F,Uneducated,Unknown,Blue
Attrited Customer,M,High School,Single,Blue
Existing Customer,F,High School,Married,Blue
Existing Customer,F,Graduate,Divorced,Blue
Attrited Customer,F,College,Divorced,Blue
Existing Customer,F,College,Married,Blue
Existing Customer,F,Graduate,Unknown,Silver
Existing Customer,M,Uneducated,Married,Silver
Existing Customer,F,Doctorate,Unknown,Gold
Attrited Customer,M,Unknown,Married,Gold
Existing Customer,M,College,Married,Blue
Existing Customer,M,Graduate,Single,Blue
Existing Customer,M,Uneducated,Single,Blue
Existing Customer,F,Graduate,Unknown,Silver
Existing Customer,F,College,Single,Silver
Existing Customer,M,Unknown,Single,Blue
Existing Customer,M,College,Single,Silver
Attrited Customer,M,College,Single,Silver
Existing Customer,F,Graduate,Married,Silver
Existing Customer,M,Unknown,Married,Blue
Existing Customer,M,Unknown,Married,Blue
Existing Customer,M,Graduate,Married,Blue
Existing Customer,M,High School,Unknown,Blue
Existing Customer,F,Graduate,Unknown,Blue
Existing Customer,M,Graduate,Single,Blue
Existing Customer,F,Post-Graduate,Single,Blue
Existing Customer,M,High School,Unknown,Blue
Existing Customer,M,High School,Single,Blue
Existing Customer,F,Graduate,Married,Blue
Existing Customer,F,Unknown,Married,Blue
Existing Customer,F,Unknown,Single,Blue
Existing Customer,M,Graduate,Unknown,Blue
Existing Customer,M,Post-Graduate,Married,Silver
Existing Customer,F,High School,Married,Blue
Existing Customer,M,Unknown,Married,Blue
Existing Customer,M,Graduate,Married,Blue
Existing Customer,F,Unknown,Single,Blue
Existing Customer,F,High School,Single,Blue
Existing Customer,M,Uneducated,Married,Blue
Existing Customer,F,High School,Single,Blue
Existing Customer,M,Graduate,Married,Silver
Attrited Customer,M,High School,Married,Blue
Existing Customer,F,High School,Married,Blue
Attrited Customer,M,Post-Graduate,Married,Silver
Existing Customer,M,Graduate,Single,Blue
Existing Customer,M,College,Single,Blue
Existing Customer,M,Graduate,Divorced,Blue
Attrited Customer,M,Post-Graduate,Married,Platinum
Attrited Customer,F,Unknown,Single,Blue
Existing Customer,M,High School,Married,Blue
Existing Customer,M,Uneducated,Single,Blue
Existing Customer,M,High School,Single,Blue
Existing Customer,M,Uneducated,Married,Blue
Existing Customer,M,Doctorate,Married,Blue
Existing Customer,M,Uneducated,Single,Blue
Existing Customer,M,Uneducated,Married,Blue
Existing Customer,M,College,Married,Gold
Existing Customer,F,High School,Divorced,Silver
Existing Customer,F,College,Married,Blue
Existing Customer,F,High School,Single,Blue
Existing Customer,F,College,Married,Blue
Existing Customer,M,Unknown,Married,Blue
Existing Customer,F,Graduate,Married,Blue
Existing Customer,M,Graduate,Divorced,Silver
Attrited Customer,M,High School,Single,Blue
Attrited Customer,M,College,Single,Blue
Attrited Customer,M,Graduate,Divorced,Silver
Existing Customer,F,Graduate,Married,Gold
Existing Customer,M,Graduate,Single,Blue
Existing Customer,M,High School,Single,Blue
Existing Customer,F,Doctorate,Married,Blue
Existing Customer,M,College,Married,Gold
Attrited Customer,M,Post-Graduate,Single,Blue
Existing Customer,M,Graduate,Single,Blue
Existing Customer,M,Graduate,Single,Blue
Existing Customer,M,High School,Married,Gold
Existing Customer,M,Uneducated,Single,Blue
Existing Customer,F,Unknown,Married,Blue
Existing Customer,M,High School,Unknown,Blue
Existing Customer,F,Graduate,Single,Blue
Existing Customer,M,Uneducated,Married,Blue
Existing Customer,M,Graduate,Single,Platinum
Existing Customer,F,College,Married,Blue
Existing Customer,M,Graduate,Single,Blue
Existing Customer,M,Unknown,Married,Blue
Existing Customer,F,Uneducated,Single,Blue
Existing Customer,M,Unknown,Single,Blue
Attrited Customer,F,Graduate,Single,Blue
Existing Customer,F,Uneducated,Married,Gold
Attrited Customer,M,Graduate,Single,Blue
Existing Customer,M,Graduate,Married,Blue
Existing Customer,F,Doctorate,Married,Silver
Existing Customer,M,Unknown,Married,Blue
Existing Customer,M,Post-Graduate,Married,Blue
Existing Customer,F,College,Single,Blue
Attrited Customer,M,Unknown,Single,Silver
Existing Customer,M,Graduate,Married,Blue
Existing Customer,M,Uneducated,Divorced,Blue
Existing Customer,M,High School,Single,Blue
Existing Customer,M,Graduate,Single,Blue
Existing Customer,M,Uneducated,Single,Blue
Existing Customer,F,High School,Single,Blue
Existing Customer,M,Graduate,Single,Silver
Existing Customer,M,Graduate,Single,Gold
Existing Customer,M,College,Single,Blue
Existing Customer,M,Graduate,Married,Blue
Existing Customer,M,Graduate,Single,Silver
Existing Customer,M,Graduate,Single,Blue
Existing Customer,F,High School,Single,Blue
Existing Customer,M,Uneducated,Married,Blue
Existing Customer,M,College,Single,Silver
Existing Customer,F,Graduate,Single,Blue
Attrited Customer,M,Unknown,Single,Blue
Existing Customer,M,Graduate,Divorced,Silver
Existing Customer,M,Unknown,Single,Blue
Existing Customer,F,Graduate,Unknown,Blue
Existing Customer,M,Post-Graduate,Single,Gold
Existing Customer,F,Uneducated,Married,Blue
Existing Customer,M,Unknown,Married,Silver
Existing Customer,M,Uneducated,Single,Blue
Attrited Customer,M,Unknown,Unknown,Blue
Existing Customer,M,Graduate,Married,Blue
Existing Customer,M,High School,Unknown,Blue
Existing Customer,M,High School,Divorced,Blue
Attrited Customer,M,High School,Divorced,Blue
Existing Customer,M,College,Single,Blue
Existing Customer,F,Post-Graduate,Single,Blue
Existing Customer,M,College,Single,Blue
Existing Customer,F,Graduate,Married,Blue
Existing Customer,M,College,Married,Blue
Existing Customer,M,Unknown,Single,Blue
Existing Customer,M,High School,Married,Blue
Existing Customer,F,Uneducated,Married,Blue
Existing Customer,F,Graduate,Single,Silver
Existing Customer,F,High School,Married,Blue
Existing Customer,M,Graduate,Married,Blue
Attrited Customer,M,Post-Graduate,Married,Blue
Existing Customer,F,Graduate,Married,Blue
Existing Customer,F,Unknown,Divorced,Blue
Existing Customer,M,Graduate,Divorced,Blue
Existing Customer,F,Graduate,Single,Blue
Existing Customer,F,Doctorate,Single,Blue
Existing Customer,F,Graduate,Divorced,Blue
Attrited Customer,F,Graduate,Single,Silver
Existing Customer,F,Unknown,Married,Blue
Attrited Customer,M,Post-Graduate,Unknown,Blue
Existing Customer,M,College,Married,Blue
Existing Customer,M,Uneducated,Single,Blue
Existing Customer,M,Graduate,Single,Blue
Existing Customer,M,Unknown,Unknown,Blue
Existing Customer,M,Graduate,Married,Silver
Attrited Customer,M,College,Divorced,Blue
Existing Customer,M,High School,Married,Blue
Existing Customer,F,Uneducated,Single,Blue
Existing Customer,M,College,Divorced,Blue
Existing Customer,F,High School,Married,Blue
Existing Customer,F,Unknown,Single,Blue
Existing Customer,M,Unknown,Single,Silver
Existing Customer,M,Post-Graduate,Single,Blue
Existing Customer,M,Graduate,Single,Blue
Existing Customer,M,Graduate,Married,Gold
Existing Customer,M,Uneducated,Single,Blue
Existing Customer,M,High School,Married,Blue
Existing Customer,M,Uneducated,Unknown,Silver
Existing Customer,M,Unknown,Single,Blue
Existing Customer,M,College,Unknown,Blue
Existing Customer,M,College,Unknown,Blue
Existing Customer,F,Graduate,Married,Blue
Existing Customer,F,Graduate,Divorced,Blue
Existing Customer,M,Graduate,Married,Blue
Existing Customer,M,Uneducated,Single,Blue
Existing Customer,M,Graduate,Single,Gold
Existing Customer,M,Graduate,Single,Blue
Existing Customer,M,College,Single,Blue
Attrited Customer,F,College,Unknown,Blue
Existing Customer,M,Graduate,Married,Blue
Attrited Customer,F,Graduate,Married,Silver
Existing Customer,M,Uneducated,Unknown,Silver
Existing Customer,M,High School,Married,Blue
Existing Customer,M,High School,Single,Blue
Existing Customer,F,Unknown,Single,Blue
Existing Customer,F,High School,Unknown,Blue
Existing Customer,M,Graduate,Married,Blue
Attrited Customer,M,Graduate,Single,Blue
Existing Customer,M,Graduate,Single,Blue
Existing Customer,F,Unknown,Married,Blue
Existing Customer,F,Uneducated,Divorced,Blue
Existing Customer,F,Graduate,Single,Blue
Existing Customer,M,Graduate,Married,Silver
Existing Customer,M,Unknown,Married,Blue
Existing Customer,F,Unknown,Married,Blue
Existing Customer,M,Graduate,Married,Silver
Attrited Customer,F,High School,Married,Blue
Existing Customer,F,Unknown,Single,Gold
Attrited Customer,F,High School,Married,Blue
Existing Customer,F,Uneducated,Single,Blue
Existing Customer,M,Graduate,Single,Silver
Existing Customer,F,College,Unknown,Blue
Attrited Customer,F,College,Single,Blue
Existing Customer,F,Graduate,Unknown,Blue
Existing Customer,M,Uneducated,Married,Blue
Attrited Customer,M,High School,Married,Blue
Existing Customer,M,Graduate,Unknown,Blue
Existing Customer,M,Post-Graduate,Married,Blue
Existing Customer,M,Graduate,Single,Blue
Existing Customer,M,Uneducated,Single,Blue
Existing Customer,M,Graduate,Single,Blue
Existing Customer,M,Graduate,Married,Blue
Existing Customer,M,Doctorate,Married,Blue
Existing Customer,M,Uneducated,Married,Blue
Attrited Customer,M,High School,Single,Blue
Attrited Customer,M,Unknown,Married,Blue
Existing Customer,F,Graduate,Married,Silver
Existing Customer,M,Uneducated,Unknown,Blue
Existing Customer,F,High School,Single,Gold
Existing Customer,F,Doctorate,Married,Blue
Existing Customer,M,Uneducated,Married,Blue
Existing Customer,M,High School,Unknown,Silver
Existing Customer,F,College,Single,Gold
Existing Customer,F,Uneducated,Single,Blue
Existing Customer,M,Graduate,Married,Blue
Existing Customer,M,Graduate,Married,Blue
Existing Customer,M,Graduate,Married,Blue
Existing Customer,M,Graduate,Married,Blue
Existing Customer,F,College,Divorced,Blue
Existing Customer,M,Uneducated,Married,Blue
Existing Customer,M,Graduate,Single,Blue
Existing Customer,M,Uneducated,Single,Blue
Existing Customer,M,Doctorate,Single,Gold
Existing Customer,F,Graduate,Married,Blue
Existing Customer,F,Uneducated,Married,Blue
Attrited Customer,M,Post-Graduate,Unknown,Gold
Existing Customer,M,High School,Married,Blue
Existing Customer,F,Uneducated,Single,Blue
Existing Customer,M,Unknown,Single,Blue
Existing Customer,M,Unknown,Married,Blue
Existing Customer,M,Graduate,Married,Silver
Existing Customer,F,Graduate,Single,Blue
Existing Customer,M,High School,Married,Blue
Existing Customer,M,High School,Single,Gold
Existing Customer,M,Graduate,Married,Blue
Existing Customer,M,High School,Divorced,Blue
Existing Customer,M,Post-Graduate,Married,Blue
Existing Customer,M,High School,Married,Blue
Existing Customer,M,Uneducated,Single,Blue
Attrited Customer,M,Post-Graduate,Married,Blue
Existing Customer,M,Graduate,Married,Blue
Attrited Customer,M,Unknown,Married,Blue
Existing Customer,M,Unknown,Unknown,Blue
Existing Customer,M,College,Married,Silver
Existing Customer,F,Unknown,Single,Blue
Existing Customer,M,Graduate,Single,Silver
Attrited Customer,F,Graduate,Single,Platinum
Existing Customer,M,Unknown,Married,Silver
Existing Customer,F,Graduate,Single,Blue
Existing Customer,M,Unknown,Married,Platinum
Existing Customer,M,High School,Married,Blue
Existing Customer,M,Unknown,Single,Gold
Attrited Customer,M,Post-Graduate,Single,Blue
Existing Customer,M,Uneducated,Married,Silver
Existing Customer,F,Uneducated,Divorced,Silver
Existing Customer,M,Uneducated,Single,Blue
Existing Customer,F,Unknown,Single,Platinum
Existing Customer,F,Graduate,Single,Silver
Existing Customer,M,High School,Single,Blue
Existing Customer,M,Uneducated,Single,Silver
Existing Customer,F,College,Single,Blue
Existing Customer,F,Unknown,Single,Gold
Existing Customer,F,Uneducated,Divorced,Silver
Attrited Customer,F,Graduate,Single,Blue
Existing Customer,F,High School,Married,Silver
Attrited Customer,M,High School,Married,Blue
Existing Customer,F,Unknown,Single,Blue
Existing Customer,M,College,Married,Silver
Existing Customer,M,Graduate,Single,Silver
Existing Customer,F,Unknown,Divorced,Silver
Existing Customer,M,College,Married,Blue
Existing Customer,M,High School,Single,Blue
Existing Customer,M,Uneducated,Married,Blue
Existing Customer,F,Graduate,Married,Blue
Existing Customer,M,Graduate,Single,Silver
Attrited Customer,F,High School,Unknown,Blue
Existing Customer,M,Unknown,Married,Silver
Attrited Customer,M,Graduate,Single,Blue
Attrited Customer,M,High School,Single,Blue
Attrited Customer,M,Unknown,Unknown,Blue
Attrited Customer,F,Graduate,Single,Platinum
Existing Customer,F,Uneducated,Divorced,Silver
Existing Customer,M,Graduate,Divorced,Blue
Existing Customer,M,Graduate,Single,Blue
Existing Customer,F,Unknown,Married,Blue
Existing Customer,M,College,Single,Gold
Existing Customer,M,Uneducated,Single,Blue
Existing Customer,M,Unknown,Single,Silver
Existing Customer,M,High School,Divorced,Blue
Existing Customer,M,High School,Unknown,Blue
Attrited Customer,F,Unknown,Single,Blue
Existing Customer,M,Graduate,Married,Platinum
Existing Customer,M,Graduate,Married,Blue
Existing Customer,M,High School,Unknown,Blue
Existing Customer,F,Uneducated,Single,Silver
Existing Customer,F,Graduate,Single,Silver
Existing Customer,M,Graduate,Single,Blue
Existing Customer,F,Unknown,Unknown,Blue
Attrited Customer,M,Unknown,Married,Blue
Attrited Customer,F,High School,Married,Blue
Existing Customer,M,High School,Married,Blue
Existing Customer,F,Graduate,Divorced,Blue
Existing Customer,F,Graduate,Single,Blue
Existing Customer,M,Graduate,Married,Blue
Existing Customer,M,Graduate,Unknown,Blue
Existing Customer,F,Uneducated,Single,Platinum
Existing Customer,M,High School,Married,Blue
Attrited Customer,F,Graduate,Single,Blue
Existing Customer,F,Post-Graduate,Single,Blue
Existing Customer,F,Unknown,Married,Blue
Existing Customer,F,High School,Single,Blue
Existing Customer,F,Uneducated,Divorced,Blue
Existing Customer,F,Graduate,Single,Blue
Attrited Customer,M,Unknown,Single,Blue
Attrited Customer,M,Unknown,Single,Blue
Attrited Customer,F,Uneducated,Married,Blue
Existing Customer,M,Graduate,Married,Blue
Existing Customer,M,Unknown,Single,Blue
Existing Customer,F,Graduate,Married,Silver
Existing Customer,F,Unknown,Single,Blue
Attrited Customer,F,High School,Single,Blue
Existing Customer,F,Graduate,Single,Blue
Attrited Customer,M,College,Married,Blue
Existing Customer,M,Graduate,Unknown,Blue
Existing Customer,M,High School,Single,Blue
Existing Customer,M,Unknown,Single,Blue
Existing Customer,M,Unknown,Married,Silver
Attrited Customer,F,College,Single,Blue
Existing Customer,F,Graduate,Married,Blue
Existing Customer,F,High School,Married,Silver
Attrited Customer,F,Graduate,Married,Silver
Existing Customer,M,Graduate,Divorced,Blue
Existing Customer,F,High School,Single,Blue
Existing Customer,M,Graduate,Divorced,Blue
Attrited Customer,M,Graduate,Single,Blue
Attrited Customer,F,Uneducated,Single,Silver
Attrited Customer,M,Uneducated,Single,Blue
Existing Customer,F,Graduate,Divorced,Blue
Existing Customer,F,Uneducated,Married,Blue
Existing Customer,M,Graduate,Single,Silver
Existing Customer,F,High School,Single,Silver
Attrited Customer,M,Uneducated,Married,Blue
Existing Customer,F,Graduate,Divorced,Silver
Existing Customer,M,High School,Single,Gold
Attrited Customer,F,Unknown,Married,Blue
Existing Customer,F,Unknown,Married,Blue
Existing Customer,F,Graduate,Married,Blue
Existing Customer,F,Graduate,Divorced,Blue
Existing Customer,M,Uneducated,Married,Blue
Existing Customer,M,Doctorate,Married,Blue
Attrited Customer,M,Uneducated,Married,Blue
Existing Customer,F,Unknown,Married,Blue
Existing Customer,M,High School,Married,Blue
Existing Customer,M,Uneducated,Unknown,Blue
Existing Customer,M,Post-Graduate,Single,Blue
Existing Customer,F,High School,Married,Blue
Existing Customer,M,Doctorate,Married,Blue
Existing Customer,F,Uneducated,Married,Blue
Existing Customer,F,Doctorate,Married,Blue
Existing Customer,M,High School,Single,Blue
Existing Customer,M,Graduate,Married,Blue
Attrited Customer,F,Graduate,Single,Platinum
Existing Customer,M,Graduate,Single,Blue
Existing Customer,F,Uneducated,Married,Blue
Existing Customer,M,High School,Divorced,Blue
Attrited Customer,M,Graduate,Unknown,Blue
Existing Customer,M,Unknown,Married,Silver
Existing Customer,M,Uneducated,Unknown,Blue
Existing Customer,M,Unknown,Single,Silver
Existing Customer,F,Unknown,Single,Silver
Existing Customer,M,Graduate,Single,Blue
Existing Customer,F,Graduate,Single,Blue
Attrited Customer,F,Uneducated,Married,Blue
Attrited Customer,M,Uneducated,Divorced,Blue
Existing Customer,F,High School,Married,Silver
Existing Customer,F,Uneducated,Divorced,Blue
Existing Customer,F,High School,Single,Blue
Existing Customer,F,Uneducated,Unknown,Blue
Attrited Customer,M,Uneducated,Married,Blue
Attrited Customer,F,Uneducated,Single,Blue
Existing Customer,M,Graduate,Married,Blue
Existing Customer,F,Graduate,Unknown,Blue
Existing Customer,M,High School,Married,Blue
Existing Customer,M,High School,Single,Blue
Existing Customer,F,Graduate,Married,Silver
Existing Customer,M,High School,Divorced,Blue
Existing Customer,M,High School,Single,Blue
Attrited Customer,M,High School,Single,Blue
Existing Customer,F,Unknown,Married,Blue
Attrited Customer,M,Graduate,Married,Blue
Attrited Customer,F,Unknown,Married,Blue
Existing Customer,M,Uneducated,Single,Silver
Existing Customer,F,Graduate,Married,Silver
Existing Customer,M,College,Single,Blue
Existing Customer,M,Graduate,Unknown,Blue
Existing Customer,M,Graduate,Divorced,Blue
Attrited Customer,F,Graduate,Married,Gold
Existing Customer,F,High School,Married,Blue
Existing Customer,M,College,Single,Blue
Attrited Customer,M,High School,Married,Silver
Existing Customer,F,Uneducated,Married,Blue
Attrited Customer,M,Uneducated,Married,Blue
Attrited Customer,M,Uneducated,Unknown,Blue
Existing Customer,M,Unknown,Single,Blue
Attrited Customer,F,Graduate,Married,Blue
Attrited Customer,M,College,Married,Blue
Attrited Customer,M,Graduate,Single,Silver
Existing Customer,F,Graduate,Single,Blue
Attrited Customer,F,Graduate,Single,Blue
Attrited Customer,M,Graduate,Single,Silver
Attrited Customer,M,Uneducated,Married,Blue
Existing Customer,M,Uneducated,Single,Blue
Existing Customer,M,Doctorate,Single,Blue
Existing Customer,M,Uneducated,Single,Blue
Existing Customer,F,Graduate,Divorced,Blue
Existing Customer,F,Graduate,Single,Blue
Existing Customer,M,College,Married,Blue
Existing Customer,M,Graduate,Single,Blue
Attrited Customer,F,Graduate,Single,Blue
Existing Customer,M,Unknown,Single,Blue
Existing Customer,M,Graduate,Single,Silver
Existing Customer,F,High School,Married,Blue
Attrited Customer,M,College,Single,Blue
Attrited Customer,F,Unknown,Married,Blue
Existing Customer,M,Graduate,Divorced,Blue
Existing Customer,M,Graduate,Married,Silver
Existing Customer,M,Uneducated,Divorced,Blue
Existing Customer,M,Post-Graduate,Married,Blue
Attrited Customer,F,Unknown,Single,Blue
Existing Customer,M,Unknown,Single,Gold
Existing Customer,M,Unknown,Single,Blue
Existing Customer,F,Doctorate,Married,Silver
Existing Customer,M,Uneducated,Single,Blue
Existing Customer,F,High School,Married,Blue
Existing Customer,F,Unknown,Married,Silver
Existing Customer,M,College,Single,Blue
Existing Customer,F,Uneducated,Single,Blue
Existing Customer,M,Post-Graduate,Married,Silver
Existing Customer,F,Unknown,Married,Blue
Existing Customer,F,Unknown,Single,Blue
Existing Customer,F,Graduate,Unknown,Blue
Existing Customer,F,High School,Unknown,Blue
Existing Customer,F,Graduate,Divorced,Blue
Existing Customer,F,Unknown,Married,Silver
Attrited Customer,F,College,Single,Blue
Existing Customer,F,Graduate,Married,Blue
Attrited Customer,M,Post-Graduate,Married,Blue
Existing Customer,M,High School,Married,Blue
Existing Customer,F,High School,Single,Blue
Existing Customer,M,Graduate,Single,Gold
Existing Customer,M,Graduate,Married,Blue
Existing Customer,F,High School,Single,Blue
Existing Customer,F,Uneducated,Married,Blue
Existing Customer,F,Unknown,Single,Silver
Existing Customer,F,High School,Married,Blue
Attrited Customer,M,Graduate,Married,Blue
Existing Customer,M,Unknown,Single,Blue
Existing Customer,F,Uneducated,Unknown,Silver
Attrited Customer,M,Uneducated,Single,Silver
Attrited Customer,M,Unknown,Single,Blue
Existing Customer,F,Graduate,Married,Blue
Existing Customer,M,High School,Married,Silver
Existing Customer,M,Unknown,Single,Blue
Attrited Customer,M,High School,Single,Blue
Existing Customer,M,Graduate,Married,Blue
Existing Customer,M,Unknown,Married,Blue
Existing Customer,F,Graduate,Married,Blue
Existing Customer,M,Post-Graduate,Married,Blue
Existing Customer,M,College,Single,Gold
Existing Customer,M,High School,Married,Blue
Existing Customer,M,Graduate,Single,Blue
Existing Customer,F,Uneducated,Married,Blue
Existing Customer,M,College,Married,Blue
Existing Customer,M,College,Unknown,Silver
Existing Customer,F,Graduate,Married,Blue
Existing Customer,M,Uneducated,Single,Blue
Existing Customer,M,Post-Graduate,Single,Silver
Attrited Customer,M,High School,Single,Blue
Existing Customer,M,High School,Married,Blue
Existing Customer,F,Graduate,Single,Silver
Attrited Customer,M,Graduate,Single,Blue
Existing Customer,M,Unknown,Married,Blue
Existing Customer,M,Graduate,Single,Blue
Existing Customer,M,Unknown,Single,Blue
Existing Customer,M,Uneducated,Married,Platinum
Attrited Customer,F,Uneducated,Married,Gold
Existing Customer,F,College,Single,Blue
Existing Customer,M,Graduate,Unknown,Silver
Existing Customer,F,Graduate,Married,Silver
Existing Customer,M,Unknown,Divorced,Blue
Existing Customer,M,Graduate,Single,Blue
Attrited Customer,M,Graduate,Married,Blue
Existing Customer,F,Unknown,Single,Silver
Existing Customer,F,Graduate,Unknown,Silver
Existing Customer,M,Unknown,Married,Blue
Existing Customer,M,Post-Graduate,Single,Blue
Existing Customer,M,Graduate,Married,Blue
Existing Customer,M,Post-Graduate,Married,Platinum
Existing Customer,F,High School,Married,Blue
Attrited Customer,F,Graduate,Married,Blue
Attrited Customer,M,Graduate,Single,Gold
Existing Customer,F,Unknown,Married,Silver
Existing Customer,M,Unknown,Married,Blue
Existing Customer,M,College,Married,Blue
Existing Customer,M,Uneducated,Single,Blue
Attrited Customer,M,College,Single,Blue
Existing Customer,M,High School,Married,Blue
Existing Customer,F,Graduate,Unknown,Blue
Existing Customer,M,Graduate,Married,Blue
Existing Customer,F,Uneducated,Divorced,Blue
Existing Customer,M,Unknown,Unknown,Blue
Attrited Customer,M,Unknown,Unknown,Blue
Attrited Customer,M,Post-Graduate,Divorced,Blue
Existing Customer,M,High School,Single,Blue
Existing Customer,F,Unknown,Married,Blue
Attrited Customer,F,Graduate,Single,Blue
Existing Customer,M,Doctorate,Single,Blue
Existing Customer,F,Graduate,Unknown,Blue
Existing Customer,F,Graduate,Single,Blue
Existing Customer,M,High School,Married,Silver
Existing Customer,F,High School,Single,Blue
Existing Customer,M,Uneducated,Unknown,Blue
Existing Customer,M,College,Married,Gold
Existing Customer,M,College,Married,Blue
Attrited Customer,M,High School,Married,Blue
Existing Customer,M,Unknown,Single,Silver
Existing Customer,M,Unknown,Single,Silver
Existing Customer,M,Graduate,Married,Blue
Existing Customer,M,College,Single,Gold
Existing Customer,M,Graduate,Unknown,Silver
Existing Customer,F,Graduate,Single,Blue
Existing Customer,M,Graduate,Married,Blue
Existing Customer,F,High School,Single,Blue
Existing Customer,F,High School,Single,Blue
Attrited Customer,F,Graduate,Divorced,Blue
Existing Customer,M,High School,Married,Blue
Attrited Customer,F,Graduate,Married,Silver
Existing Customer,F,Graduate,Single,Silver
Existing Customer,F,Unknown,Married,Blue
Existing Customer,M,High School,Married,Blue
Existing Customer,F,Unknown,Married,Blue
Attrited Customer,M,Unknown,Single,Blue
Existing Customer,M,Unknown,Divorced,Blue
Existing Customer,M,Graduate,Married,Gold
Existing Customer,F,High School,Single,Blue
Existing Customer,M,Uneducated,Married,Silver
Existing Customer,M,Graduate,Single,Blue
Attrited Customer,M,Unknown,Married,Silver
Existing Customer,M,Uneducated,Single,Blue
Existing Customer,F,Unknown,Married,Blue
Existing Customer,F,College,Single,Silver
Existing Customer,M,High School,Single,Blue
Existing Customer,M,Uneducated,Married,Blue
Attrited Customer,M,Post-Graduate,Unknown,Blue
Existing Customer,M,Uneducated,Single,Blue
Existing Customer,F,Graduate,Single,Blue
Existing Customer,M,Post-Graduate,Single,Silver
Existing Customer,F,Uneducated,Married,Blue
Existing Customer,F,Unknown,Single,Silver
Existing Customer,M,High School,Single,Blue
Attrited Customer,M,Uneducated,Single,Blue
Existing Customer,M,Graduate,Married,Blue
Existing Customer,F,Graduate,Married,Blue
Existing Customer,F,Doctorate,Single,Blue
Existing Customer,M,High School,Single,Silver
Existing Customer,M,High School,Married,Gold
Attrited Customer,F,College,Single,Blue
Attrited Customer,M,High School,Divorced,Blue
Existing Customer,M,High School,Unknown,Blue
Existing Customer,M,High School,Unknown,Blue
Existing Customer,F,Graduate,Single,Blue
Existing Customer,M,Graduate,Married,Blue
Existing Customer,F,Unknown,Single,Blue
Existing Customer,F,Unknown,Married,Blue
Existing Customer,M,Uneducated,Married,Blue
Existing Customer,M,Graduate,Married,Gold
Existing Customer,M,Post-Graduate,Married,Blue
Existing Customer,M,Graduate,Unknown,Blue
Attrited Customer,M,Graduate,Single,Blue
Existing Customer,F,High School,Unknown,Blue
Existing Customer,F,High School,Single,Silver
Existing Customer,M,Uneducated,Married,Blue
Existing Customer,F,Graduate,Married,Blue
Existing Customer,M,High School,Married,Blue
Existing Customer,M,Unknown,Single,Blue
Existing Customer,M,Post-Graduate,Single,Blue
Attrited Customer,M,Post-Graduate,Single,Blue
Attrited Customer,M,High School,Single,Blue
Existing Customer,M,Post-Graduate,Single,Blue
Existing Customer,M,College,Married,Gold
Existing Customer,M,Uneducated,Married,Silver
Existing Customer,M,Uneducated,Single,Blue
Existing Customer,M,Graduate,Married,Blue
Attrited Customer,M,Graduate,Married,Blue
Attrited Customer,M,Unknown,Married,Gold
Existing Customer,F,Graduate,Married,Blue
Attrited Customer,M,College,Married,Blue
Existing Customer,M,Uneducated,Married,Blue
Existing Customer,M,Graduate,Married,Blue
Existing Customer,M,Graduate,Married,Blue
Existing Customer,M,Graduate,Married,Silver
Existing Customer,M,Doctorate,Married,Blue
Existing Customer,M,High School,Single,Blue
Existing Customer,F,Uneducated,Single,Blue
Existing Customer,F,Post-Graduate,Married,Blue
Existing Customer,F,College,Single,Gold
Existing Customer,F,Uneducated,Single,Blue
Existing Customer,M,Unknown,Married,Blue
Existing Customer,M,Unknown,Single,Blue
Existing Customer,M,Doctorate,Unknown,Blue
Attrited Customer,M,High School,Married,Blue
Existing Customer,M,Graduate,Single,Blue
Existing Customer,M,High School,Divorced,Silver
Attrited Customer,F,Uneducated,Divorced,Blue
Existing Customer,M,High School,Married,Blue
Existing Customer,F,Unknown,Married,Blue
Existing Customer,M,High School,Married,Blue
Existing Customer,M,College,Married,Blue
Existing Customer,M,High School,Single,Blue
Existing Customer,F,Unknown,Married,Silver
Existing Customer,M,Graduate,Married,Blue
Existing Customer,M,Graduate,Married,Blue
Attrited Customer,M,Unknown,Divorced,Blue
Existing Customer,M,Graduate,Single,Blue
Existing Customer,M,Uneducated,Married,Blue
Existing Customer,F,Unknown,Married,Silver
Existing Customer,M,Graduate,Single,Blue
Existing Customer,M,Unknown,Single,Silver
Attrited Customer,F,High School,Married,Blue
Existing Customer,M,Post-Graduate,Married,Blue
Existing Customer,M,Graduate,Single,Blue
Existing Customer,M,Post-Graduate,Unknown,Blue
Existing Customer,F,Uneducated,Single,Blue
Existing Customer,M,College,Unknown,Silver
Existing Customer,M,Graduate,Single,Silver
Attrited Customer,M,Graduate,Married,Silver
Attrited Customer,M,Uneducated,Unknown,Blue
Existing Customer,F,Graduate,Married,Blue
Existing Customer,M,Graduate,Single,Blue
Attrited Customer,M,High School,Unknown,Silver
Existing Customer,M,Unknown,Unknown,Platinum
Existing Customer,M,Graduate,Divorced,Silver
Attrited Customer,F,Doctorate,Married,Blue
Existing Customer,M,Unknown,Single,Blue
Existing Customer,M,Post-Graduate,Single,Blue
Existing Customer,F,Graduate,Unknown,Blue
Existing Customer,F,Graduate,Single,Blue
Existing Customer,F,High School,Married,Blue
Existing Customer,F,Unknown,Single,Blue
Attrited Customer,M,Uneducated,Single,Blue
Existing Customer,M,Uneducated,Married,Blue
Attrited Customer,F,Unknown,Single,Silver
Attrited Customer,M,Graduate,Single,Silver
Existing Customer,M,Unknown,Married,Blue
Existing Customer,F,Doctorate,Single,Blue
Existing Customer,M,High School,Married,Blue
Existing Customer,M,College,Married,Blue
Existing Customer,F,Uneducated,Single,Blue
Existing Customer,F,Unknown,Divorced,Blue
Existing Customer,M,Uneducated,Married,Blue
Attrited Customer,M,Graduate,Divorced,Blue
Attrited Customer,F,Graduate,Unknown,Blue
Existing Customer,M,Graduate,Single,Blue
Attrited Customer,M,Uneducated,Single,Blue
Existing Customer,M,Uneducated,Single,Blue
Existing Customer,M,Uneducated,Married,Blue
Existing Customer,F,Post-Graduate,Single,Blue
Existing Customer,M,Graduate,Married,Blue
Existing Customer,M,High School,Married,Blue
Existing Customer,F,Graduate,Married,Blue
Attrited Customer,M,Graduate,Married,Blue
Attrited Customer,F,Graduate,Single,Blue
Existing Customer,M,Graduate,Married,Silver
Existing Customer,F,High School,Divorced,Blue
Existing Customer,F,College,Unknown,Blue
Existing Customer,M,Graduate,Divorced,Blue
Existing Customer,F,Graduate,Married,Blue
Existing Customer,F,Unknown,Married,Blue
Existing Customer,M,High School,Single,Blue
Existing Customer,M,Unknown,Divorced,Blue
Existing Customer,M,Uneducated,Single,Blue
Existing Customer,F,Graduate,Married,Blue
Existing Customer,F,Post-Graduate,Single,Blue
Existing Customer,M,Graduate,Single,Blue
Existing Customer,M,High School,Married,Blue
Existing Customer,F,Graduate,Single,Blue
Existing Customer,F,Post-Graduate,Single,Blue
Existing Customer,F,Unknown,Married,Blue
Existing Customer,F,Doctorate,Single,Blue
Existing Customer,F,College,Single,Blue
Existing Customer,M,Graduate,Single,Blue
Attrited Customer,M,Graduate,Unknown,Gold
Existing Customer,F,High School,Single,Blue
Existing Customer,M,Uneducated,Married,Blue
Existing Customer,M,High School,Married,Blue
Existing Customer,M,Post-Graduate,Married,Blue
Existing Customer,F,Graduate,Single,Blue
Existing Customer,F,High School,Single,Blue
Existing Customer,F,College,Single,Blue
Existing Customer,M,High School,Married,Blue
Existing Customer,F,High School,Unknown,Silver
Existing Customer,F,High School,Married,Blue
Existing Customer,M,Graduate,Married,Blue
Existing Customer,F,Graduate,Divorced,Silver
Attrited Customer,M,Graduate,Single,Blue
Existing Customer,M,Unknown,Single,Blue
Existing Customer,F,Unknown,Single,Blue
Existing Customer,F,Unknown,Unknown,Blue
Attrited Customer,M,Graduate,Single,Blue
Existing Customer,M,Graduate,Married,Blue
Existing Customer,M,Graduate,Married,Blue
Attrited Customer,M,Graduate,Divorced,Blue
Existing Customer,F,Unknown,Single,Blue
Existing Customer,M,Graduate,Single,Gold
Existing Customer,M,Uneducated,Married,Blue
Attrited Customer,M,Unknown,Single,Blue
Existing Customer,F,Graduate,Divorced,Blue
Existing Customer,F,Unknown,Married,Silver
Attrited Customer,M,Uneducated,Married,Blue
Existing Customer,F,Graduate,Single,Blue
Existing Customer,M,Unknown,Single,Blue
Attrited Customer,M,Graduate,Married,Blue
Existing Customer,M,Uneducated,Married,Blue
Attrited Customer,F,Post-Graduate,Divorced,Blue
Existing Customer,M,Graduate,Married,Blue
Existing Customer,F,Uneducated,Single,Blue
Existing Customer,M,Uneducated,Married,Silver
Existing Customer,F,Graduate,Married,Silver
Existing Customer,F,High School,Single,Platinum
Attrited Customer,M,College,Single,Blue
Attrited Customer,M,Unknown,Married,Blue
Existing Customer,M,Uneducated,Single,Silver
Existing Customer,M,High School,Single,Blue
Existing Customer,F,Unknown,Married,Blue
Existing Customer,F,High School,Married,Blue
Attrited Customer,F,Unknown,Married,Silver
Attrited Customer,M,College,Single,Blue
Existing Customer,M,College,Married,Silver
Existing Customer,M,High School,Single,Blue
Attrited Customer,M,Post-Graduate,Single,Silver
Existing Customer,M,Uneducated,Married,Blue
Existing Customer,M,Graduate,Single,Silver
Attrited Customer,M,Graduate,Married,Blue
Attrited Customer,M,Uneducated,Married,Blue
Attrited Customer,M,Unknown,Married,Blue
Attrited Customer,M,College,Single,Blue
Existing Customer,F,Graduate,Married,Blue
Attrited Customer,F,Uneducated,Single,Blue
Attrited Customer,M,Unknown,Unknown,Blue
Existing Customer,F,Graduate,Single,Blue
Existing Customer,M,Graduate,Divorced,Blue
Existing Customer,M,Graduate,Married,Blue
Existing Customer,M,High School,Single,Blue
Existing Customer,F,Uneducated,Married,Blue
Attrited Customer,M,Unknown,Single,Blue
Existing Customer,M,High School,Married,Blue
Attrited Customer,M,Graduate,Single,Blue
Existing Customer,M,Graduate,Married,Blue
Existing Customer,M,Unknown,Married,Silver
Existing Customer,M,Graduate,Married,Silver
Existing Customer,M,Uneducated,Married,Blue
Existing Customer,M,Post-Graduate,Married,Blue
Existing Customer,M,Graduate,Married,Blue
Existing Customer,M,Graduate,Single,Blue
Existing Customer,F,High School,Married,Blue
Existing Customer,M,High School,Married,Blue
Existing Customer,F,Doctorate,Married,Silver
Existing Customer,F,Graduate,Married,Gold
Existing Customer,F,College,Divorced,Gold
Existing Customer,F,Graduate,Married,Blue
Existing Customer,F,High School,Single,Blue
Existing Customer,F,High School,Single,Blue
Existing Customer,M,High School,Married,Silver
Existing Customer,F,Unknown,Married,Blue
Existing Customer,F,Uneducated,Married,Blue
Attrited Customer,M,Post-Graduate,Unknown,Blue
Existing Customer,F,High School,Divorced,Blue
Attrited Customer,M,Post-Graduate,Single,Blue
Existing Customer,M,Uneducated,Single,Blue
Existing Customer,M,High School,Single,Blue
Attrited Customer,M,High School,Single,Gold
Existing Customer,M,Unknown,Unknown,Blue
Existing Customer,M,College,Single,Blue
Existing Customer,F,High School,Married,Blue
Existing Customer,M,Doctorate,Single,Blue
Existing Customer,M,Uneducated,Single,Blue
Existing Customer,M,College,Single,Blue
Existing Customer,M,High School,Married,Blue
Existing Customer,F,Uneducated,Married,Blue
Existing Customer,F,Graduate,Unknown,Blue
Attrited Customer,F,Uneducated,Single,Gold
Existing Customer,M,Graduate,Married,Blue
Existing Customer,F,Graduate,Married,Blue
Existing Customer,F,Unknown,Married,Blue
Existing Customer,F,High School,Married,Blue
Existing Customer,M,Graduate,Single,Blue
Existing Customer,M,Uneducated,Married,Platinum
Attrited Customer,M,High School,Single,Silver
Existing Customer,F,High School,Married,Blue
Existing Customer,F,Post-Graduate,Divorced,Blue
Existing Customer,M,Graduate,Married,Blue
Attrited Customer,F,High School,Single,Blue
Existing Customer,M,Graduate,Single,Gold
Attrited Customer,F,Uneducated,Married,Blue
Existing Customer,M,Uneducated,Married,Blue
Attrited Customer,M,Post-Graduate,Single,Blue
Attrited Customer,F,Uneducated,Single,Gold
Existing Customer,M,Graduate,Single,Silver
Existing Customer,M,High School,Married,Blue
Existing Customer,F,High School,Married,Blue
Attrited Customer,M,College,Married,Blue
Attrited Customer,F,High School,Single,Blue
Existing Customer,M,Graduate,Married,Blue
Existing Customer,F,High School,Married,Blue
Existing Customer,M,Graduate,Married,Blue
Existing Customer,M,Uneducated,Married,Blue
Existing Customer,M,Unknown,Single,Silver
Attrited Customer,F,Unknown,Single,Blue
Existing Customer,F,Uneducated,Married,Silver
Attrited Customer,F,Uneducated,Married,Blue
Existing Customer,M,College,Married,Blue
Existing Customer,F,Graduate,Married,Blue
Existing Customer,M,Graduate,Single,Gold
Existing Customer,M,Post-Graduate,Married,Blue
Existing Customer,M,Uneducated,Single,Blue
Existing Customer,M,Unknown,Single,Blue
Existing Customer,F,Doctorate,Single,Blue
Existing Customer,F,Uneducated,Single,Silver
Existing Customer,F,High School,Married,Blue
Existing Customer,M,High School,Single,Blue
Existing Customer,M,High School,Married,Blue
Existing Customer,F,High School,Married,Blue
Existing Customer,M,Uneducated,Single,Blue
Attrited Customer,M,Graduate,Single,Silver
Existing Customer,M,Unknown,Married,Blue
Existing Customer,M,Graduate,Married,Blue
Existing Customer,M,College,Single,Blue
Attrited Customer,F,Post-Graduate,Unknown,Blue
Existing Customer,M,Graduate,Single,Blue
Attrited Customer,M,Graduate,Married,Blue
Existing Customer,F,Graduate,Married,Blue
Existing Customer,F,College,Single,Silver
Existing Customer,F,High School,Single,Silver
Attrited Customer,M,Unknown,Married,Blue
Existing Customer,M,Unknown,Single,Blue
Existing Customer,M,High School,Married,Blue
Attrited Customer,M,College,Married,Blue
Attrited Customer,M,Unknown,Single,Blue
Existing Customer,F,Graduate,Single,Blue
Existing Customer,M,College,Married,Blue
Attrited Customer,M,High School,Single,Blue
Existing Customer,F,Doctorate,Married,Silver
Existing Customer,M,Post-Graduate,Single,Blue
Existing Customer,M,High School,Married,Blue
Existing Customer,F,Graduate,Married,Blue
Existing Customer,F,Unknown,Unknown,Blue
Existing Customer,F,College,Single,Silver
Existing Customer,M,College,Single,Blue
Attrited Customer,F,Doctorate,Married,Blue
Existing Customer,F,Uneducated,Married,Blue
Existing Customer,M,Post-Graduate,Single,Silver
Attrited Customer,M,Graduate,Married,Blue
Existing Customer,M,Graduate,Married,Blue
Existing Customer,F,Unknown,Married,Blue
Existing Customer,M,Uneducated,Married,Blue
Attrited Customer,M,Unknown,Single,Blue
Attrited Customer,M,Graduate,Married,Blue
Existing Customer,M,Uneducated,Unknown,Blue
Existing Customer,M,College,Married,Gold
Existing Customer,F,High School,Unknown,Blue
Existing Customer,M,Graduate,Single,Blue
Attrited Customer,M,College,Single,Blue
Attrited Customer,F,High School,Married,Blue
Attrited Customer,F,Unknown,Single,Blue
Existing Customer,F,Post-Graduate,Single,Blue
Existing Customer,F,Uneducated,Married,Blue
Attrited Customer,F,Graduate,Married,Blue
Existing Customer,M,Graduate,Single,Silver
Attrited Customer,M,Graduate,Married,Blue
Existing Customer,M,Graduate,Unknown,Silver
Existing Customer,F,Graduate,Single,Blue
Existing Customer,M,Unknown,Single,Blue
Existing Customer,M,Uneducated,Married,Blue
Existing Customer,F,Uneducated,Divorced,Blue
Existing Customer,F,High School,Married,Blue
Existing Customer,F,Graduate,Married,Blue
Attrited Customer,F,Unknown,Single,Blue
Existing Customer,M,Doctorate,Single,Silver
Existing Customer,F,High School,Divorced,Blue
Existing Customer,M,Post-Graduate,Single,Blue
Existing Customer,M,Post-Graduate,Single,Blue
Existing Customer,F,Unknown,Unknown,Blue
Attrited Customer,M,Uneducated,Married,Silver
Existing Customer,F,Graduate,Single,Blue
Existing Customer,M,Graduate,Married,Silver
Attrited Customer,M,Uneducated,Single,Blue
Existing Customer,F,College,Married,Blue
Existing Customer,F,Uneducated,Married,Silver
Existing Customer,M,High School,Single,Blue
Existing Customer,M,Graduate,Married,Blue
Existing Customer,F,Unknown,Single,Blue
Existing Customer,M,Uneducated,Married,Blue
Attrited Customer,M,College,Single,Silver
Attrited Customer,M,Doctorate,Single,Blue
Existing Customer,F,Post-Graduate,Married,Blue
Existing Customer,M,Uneducated,Married,Blue
Existing Customer,M,Graduate,Single,Blue
Existing Customer,M,Graduate,Married,Blue
Existing Customer,F,High School,Single,Blue
Existing Customer,M,Graduate,Divorced,Blue
Existing Customer,F,Uneducated,Married,Blue
Attrited Customer,F,Uneducated,Unknown,Silver
Existing Customer,M,Graduate,Married,Blue
Existing Customer,M,Uneducated,Single,Blue
Existing Customer,F,High School,Single,Blue
Existing Customer,M,Graduate,Single,Blue
Existing Customer,F,Graduate,Married,Gold
Attrited Customer,M,Uneducated,Unknown,Blue
Attrited Customer,F,Graduate,Married,Blue
Existing Customer,M,Graduate,Married,Blue
Existing Customer,F,Graduate,Single,Blue
Existing Customer,F,Graduate,Married,Blue
Existing Customer,F,Unknown,Single,Silver
Existing Customer,F,High School,Married,Blue
Existing Customer,F,Uneducated,Married,Blue
Attrited Customer,M,Post-Graduate,Married,Blue
Existing Customer,M,Graduate,Single,Blue
Existing Customer,M,Graduate,Married,Blue
Existing Customer,M,Uneducated,Married,Blue
Existing Customer,M,High School,Single,Silver
Attrited Customer,M,Graduate,Single,Blue
Existing Customer,F,Post-Graduate,Married,Blue
Attrited Customer,M,Unknown,Married,Blue
Existing Customer,M,Uneducated,Single,Blue
Attrited Customer,F,Graduate,Married,Silver
Existing Customer,M,Unknown,Married,Blue
Attrited Customer,M,Graduate,Married,Blue
Attrited Customer,M,High School,Unknown,Blue
Existing Customer,M,High School,Single,Blue
Existing Customer,M,High School,Single,Blue
Existing Customer,F,Graduate,Single,Blue
Existing Customer,M,Unknown,Married,Blue
Existing Customer,F,College,Married,Silver
Existing Customer,F,Graduate,Unknown,Silver
Existing Customer,M,College,Married,Blue
Attrited Customer,M,High School,Married,Blue
Attrited Customer,M,Graduate,Single,Blue
Attrited Customer,M,High School,Married,Blue
Existing Customer,M,High School,Divorced,Blue
Existing Customer,F,High School,Married,Blue
Existing Customer,M,Unknown,Unknown,Blue
Existing Customer,F,Unknown,Divorced,Blue
Existing Customer,M,Uneducated,Married,Silver
Existing Customer,M,Uneducated,Single,Blue
Attrited Customer,M,Graduate,Divorced,Silver
Attrited Customer,F,Doctorate,Single,Blue
Existing Customer,F,Uneducated,Married,Blue
Existing Customer,F,Graduate,Single,Blue
Existing Customer,F,Uneducated,Unknown,Blue
Existing Customer,F,Doctorate,Divorced,Blue
Attrited Customer,M,Graduate,Married,Silver
Existing Customer,F,High School,Married,Blue
Attrited Customer,M,Uneducated,Single,Blue
Existing Customer,M,Uneducated,Married,Blue
Existing Customer,F,Unknown,Married,Blue
Attrited Customer,M,College,Single,Blue
Attrited Customer,M,Post-Graduate,Single,Silver
Existing Customer,M,High School,Married,Blue
Existing Customer,M,High School,Unknown,Blue
Existing Customer,M,College,Married,Blue
Existing Customer,F,Unknown,Single,Blue
Attrited Customer,F,Graduate,Single,Silver
Existing Customer,M,Unknown,Married,Blue
Attrited Customer,M,High School,Married,Gold
Attrited Customer,M,Graduate,Divorced,Blue
Attrited Customer,F,High School,Single,Blue
Existing Customer,M,Post-Graduate,Unknown,Blue
Existing Customer,F,Uneducated,Unknown,Blue
Attrited Customer,M,Unknown,Married,Blue
Existing Customer,F,Doctorate,Single,Blue
Existing Customer,M,Uneducated,Unknown,Blue
Existing Customer,M,Graduate,Married,Blue
Existing Customer,M,Graduate,Married,Blue
Attrited Customer,F,Uneducated,Unknown,Blue
Existing Customer,M,Unknown,Married,Blue
Existing Customer,M,College,Married,Blue
Attrited Customer,M,Graduate,Divorced,Silver
Attrited Customer,M,Unknown,Married,Blue
Existing Customer,M,Graduate,Married,Blue
Attrited Customer,F,Graduate,Married,Blue
Existing Customer,M,Post-Graduate,Married,Blue
Existing Customer,M,Post-Graduate,Married,Blue
Existing Customer,F,Graduate,Single,Blue
Existing Customer,M,College,Married,Silver
Existing Customer,F,Unknown,Married,Blue
Attrited Customer,M,Graduate,Single,Blue
Existing Customer,M,Post-Graduate,Single,Blue
Existing Customer,F,Graduate,Divorced,Blue
Attrited Customer,M,High School,Single,Blue
Existing Customer,F,High School,Married,Blue
Attrited Customer,M,High School,Single,Blue
Attrited Customer,F,Post-Graduate,Single,Blue
Existing Customer,M,Graduate,Single,Blue
Existing Customer,M,Post-Graduate,Single,Blue
Existing Customer,F,College,Single,Blue
Existing Customer,F,Uneducated,Single,Silver
Existing Customer,M,Graduate,Single,Platinum
Existing Customer,M,Graduate,Married,Blue
Existing Customer,F,Graduate,Married,Blue
Existing Customer,F,Doctorate,Divorced,Silver
Existing Customer,M,College,Married,Blue
Attrited Customer,F,High School,Single,Blue
Existing Customer,M,Graduate,Married,Blue
Existing Customer,M,Unknown,Single,Blue
Existing Customer,F,Unknown,Single,Blue
Attrited Customer,M,Unknown,Single,Blue
Existing Customer,F,Graduate,Married,Blue
Existing Customer,F,High School,Single,Silver
Existing Customer,M,High School,Married,Blue
Existing Customer,M,Graduate,Married,Blue
Existing Customer,F,High School,Single,Silver
Existing Customer,M,Uneducated,Single,Blue
Existing Customer,F,Uneducated,Single,Blue
Existing Customer,M,College,Married,Blue
Attrited Customer,M,Doctorate,Married,Blue
Existing Customer,M,High School,Single,Gold
Attrited Customer,M,Graduate,Married,Blue
Existing Customer,M,High School,Single,Blue
Attrited Customer,M,High School,Single,Blue
Existing Customer,M,Graduate,Married,Silver
Existing Customer,M,Graduate,Single,Blue
Existing Customer,M,Uneducated,Married,Blue
Attrited Customer,F,Post-Graduate,Married,Silver
Existing Customer,F,High School,Divorced,Blue
Attrited Customer,M,Uneducated,Married,Silver
Existing Customer,M,Post-Graduate,Divorced,Blue
Existing Customer,F,Graduate,Single,Platinum
Attrited Customer,M,Graduate,Married,Blue
Attrited Customer,F,Graduate,Married,Blue
Existing Customer,M,Unknown,Single,Blue
Existing Customer,F,Doctorate,Married,Blue
Existing Customer,M,Graduate,Divorced,Blue
Existing Customer,F,Graduate,Divorced,Blue
Existing Customer,M,High School,Divorced,Blue
Existing Customer,F,Graduate,Single,Blue
Existing Customer,F,College,Married,Blue
Attrited Customer,M,Doctorate,Single,Silver
Attrited Customer,F,Graduate,Single,Blue
Existing Customer,M,College,Married,Blue
Existing Customer,M,Graduate,Married,Silver
Existing Customer,M,Uneducated,Married,Blue
Existing Customer,M,High School,Single,Silver
Existing Customer,F,Post-Graduate,Divorced,Blue
Existing Customer,M,High School,Married,Blue
Existing Customer,M,High School,Single,Blue
Attrited Customer,M,High School,Single,Blue
Existing Customer,F,College,Married,Blue
Existing Customer,M,High School,Married,Blue
Existing Customer,M,College,Unknown,Blue
Existing Customer,F,High School,Single,Blue
Existing Customer,F,Uneducated,Single,Blue
Attrited Customer,M,Uneducated,Married,Blue
Existing Customer,M,High School,Single,Silver
Existing Customer,M,Uneducated,Married,Silver
Existing Customer,F,Graduate,Single,Blue
Existing Customer,M,Unknown,Single,Blue
Attrited Customer,M,High School,Married,Blue
Attrited Customer,F,Unknown,Single,Silver
Existing Customer,F,Post-Graduate,Married,Blue
Existing Customer,M,Graduate,Unknown,Gold
Existing Customer,F,Graduate,Divorced,Silver
Existing Customer,F,Unknown,Unknown,Blue
Existing Customer,M,Unknown,Unknown,Blue
Existing Customer,M,College,Married,Blue
Existing Customer,F,High School,Single,Blue
Attrited Customer,F,Graduate,Single,Blue
Attrited Customer,M,Graduate,Single,Blue
Existing Customer,M,Post-Graduate,Single,Silver
Existing Customer,M,High School,Single,Blue
Existing Customer,F,College,Single,Blue
Existing Customer,M,Unknown,Single,Blue
Existing Customer,M,Graduate,Single,Gold
Existing Customer,M,Unknown,Married,Blue
Existing Customer,M,High School,Single,Blue
Attrited Customer,F,Uneducated,Single,Blue
Attrited Customer,F,Unknown,Single,Blue
Existing Customer,M,Graduate,Single,Blue
Existing Customer,M,Unknown,Single,Blue
Existing Customer,M,Unknown,Married,Blue
Existing Customer,M,Graduate,Married,Blue
Existing Customer,M,High School,Married,Silver
Existing Customer,F,Uneducated,Married,Blue
Existing Customer,M,Graduate,Divorced,Silver
Existing Customer,M,Graduate,Single,Blue
Attrited Customer,F,Uneducated,Single,Blue
Attrited Customer,M,Unknown,Single,Blue
Existing Customer,M,Graduate,Divorced,Blue
Existing Customer,F,Graduate,Single,Gold
Existing Customer,M,Graduate,Married,Blue
Attrited Customer,M,Unknown,Married,Blue
Existing Customer,M,Post-Graduate,Divorced,Blue
Existing Customer,M,High School,Single,Silver
Existing Customer,F,Unknown,Single,Blue
Existing Customer,F,College,Single,Silver
Attrited Customer,M,Graduate,Married,Blue
Existing Customer,F,Uneducated,Divorced,Blue
Existing Customer,M,Graduate,Divorced,Blue
Existing Customer,M,Uneducated,Single,Blue
Existing Customer,F,Graduate,Married,Blue
Existing Customer,F,Graduate,Single,Blue
Existing Customer,M,Doctorate,Married,Blue
Existing Customer,F,High School,Single,Silver
Existing Customer,M,Graduate,Married,Silver
Existing Customer,M,College,Single,Blue
Attrited Customer,M,Uneducated,Married,Blue
Existing Customer,F,Graduate,Married,Blue
Existing Customer,M,Unknown,Single,Blue
Existing Customer,F,Unknown,Married,Blue
Existing Customer,M,Post-Graduate,Single,Blue
Existing Customer,F,Graduate,Married,Blue
Attrited Customer,M,Unknown,Married,Blue
Attrited Customer,M,College,Single,Blue
Existing Customer,M,High School,Single,Blue
Existing Customer,M,High School,Married,Blue
Attrited Customer,M,Uneducated,Married,Blue
Existing Customer,F,High School,Single,Silver
Attrited Customer,M,Graduate,Single,Gold
Attrited Customer,M,Graduate,Married,Blue
Attrited Customer,M,Uneducated,Single,Silver
Attrited Customer,F,Unknown,Single,Blue
Existing Customer,M,Uneducated,Married,Blue
Existing Customer,M,Uneducated,Married,Blue
Attrited Customer,M,Graduate,Married,Blue
Existing Customer,M,Uneducated,Divorced,Blue
Existing Customer,F,Unknown,Divorced,Blue
Existing Customer,M,Graduate,Unknown,Blue
Existing Customer,M,High School,Unknown,Blue
Attrited Customer,F,Graduate,Single,Blue
Existing Customer,F,Uneducated,Single,Silver
Existing Customer,M,College,Married,Silver
Existing Customer,M,Uneducated,Married,Blue
Attrited Customer,M,High School,Married,Blue
Existing Customer,M,Unknown,Married,Blue
Existing Customer,M,Unknown,Married,Silver
Existing Customer,F,Graduate,Married,Blue
Existing Customer,F,Graduate,Unknown,Silver
Attrited Customer,F,Graduate,Married,Silver
Existing Customer,M,Graduate,Single,Blue
Existing Customer,M,Doctorate,Single,Blue
Existing Customer,M,High School,Single,Blue
Attrited Customer,M,Unknown,Single,Blue
Existing Customer,M,College,Married,Blue
Existing Customer,M,Post-Graduate,Married,Silver
Attrited Customer,M,Uneducated,Married,Blue
Existing Customer,M,Graduate,Married,Silver
Attrited Customer,F,Uneducated,Married,Blue
Existing Customer,F,Doctorate,Married,Gold
Existing Customer,M,Post-Graduate,Married,Blue
Existing Customer,F,Graduate,Single,Blue
Existing Customer,F,Unknown,Single,Blue
Existing Customer,F,Unknown,Single,Blue
Existing Customer,M,High School,Married,Blue
Attrited Customer,F,Doctorate,Single,Gold
Attrited Customer,F,High School,Single,Blue
Existing Customer,M,High School,Single,Silver
Existing Customer,M,Graduate,Single,Blue
Attrited Customer,F,Unknown,Married,Blue
Existing Customer,M,Unknown,Married,Blue
Existing Customer,M,College,Single,Silver
Existing Customer,M,High School,Divorced,Blue
Attrited Customer,M,Graduate,Single,Blue
Existing Customer,M,Doctorate,Married,Blue
Existing Customer,M,Graduate,Single,Blue
Existing Customer,F,Graduate,Single,Blue
Attrited Customer,F,Uneducated,Divorced,Blue
Existing Customer,M,High School,Married,Gold
Existing Customer,F,College,Married,Blue
Existing Customer,M,Graduate,Married,Blue
Existing Customer,F,Doctorate,Single,Blue
Attrited Customer,M,College,Single,Silver
Existing Customer,M,High School,Single,Blue
Existing Customer,M,Unknown,Married,Blue
Existing Customer,F,High School,Single,Blue
Existing Customer,M,Graduate,Married,Blue
Attrited Customer,M,Uneducated,Married,Blue
Existing Customer,M,Graduate,Divorced,Blue
Attrited Customer,M,Unknown,Married,Blue
Existing Customer,F,Graduate,Married,Blue
Existing Customer,M,Graduate,Married,Silver
Existing Customer,M,High School,Single,Silver
Existing Customer,M,Uneducated,Married,Silver
Attrited Customer,F,Doctorate,Married,Blue
Existing Customer,M,High School,Married,Silver
Existing Customer,F,College,Unknown,Blue
Attrited Customer,M,High School,Single,Blue
Existing Customer,M,High School,Married,Blue
Attrited Customer,F,Graduate,Single,Blue
Existing Customer,M,Doctorate,Divorced,Blue
Attrited Customer,F,High School,Unknown,Blue
Attrited Customer,F,Graduate,Married,Blue
Attrited Customer,M,Graduate,Married,Blue
Attrited Customer,F,Unknown,Married,Blue
Attrited Customer,M,High School,Single,Blue
Existing Customer,M,College,Married,Blue
Existing Customer,F,Graduate,Married,Blue
Existing Customer,F,Graduate,Single,Blue
Existing Customer,F,Graduate,Single,Blue
Existing Customer,M,Graduate,Married,Gold
Existing Customer,F,Graduate,Married,Blue
Existing Customer,M,Graduate,Single,Blue
Existing Customer,F,High School,Single,Silver
Existing Customer,M,High School,Single,Blue
Attrited Customer,M,Graduate,Divorced,Blue
Existing Customer,F,Graduate,Single,Blue
Existing Customer,M,Uneducated,Single,Blue
Existing Customer,M,Graduate,Married,Blue
Existing Customer,M,Graduate,Unknown,Gold
Existing Customer,M,Unknown,Married,Blue
Attrited Customer,F,Doctorate,Single,Blue
Existing Customer,M,Unknown,Married,Blue
Existing Customer,M,College,Single,Blue
Existing Customer,M,High School,Married,Blue
Existing Customer,F,Doctorate,Married,Blue
Existing Customer,M,Graduate,Married,Blue
Existing Customer,F,Unknown,Married,Blue
Attrited Customer,M,Graduate,Married,Blue
Attrited Customer,M,College,Married,Blue
Existing Customer,M,Graduate,Married,Gold
Attrited Customer,M,Uneducated,Single,Blue
Attrited Customer,M,High School,Single,Silver
Attrited Customer,M,Post-Graduate,Single,Blue
Existing Customer,F,Uneducated,Single,Blue
Attrited Customer,F,Doctorate,Single,Blue
Attrited Customer,M,Graduate,Single,Silver
Existing Customer,F,Uneducated,Single,Blue
Existing Customer,M,Uneducated,Single,Blue
Existing Customer,M,Graduate,Married,Blue
Existing Customer,F,Uneducated,Married,Blue
Existing Customer,M,Graduate,Married,Blue
Existing Customer,F,High School,Single,Blue
Existing Customer,M,College,Married,Blue
Existing Customer,M,Post-Graduate,Married,Blue
Attrited Customer,F,High School,Unknown,Silver
Attrited Customer,M,High School,Divorced,Silver
Existing Customer,M,Uneducated,Unknown,Blue
Attrited Customer,F,Uneducated,Married,Blue
Existing Customer,F,Uneducated,Married,Silver
Existing Customer,M,Graduate,Single,Blue
Existing Customer,M,High School,Unknown,Silver
Attrited Customer,M,Unknown,Single,Blue
Existing Customer,M,Doctorate,Married,Blue
Existing Customer,M,Graduate,Married,Blue
Existing Customer,M,High School,Single,Blue
Existing Customer,F,Uneducated,Single,Blue
Existing Customer,M,Graduate,Married,Blue
Existing Customer,F,Graduate,Divorced,Blue
Existing Customer,M,High School,Divorced,Blue
Existing Customer,M,Graduate,Single,Silver
Existing Customer,F,High School,Single,Blue
Existing Customer,M,Graduate,Married,Blue
Existing Customer,M,Unknown,Married,Silver
Existing Customer,F,Uneducated,Married,Blue
Existing Customer,F,Graduate,Married,Blue
Existing Customer,M,Uneducated,Married,Gold
Existing Customer,M,High School,Married,Silver
Existing Customer,M,Graduate,Single,Blue
Existing Customer,M,Graduate,Single,Silver
Attrited Customer,F,Unknown,Married,Blue
Existing Customer,F,Unknown,Married,Blue
Existing Customer,M,High School,Single,Blue
Attrited Customer,F,Graduate,Married,Blue
Existing Customer,M,High School,Single,Blue
Existing Customer,M,Unknown,Single,Blue
Existing Customer,M,Unknown,Married,Blue
Existing Customer,M,College,Single,Blue
Existing Customer,M,High School,Single,Blue
Attrited Customer,M,Graduate,Single,Silver
Existing Customer,F,Graduate,Single,Blue
Existing Customer,M,Graduate,Unknown,Silver
Existing Customer,M,Graduate,Unknown,Blue
Existing Customer,F,Uneducated,Single,Blue
Attrited Customer,M,High School,Married,Blue
Existing Customer,M,Graduate,Single,Silver
Attrited Customer,F,High School,Married,Blue
Existing Customer,F,Graduate,Single,Blue
Attrited Customer,M,Graduate,Single,Blue
Attrited Customer,M,Graduate,Divorced,Blue
Existing Customer,M,High School,Single,Blue
Existing Customer,M,Graduate,Single,Silver
Existing Customer,M,Graduate,Single,Blue
Attrited Customer,M,College,Married,Gold
Attrited Customer,M,High School,Divorced,Blue
Existing Customer,M,Graduate,Married,Blue
Existing Customer,M,Uneducated,Single,Blue
Existing Customer,M,College,Single,Blue
Existing Customer,M,Graduate,Married,Blue
Attrited Customer,M,Unknown,Unknown,Blue
Attrited Customer,F,Uneducated,Single,Blue
Existing Customer,M,High School,Single,Blue
Existing Customer,F,Graduate,Single,Blue
Existing Customer,M,Graduate,Single,Blue
Attrited Customer,M,Unknown,Divorced,Blue
Attrited Customer,F,High School,Married,Blue
Attrited Customer,M,Graduate,Unknown,Blue
Attrited Customer,F,Graduate,Married,Silver
